case,cores,method,makespan,baseline_makespan,speedup,added_copy_bytes,plan_path,plan_sha256,evidence
case_001,1,official_singlecore,233110,233110,1.0,0,solutions/1cores/case_001_multicore_res.json,d5753ab9908d0b6f0e08f468483eb9df898272d3f675fa9253ec80f9a325a92e,new_full_search_and_replay
case_001,2,component_round_robin,116868,233110,1.9946435294520313,1152,solutions/2cores/case_001_multicore_res.json,0040a23dc730aa8e8fe425b4ff3ea2a72aefcd3b896a9f9efafc82f7de6897a5,new_full_search_and_replay
case_001,3,component_round_robin,78545,233110,2.9678528232223567,2304,solutions/3cores/case_001_multicore_res.json,a6063c8a12cfb0cb464ac7480454ac2e51d5e31e3416f5d0166d7481869d3b67,new_full_search_and_replay
case_001,4,component_round_robin,58984,233110,3.952088702020887,3456,solutions/4cores/case_001_multicore_res.json,eeccf28f989ea7980e959263b12ef31c0385c9a3fc32aae307f00370374fe8f6,new_full_search_and_replay
case_001,5,component_round_robin,47502,233110,4.9073723211654245,4608,solutions/5cores/case_001_multicore_res.json,3963d4ccddacb77293b6bfe4fb886fcee56d01e3410255737c44d548e7a6b586,delivered_method_reconstruction_and_replay
case_002,1,official_singlecore,261945,261945,1.0,0,solutions/1cores/case_002_multicore_res.json,dddf63d4ee08a357e8b9541eeccd32b08633fec4729541de8e48c5ce1f422907,new_full_search_and_replay
case_002,2,window16_heft,133697,261945,1.9592436629094145,27648,solutions/2cores/case_002_multicore_res.json,d2e363bf67e137e9717c8d0b01bde2bbbee6e80461e1d4cea4e1afc505064e2a,new_full_search_and_replay
case_002,3,window12_heft,92552,261945,2.8302467801884346,56832,solutions/3cores/case_002_multicore_res.json,e4b29c420a2bfb65f0b107b7586b2fda9555edb72f1356b9d92c955939d7366a,new_full_search_and_replay
case_002,4,window12_heft,71033,261945,3.687652217983191,56832,solutions/4cores/case_002_multicore_res.json,f61bd56a1155e37284130924b57ebc4b389758e3bdaab7852b2e4d0f800c8a1e,new_full_search_and_replay
case_002,5,hybrid20_10,60113,261945,4.357543293463976,144384,solutions/5cores/case_002_multicore_res.json,6c5bccea3ec782b6429e137a1180b91e901675a7bfd7a3b047f68e51ec5c394e,delivered_method_reconstruction_and_replay
case_003,1,official_singlecore,602212,602212,1.0,0,solutions/1cores/case_003_multicore_res.json,59e61548feaac7f30e65f6e04ca4e46b9086de91c1484308305fc0f77f4d4eae,new_full_search_and_replay
case_003,2,hybrid20_10,370467,602212,1.625548294449978,6317832,solutions/2cores/case_003_multicore_res.json,a2fb433b13543e0dd3253b393d640335605eca2534500fa51bc88271af553f7a,new_full_search_and_replay
case_003,3,window10_heft,273294,602212,2.2035317277364306,8736448,solutions/3cores/case_003_multicore_res.json,ac7d31a9481ecd97d5482974fdd4c4048e9b84025851b6301f2089f1dda77fe4,new_full_search_and_replay
case_003,4,window10_lowcomm,227420,602212,2.648016885058482,8736448,solutions/4cores/case_003_multicore_res.json,96e2f591b2a97c20951ff58142b2fb34fb5c0c2d3ddf1ca805ecde1617f36a28,new_full_search_and_replay
case_003,5,heft_cal_w10_b0.2,204139,602212,2.950009552314844,8736448,solutions/5cores/case_003_multicore_res.json,a431f3560c7d4ef5569d245cfa61b8c789b8a6cd88d7dd061c3438322090e255,delivered_method_reconstruction_and_replay
case_004,1,official_singlecore,392357,392357,1.0,0,solutions/1cores/case_004_multicore_res.json,2be095fa21b5a684c0942382e4142aacda3287bbe85f3ede09ab7a5f720f5245,new_full_search_and_replay
case_004,2,component_round_robin,199074,392357,1.9709103147573264,110592,solutions/2cores/case_004_multicore_res.json,98de9bc9f39570a287ffd2e1129e9e78c5a3d5fc2142f4281fb36438113305da,new_full_search_and_replay
case_004,3,component_round_robin,134043,392357,2.927098020784375,221184,solutions/3cores/case_004_multicore_res.json,db11d22050df733605df72113c4dc0f630b4a3c8f308066e288422624de26ac1,new_full_search_and_replay
case_004,4,component_round_robin,104188,392357,3.765855952700887,331776,solutions/4cores/case_004_multicore_res.json,dbfebd8373e1d3cdb8c36910e549a95832b684e9e1d6fedef1939150c3c09bb9,new_full_search_and_replay
case_004,5,component_round_robin,88341,392357,4.441391879195391,442368,solutions/5cores/case_004_multicore_res.json,64dfb598f993236d36d0905d10ea638ffc12ba0e401c4468a6163c543301d4f5,delivered_method_reconstruction_and_replay
case_005,1,official_singlecore,95618,95618,1.0,0,solutions/1cores/case_005_multicore_res.json,211f957dba459390e4ce523f4c2fef4afd01dd3b8380d80aabdd3d6e313d3a13,new_full_search_and_replay
case_005,2,window16_heft,73560,95618,1.2998640565524742,1551834,solutions/2cores/case_005_multicore_res.json,8afa40fdd4759735b1aeba560f281cb45d750d4fc898c306a34ec0896c9814cd,new_full_search_and_replay
case_005,3,window16_heft,65325,95618,1.4637275162648298,1551834,solutions/3cores/case_005_multicore_res.json,ceefd470c5f396c5fdbd33b7753189aca227c30f66bcf83b5e59d37c56df6db1,new_full_search_and_replay
case_005,4,hybrid32_16,62335,95618,1.5339375952514638,1521370,solutions/4cores/case_005_multicore_res.json,c3592ba0ebcf0f1cebfe729f60e77f0a244ed81c17b68d96689cc798e8ba4a01,new_full_search_and_replay
case_005,5,vw24_10_t15_peftins,46176,95618,2.0707293832293834,1942148,solutions/5cores/case_005_multicore_res.json,0a7a22fb9fd6d033a5136e3cb9bb714b370ffe214e0140313e147d9411726173,delivered_method_reconstruction_and_replay
case_006,1,official_singlecore,82837,82837,1.0,16400,solutions/1cores/case_006_multicore_res.json,f88394e2c9cc3a1bd23c7d4e85f870f94e95b020d1b8db96ceeeb36638bb08b9,new_full_search_and_replay
case_006,2,component_batches_128,41557,82837,1.9933344562889526,24192,solutions/2cores/case_006_multicore_res.json,12a3acb647e04c348e062c4f752d0c352104e5673c59f465ebee31332abdb973,new_full_search_and_replay
case_006,3,component_batches_128,31151,82837,2.6592083721228854,36992,solutions/3cores/case_006_multicore_res.json,03270d077d453a6d642b6d28c84a119707c3b2a7545c5a9ebf9f03daf5eed6a7,new_full_search_and_replay
case_006,4,scene_a_spine,25042,82837,3.307922689881,271572,solutions/4cores/case_006_multicore_res.json,02c47e9e5b1e866cf8e7df8d396b9889e2eb6606999b96817e896402000c9dac,new_full_search_and_replay
case_006,5,scene_a_spine,21188,82837,3.909618652067208,271572,solutions/5cores/case_006_multicore_res.json,7fc6da5be2fd09c298db53abfafede7ed57842cec7a9bd1a4e8b04fbdc5cc713,delivered_method_reconstruction_and_replay
case_007,1,official_singlecore,1012562,1012562,1.0,0,solutions/1cores/case_007_multicore_res.json,daec296d7670a2cdf14726837593f233992cb2924cc05aea99b64cd3d98ba3dc,new_full_search_and_replay
case_007,2,component_round_robin,507494,1012562,1.9952196479170197,27648,solutions/2cores/case_007_multicore_res.json,2ee81bc3343bcce06ac3d1c31877f472130c56e8e0cecf967c321ce3934cbd76,new_full_search_and_replay
case_007,3,component_round_robin,338094,1012562,2.994912657426633,55296,solutions/3cores/case_007_multicore_res.json,67ccd6e068f401d0a4c57a1b2cab26e3fb24369c1c79947d59565057665adc13,new_full_search_and_replay
case_007,4,component_round_robin,254398,1012562,3.980227831979811,82944,solutions/4cores/case_007_multicore_res.json,e05fe6918ffc9bbe70da434052284f9d91e75031429543a8001becb4e748a97e,new_full_search_and_replay
case_007,5,component_round_robin,203834,1012562,4.967581463347626,110592,solutions/5cores/case_007_multicore_res.json,fb131946dabbd1e453472bef81501caf18a00c1156f85a710df7e8d169904bc2,delivered_method_reconstruction_and_replay
case_008,1,official_singlecore,487605,487605,1.0,0,solutions/1cores/case_008_multicore_res.json,9e837531d5fc299623938b51cd3f5363fd3b18cedeafa36ff575eb419ad17f94,new_full_search_and_replay
case_008,2,component_round_robin,244266,487605,1.9962049568912579,0,solutions/2cores/case_008_multicore_res.json,f7f35ecdde538a97ce99791a152aec2ab46a0decc7a3e1a04acdacd74ee79ae6,new_full_search_and_replay
case_008,3,component_round_robin,163359,487605,2.984867684057811,0,solutions/3cores/case_008_multicore_res.json,eb1e2d30f797edf54a7049d5aa23c677eba17e34520625e3000e6ab32e8084b2,new_full_search_and_replay
case_008,4,component_round_robin,123060,487605,3.962335446123842,0,solutions/4cores/case_008_multicore_res.json,b49c0a346e6d083cfb5956a769ddd1d3fc3806b5b7e50b9aafd0d609903cc902,new_full_search_and_replay
case_008,5,component_round_robin,100603,487605,4.846823653370178,0,solutions/5cores/case_008_multicore_res.json,44a04d4e63cc94a2b56ef602cc8cc01e75c1b0bfc13f51071212c548ed73489b,delivered_method_reconstruction_and_replay
case_009,1,official_singlecore,153261,153261,1.0,0,solutions/1cores/case_009_multicore_res.json,3eb4d1451332199a40830977b5bfaadeb4b0199ac5531752766b9415c783fab2,new_full_search_and_replay
case_009,2,component_lpt,92198,153261,1.66230286991041,0,solutions/2cores/case_009_multicore_res.json,fce9d6b92c229296718e18bfedb26f60986324bf19a92837654a85ca456e5209,new_full_search_and_replay
case_009,3,window16_heft,91440,153261,1.6760826771653543,809214,solutions/3cores/case_009_multicore_res.json,2330df8b91d4a638cb4c4f1cf016817302c76836e33a67915e0d566fa17982e5,new_full_search_and_replay
case_009,4,window16_heft,83225,153261,1.8415259837789126,809214,solutions/4cores/case_009_multicore_res.json,54b9c5493e0999d368e6ff94584fe2d81ca0a68eb5076a3c89ea398d0dd681fd,new_full_search_and_replay
case_009,5,vw24_8_t25_peftins,50979,153261,3.0063555581710117,1195408,solutions/5cores/case_009_multicore_res.json,80e66f0ecb38162f5d3df52bf0a45f25200f17b24e481a42d2e6d3b1301a384f,delivered_method_reconstruction_and_replay
case_010,1,official_singlecore,86969,86969,1.0,0,solutions/1cores/case_010_multicore_res.json,04cf08aa1e3b9223bb51277aea1d2486a7135d2448de77afd4863cc503d17534,new_full_search_and_replay
case_010,2,component_pipe_balance,45626,86969,1.9061280848638933,48384,solutions/2cores/case_010_multicore_res.json,9aa6460ad87e5725f984e94c0d0318f197ad928ddeeaac89728bc39d34b08cb2,new_full_search_and_replay
case_010,3,component_pipe_balance,30856,86969,2.8185442053409386,48384,solutions/3cores/case_010_multicore_res.json,7bf65042c608e3a2eb56e556ed520af16cfac6366809c2282c03b99eeecc7cac,new_full_search_and_replay
case_010,4,component_pipe_lpt,29676,86969,2.9306173338724895,362880,solutions/4cores/case_010_multicore_res.json,f02ef4bda2a9c2e43933fdb9f4cd80fff2493ea477b5b5cab9d3f914f1bd798c,new_full_search_and_replay
case_010,5,bundle_pack,23710,86969,3.6680303669337833,575992,solutions/5cores/case_010_multicore_res.json,45c2c85a37e1010f8b3462dde11d7dd1c1b9230e22fc27c79a2012bdd43fdb93,delivered_method_reconstruction_and_replay
case_011,1,official_singlecore,184697,184697,1.0,0,solutions/1cores/case_011_multicore_res.json,938fe72d4f151dd8a5f60e6b9fc9fd81bc6e81b270b6fed741da49cc97d4c51e,new_full_search_and_replay
case_011,2,component_round_robin,92646,184697,1.9935777043801135,180224,solutions/2cores/case_011_multicore_res.json,2ca28ed0ef9c5837f3620c7f3fdf9417aafb9737464635293dafd71b42389108,new_full_search_and_replay
case_011,3,component_round_robin,69625,184697,2.6527396768402154,1081344,solutions/3cores/case_011_multicore_res.json,6f28a924be6464623bd60c967df81670060fb57e75ad32ddf7f7994da00ffc6d,new_full_search_and_replay
case_011,4,component_round_robin,46880,184697,3.9397824232081913,540672,solutions/4cores/case_011_multicore_res.json,5125f5b7729b8d2d6958927e59d716fdfe3a71d6ade168083062eeb25770ed15,new_full_search_and_replay
case_011,5,component_group4,46880,184697,3.9397824232081913,1081344,solutions/5cores/case_011_multicore_res.json,078c36b7f8b1b8c2c1f20c52338cb57e6e36e8d7420b9caf8dd11086ef59cbc5,delivered_method_reconstruction_and_replay
case_012,1,official_singlecore,59088,59088,1.0,0,solutions/1cores/case_012_multicore_res.json,b1e544818b255ab54c5868e649c86d35f523cf071e352e0a343d241a43bb9976,new_full_search_and_replay
case_012,2,component_pipe_balance,30094,59088,1.9634478633614674,28800,solutions/2cores/case_012_multicore_res.json,dcec4e70caf89c74c8b1461d354f435918358a2d389bd3a9d5fdfa698e0e9851,new_full_search_and_replay
case_012,3,component_lpt,20637,59088,2.8632068614624218,39168,solutions/3cores/case_012_multicore_res.json,e06329b3387ea08adc567f62e03a66a644a9a1204905f04a42c778f0c0e92702,new_full_search_and_replay
case_012,4,component_lpt,16168,59088,3.6546264225630876,49536,solutions/4cores/case_012_multicore_res.json,41f9ded8f824e924cffc22f74720930127ee6a4f497468718f0c62cde97daa0e,new_full_search_and_replay
case_012,5,component_lpt,13406,59088,4.407578696106221,53568,solutions/5cores/case_012_multicore_res.json,9164081eb7daaac9a6c1c13a79d51229f34416637286557ced43c7f355eac8fc,delivered_method_reconstruction_and_replay
case_013,1,official_singlecore,263949,263949,1.0,0,solutions/1cores/case_013_multicore_res.json,98a0668cad932fa3f39cf3e83cffe8c6d06e58eac83dfdc2a7e398400296a4d8,new_full_search_and_replay
case_013,2,component_round_robin,132198,263949,1.9966187083011846,8192,solutions/2cores/case_013_multicore_res.json,58479b2440506c4ba5949c48a35b25c504e23b69a6aa59cb13dea908f9f8be53,new_full_search_and_replay
case_013,3,component_round_robin,88351,263949,2.98750438591527,16384,solutions/3cores/case_013_multicore_res.json,a60967a79659a18638dc98cc71769ebb39c3ff52d584820123497d61bfec7a44,new_full_search_and_replay
case_013,4,component_round_robin,66982,263949,3.9405959810098237,24576,solutions/4cores/case_013_multicore_res.json,59532ba3ad51d226d5f4e9e61b5d45886283121657c851d715ac441fd3e202a7,new_full_search_and_replay
case_013,5,component_round_robin,54363,263949,4.855305998565201,32768,solutions/5cores/case_013_multicore_res.json,63ffcd1ddf022fd537c89bb94e20fbbf5f1a838fbb8b53dfed160e880454089a,delivered_method_reconstruction_and_replay
case_014,1,official_singlecore,17698626,17698626,1.0,71010720,solutions/1cores/case_014_multicore_res.json,c623ac4e30dda9460f0d4aae5e350a7afd8481b58e14bd20816733a7f1450e54,new_full_search_and_replay
case_014,2,component_batches,8809441,17698626,2.0090521067114246,100009368,solutions/2cores/case_014_multicore_res.json,63f16c6cb51a34bd78012b89b761711460b23207b554abbfe7e06616c1e32d09,new_full_search_and_replay
case_014,3,component_batches,5934863,17698626,2.982145670422384,98997144,solutions/3cores/case_014_multicore_res.json,acd2aa95921b10b489dacd3664b72739778bb25bae4843d3012d3fdf7ae79688,new_full_search_and_replay
case_014,4,component_batches,4513468,17698626,3.921292008717022,101075352,solutions/4cores/case_014_multicore_res.json,aa0b4bbb878f383bb43dcf671b97a51d2b30aeb9f8aefbc20f25bb3c5a440c48,new_full_search_and_replay
case_014,5,rebal0_component_batches,3632254,17698626,4.872628951609662,104708616,solutions/5cores/case_014_multicore_res.json,89b1f098a1f6a43550504cdf1754bc26d097e625da7be4aa75522d9dedf43341,delivered_method_reconstruction_and_replay
case_015,1,official_singlecore,177362,177362,1.0,180256,solutions/1cores/case_015_multicore_res.json,192472c06a1727349dfc6dd1658dac61ace67d2c8749562f39e0d37b55dbf02c,new_full_search_and_replay
case_015,2,component_lpt,90480,177362,1.960234305923961,199944,solutions/2cores/case_015_multicore_res.json,6d66a0cad06f4af5c22ce066300234fde0071959f9090b32d1398710481f2d4b,new_full_search_and_replay
case_015,3,component_batches,60815,177362,2.9164186467154485,212736,solutions/3cores/case_015_multicore_res.json,1bd6d6508aed0a6e8695e7a832f7d86a243cf3593f38db18e9caaf056cec9fa4,new_full_search_and_replay
case_015,4,component_lpt,48866,177362,3.6295583841525807,365824,solutions/4cores/case_015_multicore_res.json,36c96b09f6be9ccf6b97d8cf8feb0807d362edb51bab69342dfc13ab3a056597,new_full_search_and_replay
case_015,5,ls_component_group3,38650,177362,4.588926261319534,242688,solutions/5cores/case_015_multicore_res.json,5cf614891de609bf5c76ecb8088979158870c34b9386975c250c6eaa0305b3b4,delivered_method_reconstruction_and_replay
case_016,1,official_singlecore,7715523,7715523,1.0,0,solutions/1cores/case_016_multicore_res.json,19d365422ae9ccef1999767d13ce89179d5ab1c75a35ee55f2d898297a4e7d23,new_full_search_and_replay
case_016,2,stage_pack,4550194,7715523,1.6956470427414743,119554128,solutions/2cores/case_016_multicore_res.json,35fce27f0024097bc7ea18964bbba922787c799b62b1cc2c4369cd865f68e763,new_full_search_and_replay
case_016,3,stage_pack,3712678,7715523,2.0781557140155975,119554736,solutions/3cores/case_016_multicore_res.json,2be12d118342c17eb2f19c6fc6ae61c99f508bba063be993d67c0a578425b337,new_full_search_and_replay
case_016,4,stage_pack,3241338,7715523,2.380351262349067,119555344,solutions/4cores/case_016_multicore_res.json,355124fec9ba55b8785be84f5b46f07ac9edeb2f704a1bd7b047e324a4475ea9,new_full_search_and_replay
case_016,5,stage_pack,3223183,7715523,2.3937589023024755,119555952,solutions/5cores/case_016_multicore_res.json,9c6e6a98b25c50425f1aaebff933acecab2d8e42774af0f631d78dd22f662cfa,delivered_method_reconstruction_and_replay
case_017,1,official_singlecore,162810,162810,1.0,22528,solutions/1cores/case_017_multicore_res.json,11a9cba3896d9529e81ee2fbba62f805bc189c615225dbff3efd738ec6cdd340,new_full_search_and_replay
case_017,2,component_batches_512,81292,162810,2.002780101362988,92160,solutions/2cores/case_017_multicore_res.json,e43402dd94be3e6b07428e78c9fc2c554ce951051ea1dd8d2858ce7240e6a2f6,new_full_search_and_replay
case_017,3,component_batches,49383,162810,3.296883542919628,175104,solutions/3cores/case_017_multicore_res.json,3adaf6a8ad1e4db1f4fa691690e38a94d289146f4769f93ce1da98b384a82377,new_full_search_and_replay
case_017,4,component_batches_128,39494,162810,4.122398338988201,263808,solutions/4cores/case_017_multicore_res.json,12d42f1580bab5dab79235f63dc07abeba906e9f2eaf12106d0ded1e9afbd3e8,new_full_search_and_replay
case_017,5,kios_pipe_vector_lpt,33846,162810,4.81031731962418,329472,solutions/5cores/case_017_multicore_res.json,a924111d5ffbce223abe61cf618670bc2a2bd573197d2732d30be1f07eea88b9,delivered_method_reconstruction_and_replay
case_018,1,official_singlecore,1004367,1004367,1.0,1970176,solutions/1cores/case_018_multicore_res.json,890ceb0b49b4b6001da4358bccb39342fc92672fd85ec2418c40c0c47eea5675,new_full_search_and_replay
case_018,2,component_batches_512,503251,1004367,1.995757584187612,3367936,solutions/2cores/case_018_multicore_res.json,8134c9677f9f5adc74065947bdcb2d76a1d59e1f6da4d319bb882a5f56160c11,new_full_search_and_replay
case_018,3,component_batches_512,338233,1004367,2.9694530102030257,3834240,solutions/3cores/case_018_multicore_res.json,c93a588ad692ff7735fd4cd6277cfeaccb53959e7a46dde760067514a68538dd,new_full_search_and_replay
case_018,4,component_lpt,253676,1004367,3.9592511707847806,4938752,solutions/4cores/case_018_multicore_res.json,dafe526ff06b3b248689f6bf74ac9af0717a04adb4ef1c33e7520cd369c4071f,new_full_search_and_replay
case_018,5,ls_kios_adaptive_batch_t2,202593,1004367,4.95756023159734,5586944,solutions/5cores/case_018_multicore_res.json,e6d5bcc72e41329e2c5f20cb194bda58dc1c8429e007771f9f14f060011499b5,delivered_method_reconstruction_and_replay
case_019,1,official_singlecore,81144,81144,1.0,0,solutions/1cores/case_019_multicore_res.json,6edfe829f9c086542ff575000b32c8fd979560192429da428b1387bc6d93cca7,new_full_search_and_replay
case_019,2,component_lpt,41643,81144,1.9485627836611195,27168,solutions/2cores/case_019_multicore_res.json,5bf261fdfab66af65d9182efce6f62e1b4420784a2895c08d8a38b6f15588a9c,new_full_search_and_replay
case_019,3,component_batches,28153,81144,2.8822505594430434,27168,solutions/3cores/case_019_multicore_res.json,993629b62dee492abe7427ada1d6ec6797572591ad9deea6cff09b21107d2d5b,new_full_search_and_replay
case_019,4,scene_a_peft,23699,81144,3.423941938478417,262280,solutions/4cores/case_019_multicore_res.json,a1e9e0247a233ffb94b344be8379b1d1ae158421b4236843c6fd3cf9dad7f179,new_full_search_and_replay
case_019,5,ls_scene_a_peft,18657,81144,4.349252291365171,262280,solutions/5cores/case_019_multicore_res.json,04cae538bd1c90633884e6670a2cbdb762867952c5284d2bc4e88667a10c9283,delivered_method_reconstruction_and_replay
case_020,1,official_singlecore,532746,532746,1.0,0,solutions/1cores/case_020_multicore_res.json,bbd6b9684fa70e119fd0e3f4f7d4a94282385196530028c52aa36ef7ca17c648,new_full_search_and_replay
case_020,2,component_lpt,266580,532746,1.9984469952734638,0,solutions/2cores/case_020_multicore_res.json,7beacb6743576781368a080da44cd438b916dcc136a99604e88f6c6138d03ec6,new_full_search_and_replay
case_020,3,component_lpt,177950,532746,2.993796010115201,0,solutions/3cores/case_020_multicore_res.json,c43ba3a622d73c478f1ae0357b6d57320c2c825e6619e920d9a48dc182dace2e,new_full_search_and_replay
case_020,4,component_lpt,133704,532746,3.984518039849219,0,solutions/4cores/case_020_multicore_res.json,3139451dffdb6ac2114595295407961517249df398ce0caaa6b502fd5f57fada,new_full_search_and_replay
case_020,5,component_lpt,107650,532746,4.948871342313051,0,solutions/5cores/case_020_multicore_res.json,fc7abc812efb1d2acfda6e0d090e318fc9b6d9bcb333b8ebddbbad6f44150df0,delivered_method_reconstruction_and_replay
case_021,1,official_singlecore,6567937,6567937,1.0,4501504,solutions/1cores/case_021_multicore_res.json,f348d8199a95196945fe11a61f21e5764ab4819e1e2976958b4ced376a8e9830,new_full_search_and_replay
case_021,2,component_batches,3109260,6567937,2.11237947292925,9113600,solutions/2cores/case_021_multicore_res.json,9e1fce9b56d3ae887bbb19a32a09c924cea9bff017766aab1e82d4f0ea61a792,new_full_search_and_replay
case_021,3,component_batches_512,2095636,6567937,3.1341020100819037,9984000,solutions/3cores/case_021_multicore_res.json,6195687e9205dd43b7cc978f7ef27e85ecac7560dcd196e553f00cbd24ad065b,new_full_search_and_replay
case_021,4,component_round_robin,1550324,6567937,4.236493145948847,4608000,solutions/4cores/case_021_multicore_res.json,8c4ea95a8e02fde840ef35267e9b04b6d7cd59135c429739162e27b861cfe8af,new_full_search_and_replay
case_021,5,component_group8,1243902,6567937,5.280108079253832,7372800,solutions/5cores/case_021_multicore_res.json,a563a07b7b9080459fcc4ca4589a14fc88ecc987f2901c9459322d8c76ae1503,delivered_method_reconstruction_and_replay
case_022,1,official_singlecore,56780,56780,1.0,0,solutions/1cores/case_022_multicore_res.json,bdc9c153727b9f7ea40409a9ffa15959f9bc5fe680e565eb6da09692918d3411,new_full_search_and_replay
case_022,2,component_pipe_balance,28303,56780,2.006147758188178,6912,solutions/2cores/case_022_multicore_res.json,c0c7ec34ad920369a6dc2a9b99125dcc9d68289403327bc66f50ae0b11a3d25e,new_full_search_and_replay
case_022,3,component_lpt,18978,56780,2.9918853409210664,13824,solutions/3cores/case_022_multicore_res.json,28645d8916f4e5a3ada9d471126f6c3c3fc2048953ec6f77cc913ba1af0ae43c,new_full_search_and_replay
case_022,4,component_lpt,14336,56780,3.960658482142857,20736,solutions/4cores/case_022_multicore_res.json,c3eadd26ec5bf91f0ada14028de2653676de9d8601beb8ee3d8217ee2fde4cd6,new_full_search_and_replay
case_022,5,component_lpt,11603,56780,4.893562009825045,20736,solutions/5cores/case_022_multicore_res.json,9cfdc34a8dee5fe742aa466b4ab36f230ad77cca2d66a0d8d158428a901b0503,delivered_method_reconstruction_and_replay
case_023,1,official_singlecore,122614,122614,1.0,0,solutions/1cores/case_023_multicore_res.json,aa6e813822e96d6a1e60ea550fc498a806911951f3abc724b7d89438f2f8be11,new_full_search_and_replay
case_023,2,component_lpt,61065,122614,2.0079259805125687,73728,solutions/2cores/case_023_multicore_res.json,10ccbccb140f4788d3f861e2252a8cb022a6493d7732dc02fdc49377e812a050,new_full_search_and_replay
case_023,3,component_lpt,40682,122614,3.0139619487734133,207264,solutions/3cores/case_023_multicore_res.json,383cfec1eefce0968228c3f68ab913da8e6893521eb5acc151459656f424ef3c,new_full_search_and_replay
case_023,4,component_lpt,30516,122614,4.018023332022546,281280,solutions/4cores/case_023_multicore_res.json,de14178d52cafca22aed5f1bb44e30e2896b3eeda5f4da71d978dd16608ab720,new_full_search_and_replay
case_023,5,component_lpt,24573,122614,4.989785536971473,344640,solutions/5cores/case_023_multicore_res.json,404b631c7996f0b15d5ebf27f4fdfe0ecd92a2d26f878a4e42e9fe18ac31aa50,delivered_method_reconstruction_and_replay
case_024,1,official_singlecore,2555343,2555343,1.0,0,solutions/1cores/case_024_multicore_res.json,3f6ba4b0f374750256c442f6bff12ee90e8c8c76c00655298e84b9a94fbfee98,new_full_search_and_replay
case_024,2,bundle_pack,1506718,2555343,1.6959663321205427,39327048,solutions/2cores/case_024_multicore_res.json,0ec04a50811b14bf0511954c89e6fe5b9b19e667e19a74ddcb07676fb156941f,new_full_search_and_replay
case_024,3,bundle_pack,1228774,2555343,2.0795874587190157,39327248,solutions/3cores/case_024_multicore_res.json,7abfca198d5188f3ddd313130f792c64dd66def3301a894930861c3a459e6615,new_full_search_and_replay
case_024,4,bundle_pack,1072818,2555343,2.3818979547323034,39327448,solutions/4cores/case_024_multicore_res.json,bb8aadc974ac128f86d9f7a2b9b2afaeb0a92ffc4a3f6d523496c5b9cf0b0de3,new_full_search_and_replay
case_024,5,bundle_pack,1067515,2555343,2.3937302988716787,39327648,solutions/5cores/case_024_multicore_res.json,bba0c2d0accf3b2fa4326b8f24289559a04e5165d3b76beda587e8a46f66b4c5,delivered_method_reconstruction_and_replay
case_025,1,official_singlecore,4863026,4863026,1.0,0,solutions/1cores/case_025_multicore_res.json,866297d2cabe14158ebe6e57cc86e522d8f888041f24e5804988ac43e71152bd,new_full_search_and_replay
case_025,2,component_round_robin,2431840,4863026,1.9997310678334101,27648,solutions/2cores/case_025_multicore_res.json,6f0d2c9160eae1d04773458121133076f3a256a4d403e1a12c58082ee55f2d13,new_full_search_and_replay
case_025,3,component_round_robin,1622164,4863026,2.9978633479722148,55296,solutions/3cores/case_025_multicore_res.json,a8799121b74d3094c4e0b5f200a7321be03d2fc2de4a212d825cf30d34eaed26,new_full_search_and_replay
case_025,4,component_round_robin,1217444,4863026,3.9944555971362954,82944,solutions/4cores/case_025_multicore_res.json,36a0e86567664f0f7a7975377d9a864cb1d02ad961dc39f675dfc2f69f8d577b,new_full_search_and_replay
case_025,5,component_round_robin,975282,4863026,4.986276789687495,110592,solutions/5cores/case_025_multicore_res.json,06bed46bad51810f1fb73a0ef7e5fafa06f9cdb324efb2ff651925115ef8c2a4,delivered_method_reconstruction_and_replay
case_026,1,official_singlecore,99203,99203,1.0,0,solutions/1cores/case_026_multicore_res.json,72df6606789136b3baf9eec24a43a369cf39c1f1f97d61801ffdf8d829ab4062,new_full_search_and_replay
case_026,2,component_lpt,55057,99203,1.8018235646693428,21936,solutions/2cores/case_026_multicore_res.json,3149f343013214709e334556c3325571230a8857af3ec44e68ccbe63ba912590,new_full_search_and_replay
case_026,3,component_pipe_lpt,41195,99203,2.408132054861027,217872,solutions/3cores/case_026_multicore_res.json,0403a6951fa37294eca9602fe5a5651c9e8df28e11b7e8ce5b8aff6464f3b82f,new_full_search_and_replay
case_026,4,bundle_pack,35268,99203,2.8128331632074404,873472,solutions/4cores/case_026_multicore_res.json,4ffcef325ce2ddbddcdf94b68e41b7351241612b34a5fccca39c01137040efce,new_full_search_and_replay
case_026,5,bundle_pack,33988,99203,2.9187654466282216,873480,solutions/5cores/case_026_multicore_res.json,b861787e89eb5cec4ed6d15a0fb96bc420c61e556064b6be7c611a2141b35dcc,delivered_method_reconstruction_and_replay
case_027,1,official_singlecore,2363952,2363952,1.0,1400832,solutions/1cores/case_027_multicore_res.json,795174b3004f23842aeac7961da65580892080295f6415d4f180741be99b0bec,new_full_search_and_replay
case_027,2,component_batches,1119508,2363952,2.1115990238569085,3317760,solutions/2cores/case_027_multicore_res.json,7da12edc00fceb871dfcb6f7f3880a4a8369ac90ebe68cffe4f7a50724edd7aa,new_full_search_and_replay
case_027,3,scene_a_spine,790164,2363952,2.991723237201391,7692288,solutions/3cores/case_027_multicore_res.json,5cc6df3711469614d684e120b110d26e7796ce5285d920fba14d2911df4dc575,new_full_search_and_replay
case_027,4,component_round_robin,559196,2363952,4.227412213249022,3317760,solutions/4cores/case_027_multicore_res.json,d5eb52e4808230557fc7b2cf6a50b55371fc8895473d5579b069a5c0b7a6c718,new_full_search_and_replay
case_027,5,scene_a_spine,494406,2363952,4.7813982840014075,7692288,solutions/5cores/case_027_multicore_res.json,e9323954da7a9854cebef6d86f550b27e7153b9cddf90b6188ea9cebe47d58b3,delivered_method_reconstruction_and_replay
case_028,1,official_singlecore,43836040,43836040,1.0,277412256,solutions/1cores/case_028_multicore_res.json,d987ac1dfa4f0a2dfb2368b3f01660689355e74c99c9b7c2c84696b3fdadeb73,new_full_search_and_replay
case_028,2,scene_a_peft,20665034,43836040,2.1212662897143066,326776320,solutions/2cores/case_028_multicore_res.json,2ba0d269879e81c442e74666daaa67356c2ec0218519b4bbd526fab7732c8c37,new_full_search_and_replay
case_028,3,scene_a_peft,13821853,43836040,3.17150240275309,326776320,solutions/3cores/case_028_multicore_res.json,d2a6495bddd7ce61f3c51e10492dc9ee2aad20af0f1707f6ff559ee56917659c,new_full_search_and_replay
case_028,4,scene_a_peft,10504183,43836040,4.173198429616087,326776320,solutions/4cores/case_028_multicore_res.json,27d8b1af2f5302e497a01ff4b5bce07950609215335d67dcce61f47e28d0f9c3,new_full_search_and_replay
case_028,5,scene_a_peft,8470888,43836040,5.174904921420281,326776320,solutions/5cores/case_028_multicore_res.json,195c205045805a05943fef8484ec406c3dac42e75c425b6bf27bcf54fb5ee37d,delivered_method_reconstruction_and_replay
case_029,1,official_singlecore,37555,37555,1.0,0,solutions/1cores/case_029_multicore_res.json,1eea4b77c66f467cece1e811b06292dc0f6cb97aa26070c30fb25bafdc46c74e,new_full_search_and_replay
case_029,2,component_round_robin,19740,37555,1.9024822695035462,0,solutions/2cores/case_029_multicore_res.json,da552bffe6075abadfa565685795c6a69503882754ce4651682dcd303b7b59e1,new_full_search_and_replay
case_029,3,component_round_robin,12743,37555,2.9471082162756024,0,solutions/3cores/case_029_multicore_res.json,d4c3e33ca1e064246a40be99c12a2184a4c812ee98c34a3a6e7d6e541b8bac3e,new_full_search_and_replay
case_029,4,component_round_robin,11028,37555,3.405422560754443,0,solutions/4cores/case_029_multicore_res.json,9a2f7ee603e8ec83fd808d11ce45727ba893b7eec418d47ce0c1b41d322c5639,new_full_search_and_replay
case_029,5,component_round_robin,9383,37555,4.002451241607162,0,solutions/5cores/case_029_multicore_res.json,dfb75d7020ed0c99be3976cafc723e7b9b0f2ff2b816d6d0b292eb0ca05814ea,delivered_method_reconstruction_and_replay
case_030,1,official_singlecore,2808034,2808034,1.0,5519360,solutions/1cores/case_030_multicore_res.json,bed511cb0f432bf02c1b67f94a49cfadb6964d628e4100e6b9c991961e17474e,new_full_search_and_replay
case_030,2,component_batches,1399653,2808034,2.0062358313096174,14469120,solutions/2cores/case_030_multicore_res.json,d8d436ca38b7f040aecaa581c483e9afcd0371e4ef3facacdbd5f6e1a9dd5b30,new_full_search_and_replay
case_030,3,component_pipe_balance,933857,2808034,3.0069207598165457,9242624,solutions/3cores/case_030_multicore_res.json,1ae704443051795e56db4a0f83e94adbcdbfc868c8e6eb4d0ecbb8979c2bce92,new_full_search_and_replay
case_030,4,component_pipe_balance,700342,2808034,4.009518206818954,10404864,solutions/4cores/case_030_multicore_res.json,0222c20ad17320f553e408e17e9eceeb33cf7043eec4434751244cf5917d4f78,new_full_search_and_replay
case_030,5,component_pipe_balance,561102,2808034,5.004498290863337,11479040,solutions/5cores/case_030_multicore_res.json,d3c6955a9874392325b0b498a9344d9e34d4f92d1ef14c764b9798231dacfd44,delivered_method_reconstruction_and_replay
case_031,1,official_singlecore,1414369,1414369,1.0,3491328,solutions/1cores/case_031_multicore_res.json,126e96eff01b3c1db5de662ecd8bd02dcd72d548ac3255120608e40d19b693e1,new_full_search_and_replay
case_031,2,component_lpt,712262,1414369,1.985742605951181,5250048,solutions/2cores/case_031_multicore_res.json,71f438b8d76ae54e750ee8520bcb075fc044a7b5c873cbe344d5f021eda398b6,new_full_search_and_replay
case_031,3,component_lpt,473822,1414369,2.985021801435982,7544832,solutions/3cores/case_031_multicore_res.json,f4969bbcc2dbfe64b27e9bd9d9c9322ed0450f06f8cac1b68c5b2aaba12734bd,new_full_search_and_replay
case_031,4,component_lpt,358129,1414369,3.9493283146575675,7953408,solutions/4cores/case_031_multicore_res.json,36d34350fe9283d8cb9c3536f432b9b1f4acfadd55e470bba1c136442073ae87,new_full_search_and_replay
case_031,5,component_lpt,284848,1414369,4.965346430376902,7931904,solutions/5cores/case_031_multicore_res.json,411429c7109d33291db8f3326994ac522679b73733be8fa157e39491c4930b34,delivered_method_reconstruction_and_replay
case_032,1,official_singlecore,41443,41443,1.0,0,solutions/1cores/case_032_multicore_res.json,83348b05eee2296608cd724ec5b2cadb54c269a971f8e8b65a9a7a8855313104,new_full_search_and_replay
case_032,2,component_batches,20102,41443,2.0616356581434685,6216,solutions/2cores/case_032_multicore_res.json,6a197d942db2dc974592cc27f95e8f02a011c63d40d271b9a3235dde784f4b03,new_full_search_and_replay
case_032,3,component_lpt,14137,41443,2.93152719813256,12432,solutions/3cores/case_032_multicore_res.json,a72b7fec17d3d0d61210508820e80cb52f73eba44f4119f041c4c280a42bd359,new_full_search_and_replay
case_032,4,component_lpt,11004,41443,3.7661759360232643,18576,solutions/4cores/case_032_multicore_res.json,7f550bdd78bf81e527e0631af245755f3eb09bd96743478ea24e65722caaa246,new_full_search_and_replay
case_032,5,membatch_70,10220,41443,4.05508806262231,12360,solutions/5cores/case_032_multicore_res.json,212887bcd3cc56bc9e7b1eeb9bf3104c44c622616e37b0abfc12876b7c4516db,delivered_method_reconstruction_and_replay
case_033,1,official_singlecore,1774196,1774196,1.0,4592640,solutions/1cores/case_033_multicore_res.json,0461256ec7a6fe061d3a7e2175171d1040703f624033a8efa72bc3be0f2267e1,new_full_search_and_replay
case_033,2,component_lpt,889697,1774196,1.994157561506895,6664224,solutions/2cores/case_033_multicore_res.json,55e0125c147ae700c2ef829be4883a8307a3fc1a8c9b4b04431141fee21e0669,new_full_search_and_replay
case_033,3,component_lpt,592065,1774196,2.9966236815214544,6990912,solutions/3cores/case_033_multicore_res.json,b0067d829f619baeb55fbe24e67e88bed59d04c993bbbc41c6f50044634fc3d3,new_full_search_and_replay
case_033,4,component_lpt,443447,1774196,4.000920064855552,7214688,solutions/4cores/case_033_multicore_res.json,82fc21a53cf643e35a805fae569826f1b5eea885ac898a1b4c8e5f05f7c07fbf,new_full_search_and_replay
case_033,5,component_lpt,355102,1774196,4.996299654747086,7816320,solutions/5cores/case_033_multicore_res.json,93feffdb840d13233068915a6f6e5859da4fb552c44237e29308490121f044c0,delivered_method_reconstruction_and_replay
case_034,1,official_singlecore,842996,842996,1.0,1079832,solutions/1cores/case_034_multicore_res.json,19cc9b471b4253917b1c1297fdd194752c0b66e79fb6ba807872ddea5abcb489,new_full_search_and_replay
case_034,2,component_batches,418477,842996,2.0144380694757418,2904064,solutions/2cores/case_034_multicore_res.json,26d9de9838aefcac7a68f252ae586b3fdaf92d42e3f54a46fda1ce0a1401fedf,new_full_search_and_replay
case_034,3,component_batches_512,275726,842996,3.0573685470358254,2815488,solutions/3cores/case_034_multicore_res.json,22a1272c6298307f406cb4e65d984b9abcf1fc8c2489e60cc42322944f38ecf7,new_full_search_and_replay
case_034,4,component_lpt,211953,842996,3.9772779814392814,3052032,solutions/4cores/case_034_multicore_res.json,3fd0098142af4617c592fff8ff39dd91a31c830b5b6486975af14f728caf9d5f,new_full_search_and_replay
case_034,5,rebal0_component_batches,170883,842996,4.93317650088072,3964416,solutions/5cores/case_034_multicore_res.json,4e44293529b735366df332b927876d68747bc87bfebe367536efd14f91f2624e,delivered_method_reconstruction_and_replay
case_035,1,official_singlecore,169571,169571,1.0,0,solutions/1cores/case_035_multicore_res.json,43201822fd833e40039e2a07a60c49325d3a15aa5f121c0c1082f55e586f5f29,new_full_search_and_replay
case_035,2,component_lpt,95406,169571,1.7773620107750037,0,solutions/2cores/case_035_multicore_res.json,de2f99ded70fe348b15ff6e2a38fb1cc0392be633416842d9377afa042415efb,new_full_search_and_replay
case_035,3,component_pipe_balance,95424,169571,1.77702674379611,0,solutions/3cores/case_035_multicore_res.json,9ea2f12afbfa32cba22238ff2f0230beebd7e47c100d76aa18d34c7ac24d13c6,new_full_search_and_replay
case_035,4,window10_heft,83857,169571,2.0221448418140406,1586408,solutions/4cores/case_035_multicore_res.json,c8ef475beff283fe5c54427bd4db051312368629ab88d13bc8d371cfa62b4823,new_full_search_and_replay
case_035,5,vw32_8_t15_peftins,55670,169571,3.046003233339321,1914844,solutions/5cores/case_035_multicore_res.json,b7f9454926ac252b9c8d47705fd1a69c78c3f6bf619a3f0712823be5e954e1b1,delivered_method_reconstruction_and_replay
case_036,1,official_singlecore,931510,931510,1.0,0,solutions/1cores/case_036_multicore_res.json,8c131ad0dfb252dc26f956f6fa867096f91862e58a5cb371718e576432bc8999,new_full_search_and_replay
case_036,2,component_round_robin,466068,931510,1.998656848356892,1152,solutions/2cores/case_036_multicore_res.json,dd7ae7b455235ad623c4429d8370e13ad548162d913959e57fd2bf3e583c35cf,new_full_search_and_replay
case_036,3,component_round_robin,311345,931510,2.991890025534375,2304,solutions/3cores/case_036_multicore_res.json,a3558ccae74e93902681f85c93b27b4947fee563d9401fd79cd91014208f555a,new_full_search_and_replay
case_036,4,component_round_robin,233584,931510,3.987901568600589,3456,solutions/4cores/case_036_multicore_res.json,038414e14156f408efe4003277cc28c939201fd7620049f41e7b43967126873f,new_full_search_and_replay
case_036,5,component_round_robin,187182,931510,4.976493466252097,4608,solutions/5cores/case_036_multicore_res.json,b7f744513cf6209837e2139077ee2d2c0f158cfc916283fd4913f0abc020e551,delivered_method_reconstruction_and_replay
case_037,1,official_singlecore,210001,210001,1.0,0,solutions/1cores/case_037_multicore_res.json,63d46275baf2c0ca59542635cd8214bd79425c5056d8f109b3090fcd1ad93847,new_full_search_and_replay
case_037,2,component_round_robin,105374,210001,1.992910964754114,204800,solutions/2cores/case_037_multicore_res.json,9d008aab2db8335b6681495cec24f532db4728cec744f600e0adb4d416dfce78,new_full_search_and_replay
case_037,3,component_round_robin,74038,210001,2.836394824279424,1064960,solutions/3cores/case_037_multicore_res.json,eecef7766e8bc735e083f23f035a172f8191a1b848836ec6c2ab5d6569e711f5,new_full_search_and_replay
case_037,4,component_round_robin,53320,210001,3.938503375843961,614400,solutions/4cores/case_037_multicore_res.json,56df4c7101b66830cc2dd02593ac18272261ed453b685fc61df87287cc81dd32,new_full_search_and_replay
case_037,5,component_group4,43013,210001,4.882268151489085,1310720,solutions/5cores/case_037_multicore_res.json,b7746880d710f2a071f7643500d85054b8cf55b0c11a29927814b26e95f2dd42,delivered_method_reconstruction_and_replay
case_038,1,official_singlecore,1364555,1364555,1.0,5627904,solutions/1cores/case_038_multicore_res.json,8f5c3e3c84763a2a5e2ebb7436efdc0d8ec7a8cc8d35564e8f26bb776d9f4e48,new_full_search_and_replay
case_038,2,component_lpt,674500,1364555,2.0230615270570795,6790656,solutions/2cores/case_038_multicore_res.json,ea59dcd7e19f8e660eb25925686e09771b2022fdced47df537d27d185057a828,new_full_search_and_replay
case_038,3,component_lpt,452248,1364555,3.0172714970547134,8097792,solutions/3cores/case_038_multicore_res.json,8b2bc9274813553d7e885f28a66364951259d5bc58dee24321bef12ce3079642,new_full_search_and_replay
case_038,4,component_lpt,339624,1364555,4.017840317527619,9295872,solutions/4cores/case_038_multicore_res.json,fca315937d48b73bffbd0286d777e6381dc0ebacc1f2bed39fb2df58cf2c2897,new_full_search_and_replay
case_038,5,component_lpt,275133,1364555,4.959619529463932,9676800,solutions/5cores/case_038_multicore_res.json,624690ce442d2fa7dc0a84b7e80eb5e23cedceb5b5d0858324f78c8990632a83,delivered_method_reconstruction_and_replay
case_039,1,official_singlecore,1435262,1435262,1.0,7929856,solutions/1cores/case_039_multicore_res.json,dac9aa0dddfc1796efda0c933d0a650fee6dbc3977c653a543b26b2ae2e70179,new_full_search_and_replay
case_039,2,component_batches_512,693424,1435262,2.0698187544705693,15409152,solutions/2cores/case_039_multicore_res.json,7cdecbbed5a9ce3ed47267f913b50006709bfd42dd994edff800b5081f797f58,new_full_search_and_replay
case_039,3,component_round_robin,485565,1435262,2.9558596686334475,14323712,solutions/3cores/case_039_multicore_res.json,7a4b349fa4ee6c8728ce40d8069a5bf06960a9369a5fb493c4b99302e8891ab6,new_full_search_and_replay
case_039,4,component_round_robin,395323,1435262,3.6306058590064327,17604608,solutions/4cores/case_039_multicore_res.json,308eee58b65691b689b7fafcb41ff0b1cc8046246b18992319dc5bb9886b5366,new_full_search_and_replay
case_039,5,component_group7,316542,1435262,4.534191355333573,9805824,solutions/5cores/case_039_multicore_res.json,6b5baedd11b81c4a2ef8e82d5bcc54a905eaa77223f127e8503f7dd77195aadb,delivered_method_reconstruction_and_replay
case_040,1,official_singlecore,253454,253454,1.0,0,solutions/1cores/case_040_multicore_res.json,2f3989071fd3e245c82304c86e2c391712466180edb5a6cf8553661950ff9992,new_full_search_and_replay
case_040,2,component_lpt,137746,253454,1.8400098732449581,53760,solutions/2cores/case_040_multicore_res.json,3130435f09736f53fd5c6b737a6cb0ace5ffd97f9977e0b2cc60b35be85a5e94,new_full_search_and_replay
case_040,3,component_lpt,110105,253454,2.301929975932065,0,solutions/3cores/case_040_multicore_res.json,01aa7930fc6ad92138907fffeba0ffc45b59dde3df2828a9a1fb0514bebfa8b0,new_full_search_and_replay
case_040,4,window10_heft,101378,253454,2.5000887766576576,3208966,solutions/4cores/case_040_multicore_res.json,184066aaec280d6d3b5e5b578adf4026882607b4d02ab9a613e2e458d3413ea4,new_full_search_and_replay
case_040,5,vw32_8_t15_heft2,87610,253454,2.892980253395731,2831790,solutions/5cores/case_040_multicore_res.json,d8cb60606c812152784e72af215f79575afa734bbed24d7f2b18946ea3c4702e,delivered_method_reconstruction_and_replay
case_041,1,official_singlecore,6003957,6003957,1.0,30898176,solutions/1cores/case_041_multicore_res.json,ab5c67b7b2f8e6bf5fc8e0b879f66cfc4fd5c823fa6c1a4930e6b7dec827e636,new_full_search_and_replay
case_041,2,component_batches,2982987,6003957,2.0127332100341033,39266304,solutions/2cores/case_041_multicore_res.json,5021f5fd7631b54216d1342e4b548969ad26c55d09564c472afccd2056d1b993,new_full_search_and_replay
case_041,3,component_pipe_balance,1991992,6003957,3.014046743159611,34879488,solutions/3cores/case_041_multicore_res.json,56d57e6cfed4af1621dac3256fb0d277bdcbb391e78a41720c20aff943f19092,new_full_search_and_replay
case_041,4,component_pipe_balance,1490603,6003957,4.027871270888358,39164928,solutions/4cores/case_041_multicore_res.json,0b6114b4971e293e2634fd3439b1ac16590aab4c0ec1714fd81ae4688af83412,new_full_search_and_replay
case_041,5,component_pipe_balance,1196379,6003957,5.018440644645217,40630272,solutions/5cores/case_041_multicore_res.json,0f1a8aa4503495702299869b328e7a5759930a1c6b80de0bc6230597551bd9e9,delivered_method_reconstruction_and_replay
case_042,1,official_singlecore,1686740,1686740,1.0,6629376,solutions/1cores/case_042_multicore_res.json,d2081ece83d9033de97343585d9baf2b53075a3d221e902604363fffe703b529,new_full_search_and_replay
case_042,2,component_batches_512,835176,1686740,2.019622211366227,9815328,solutions/2cores/case_042_multicore_res.json,f2efb8d88f8bbf6f3c6a39824fd7a79d57564ca2b7c337ca8ec0d602fe5bb697,new_full_search_and_replay
case_042,3,component_lpt,562007,1686740,3.0012793434957215,8334912,solutions/3cores/case_042_multicore_res.json,bddfdabd2d378c127af99b8aa917d81057c54d4fd9758c5c49df407b94cb3ac8,new_full_search_and_replay
case_042,4,component_lpt,425650,1686740,3.9627393398331963,8553312,solutions/4cores/case_042_multicore_res.json,0df55f5a8e0e6e62d1efa388e847cc115f76e1832a22772e14f3905d223fd3a9,new_full_search_and_replay
case_042,5,component_lpt,342520,1686740,4.924500759079762,10187616,solutions/5cores/case_042_multicore_res.json,2c58f5218164b2c24e23d2c453325ffb32e1f0d8268301efa32d8dc6017d6d0f,delivered_method_reconstruction_and_replay
case_043,1,official_singlecore,677656,677656,1.0,49160,solutions/1cores/case_043_multicore_res.json,206834cfb1ea06a7ceafe7103b66b688311a31506fa5a9031848087f753ccc84,new_full_search_and_replay
case_043,2,component_lpt,353851,677656,1.9150885542219749,506880,solutions/2cores/case_043_multicore_res.json,bc45507e4b21b79284ba76cfc07035ad3d0d0b76a731bcbdbe41b17d10fdb763,new_full_search_and_replay
case_043,3,component_pipe_lpt,268448,677656,2.5243473596376207,2257920,solutions/3cores/case_043_multicore_res.json,d0af5f532aa3335c0b8ec855cda3682d60b0eebb7d37a7fe24eb0e9d91066929,new_full_search_and_replay
case_043,4,window16_heft,254894,677656,2.658579644871986,6476956,solutions/4cores/case_043_multicore_res.json,5f6e0edf1063430ee954961941d81415d40db0e63bf5375d65af3f0b8c2b2360,new_full_search_and_replay
case_043,5,vws18_54_t78_x,184243,677656,3.6780556113393725,5778672,solutions/5cores/case_043_multicore_res.json,1a5d027f2ab41c11dc89999c59cb32f1e5f29de74a92b5c6647790776a9dbb13,delivered_method_reconstruction_and_replay
case_044,1,official_singlecore,154407,154407,1.0,4438112,solutions/1cores/case_044_multicore_res.json,b3a3d432d31479494edec684578b81a56b8d294b44a2049ede0aaefb991fe351,new_full_search_and_replay
case_044,2,component_round_robin,131105,154407,1.1777354029213225,4672992,solutions/2cores/case_044_multicore_res.json,035b924facba39f3702acb6605890da5358a23e5420fcfa37524f731ad7857ec,new_full_search_and_replay
case_044,3,component_round_robin,123553,154407,1.2497227910289512,5161216,solutions/3cores/case_044_multicore_res.json,1ad9a834bcd0e0cc44e33f7ca46a6520d56ee8b6c3911d73ba523cc5f1d2756b,new_full_search_and_replay
case_044,4,share_pack_3,123553,154407,1.2497227910289512,5161216,solutions/4cores/case_044_multicore_res.json,42338c20cac0d2ca8c720d54f5381e5191e8787cc4f6d1cac616ba5d6bc46215,new_full_search_and_replay
case_044,5,component_group4,123553,154407,1.2497227910289512,5161216,solutions/5cores/case_044_multicore_res.json,885a84eab20bd4dc58caee6cdfbfd5d26432b39bf64b3289750e3808a72454be,delivered_method_reconstruction_and_replay
case_045,1,official_singlecore,125614,125614,1.0,0,solutions/1cores/case_045_multicore_res.json,76de6b75aa4cb0989adacd898da2af6cc98a843c5ec4f1d68a15b1d0bba7448c,new_full_search_and_replay
case_045,2,component_lpt,63059,125614,1.99200748505368,0,solutions/2cores/case_045_multicore_res.json,e67154587cdc0f9be2faa8f93a78d9171af089c4d999fad09c5e9b5d65eecfb0,new_full_search_and_replay
case_045,3,component_lpt,42601,125614,2.94861622966597,0,solutions/3cores/case_045_multicore_res.json,10e53d1c7f81d8230f0697fab058da575556a3de7fb1f74d27bae3c53f7ba6d4,new_full_search_and_replay
case_045,4,component_lpt,31878,125614,3.940460505677897,0,solutions/4cores/case_045_multicore_res.json,e7065e94b7806aaecd0e60c5c12d0cb294797b3d13bfb1569961a4f13ba14b8b,new_full_search_and_replay
case_045,5,component_lpt,26164,125614,4.801024308209754,0,solutions/5cores/case_045_multicore_res.json,d3982367cc66cc4413fa5e6dc97c9b7abaffc72ea00bd5191f108e85f05be435,delivered_method_reconstruction_and_replay
case_046,1,official_singlecore,276455,276455,1.0,3176288,solutions/1cores/case_046_multicore_res.json,d1b4a409de9ead0c25c6c667f834ab2bb78ce217c637479ee300c71065e42062,new_full_search_and_replay
case_046,2,component_batches_128,158876,276455,1.7400677257735593,6512800,solutions/2cores/case_046_multicore_res.json,f046c0e9a672f163c2c249b15b7bc61861fd6aa5c1bf00cf1ea519052cb011ea,new_full_search_and_replay
case_046,3,share_pack_6,133411,276455,2.072205440331007,5513376,solutions/3cores/case_046_multicore_res.json,ce2dd9511eab3d9d13b054b3b8722f778b43ff55944211dc1840c22b194fdb75,new_full_search_and_replay
case_046,4,component_round_robin,124612,276455,2.218526305652746,4513952,solutions/4cores/case_046_multicore_res.json,390858d214ecbea9e6f6e1208744f29ee7f2208e890d7c47fe5faaa704e36347,new_full_search_and_replay
case_046,5,component_group2,124612,276455,2.218526305652746,4513952,solutions/5cores/case_046_multicore_res.json,15a3f47690f94e6f0175810dd5ebd3456677af1d30de8cee334d418f149ba9f7,delivered_method_reconstruction_and_replay
case_047,1,official_singlecore,326508,326508,1.0,0,solutions/1cores/case_047_multicore_res.json,f7e1451d3131a66cc5afa7e72d3c97a91aed2d8c45f1d862e42f266e9478e13c,new_full_search_and_replay
case_047,2,window16_peft,242586,326508,1.3459474165862828,2487908,solutions/2cores/case_047_multicore_res.json,2da696f83d7f9f156452de2175e8e97408e0eecaf72620f84ca9c347853e7f6c,new_full_search_and_replay
case_047,3,window10_peft,205013,326508,1.5926209557442699,3241544,solutions/3cores/case_047_multicore_res.json,abc48cb56a818046555622cd68845a3c2ad7e57c7942652e0463ef3b0d6b9fa5,new_full_search_and_replay
case_047,4,window10_peft,186308,326508,1.752517336883011,3241544,solutions/4cores/case_047_multicore_res.json,13da8360c99a1c35c077b5c86c34fc195626b8ae1774325cfb518d62c9f8d53f,new_full_search_and_replay
case_047,5,vw24_10_t15_heft2,110433,326508,2.9566162288446387,3072968,solutions/5cores/case_047_multicore_res.json,d8d07151b48fd3a40c48505e70628d53247d76e827f7e43bc7af78d2eb5f1f6a,delivered_method_reconstruction_and_replay
case_048,1,official_singlecore,222220,222220,1.0,0,solutions/1cores/case_048_multicore_res.json,d32b77f9856f8edd942e118b95e1add14c4d2f74b57071e96654e1e5164d715a,new_full_search_and_replay
case_048,2,window10_heft,172467,222220,1.288478375573298,975730,solutions/2cores/case_048_multicore_res.json,84be239459ba8c6a6414ea6dcff51994cc7099068821d5e07e9cad0881e2fc35,new_full_search_and_replay
case_048,3,window10_heft,149701,222220,1.4844256217393337,975730,solutions/3cores/case_048_multicore_res.json,ce7d0428a6ac142d440d7c6ef3bf861bc1badf2cb30dc89b93f82e30c62dd804,new_full_search_and_replay
case_048,4,window10_heft,149706,222220,1.4843760437123428,975730,solutions/4cores/case_048_multicore_res.json,95691ddf0d28a24284f8e17cf849f9aeef1d10e5e95c5c18ab551ac6eea7c3d7,new_full_search_and_replay
case_048,5,vw16_8_t8_peftins,135628,222220,1.6384522370012091,848570,solutions/5cores/case_048_multicore_res.json,9297a8edf3bc0ae6b077a9f7994bdc141c260ee68f41ae2de88eb3731a3fc8e1,delivered_method_reconstruction_and_replay
case_049,1,official_singlecore,196276,196276,1.0,0,solutions/1cores/case_049_multicore_res.json,2186478cd6f24e1941a013639c9a52be08c5349cdf117842cedcedee1ff4f6dc,new_full_search_and_replay
case_049,2,hybrid20_10,138174,196276,1.420498791378986,1181698,solutions/2cores/case_049_multicore_res.json,637767491b62c897bed102db43a9de773484992b005314e6b1f4c51fa595f3a9,new_full_search_and_replay
case_049,3,window10_heft,111305,196276,1.7634068550379587,2102734,solutions/3cores/case_049_multicore_res.json,55764b666f2249f0efad239f06181574a62ced9792a0e615fc0a37e2dff1fe10,new_full_search_and_replay
case_049,4,window10_heft,97704,196276,2.0088839760910506,2102734,solutions/4cores/case_049_multicore_res.json,6cc29bfa02da0ceff1e1572cf9c0eb6085a9b83ac2e8e8462990f3324ef6a899,new_full_search_and_replay
case_049,5,vws9_18_t32_x,72477,196276,2.708114298329125,1854336,solutions/5cores/case_049_multicore_res.json,0103fce393c36a3509aa878be178937fe524463baaa6f7b5dc558665de09a599,delivered_method_reconstruction_and_replay
case_050,1,official_singlecore,149690,149690,1.0,0,solutions/1cores/case_050_multicore_res.json,f13b23adc8986223c3ed16bd5199b6a24e63786f325ffabaacedaa6a1d3a2149,new_full_search_and_replay
case_050,2,hybrid20_10,101420,149690,1.4759416288700453,917806,solutions/2cores/case_050_multicore_res.json,3ef12cab6b1a98d6ffaa57fd0bf14c752d171a9b30d6100e8703901494f57e7a,new_full_search_and_replay
case_050,3,window10_heft,84493,149690,1.7716260518622844,2019114,solutions/3cores/case_050_multicore_res.json,8be7930f16c0aab8c19a18ab5c07731841f40b5381656c1cd93401558cbb32a4,new_full_search_and_replay
case_050,4,window10_heft,72182,149690,2.0737857083483417,2019114,solutions/4cores/case_050_multicore_res.json,5473c3c4ea087a38fcb8284664d4c30e1c5ac09b9809d84cf62b288e2fa83519,new_full_search_and_replay
case_050,5,cav16_8_t15_b65536_peftins,52673,149690,2.8418734455983143,2038964,solutions/5cores/case_050_multicore_res.json,dd4d1355f4ee9a941f337db9c765bef939d0d7434233d3b21414d2e18bcc2518,delivered_method_reconstruction_and_replay
case_051,1,official_singlecore,607628,607628,1.0,0,solutions/1cores/case_051_multicore_res.json,d2a74eed1ca12d1890a92f6146eeff44c75d533e1a44afdef3274970662eddd5,new_full_search_and_replay
case_051,2,bundle_pack,357955,607628,1.6974982888910617,9045258,solutions/2cores/case_051_multicore_res.json,e14b2bf18f490d7584f23d56b4f6dc0e4a40e72e1728c87c6473d26c33644f35,new_full_search_and_replay
case_051,3,bundle_pack,291222,607628,2.086476983194951,9045304,solutions/3cores/case_051_multicore_res.json,57e49c4fb3247ea84ce290c5138a138f98e76251be6049b60f4926f57957cafd,new_full_search_and_replay
case_051,4,bundle_pack,254308,607628,2.389338911870645,9045350,solutions/4cores/case_051_multicore_res.json,0d9831087c25883688109b74c12a6e9c54a49eeb1962f618d55be4969cf6259d,new_full_search_and_replay
case_051,5,bundle_pack,253856,607628,2.3935932182024455,9045396,solutions/5cores/case_051_multicore_res.json,961059b3893093ee1ce2d5be1d6ae768ba97a3ee9b439a2b441291ca681fcde2,delivered_method_reconstruction_and_replay
case_052,1,official_singlecore,180301,180301,1.0,0,solutions/1cores/case_052_multicore_res.json,6b8c8232d352f6d96992aafb05307949def8c3395f86a8e75b0dae291f2ecf40,new_full_search_and_replay
case_052,2,component_lpt,90903,180301,1.9834438907406797,102912,solutions/2cores/case_052_multicore_res.json,5c46a484920e7c6cbf37956acf5e75b456d7491b5c90c1a4de02747499f52d57,new_full_search_and_replay
case_052,3,component_lpt,60160,180301,2.99702460106383,181248,solutions/3cores/case_052_multicore_res.json,5aa2180e3c064f5e71fe0d45d30ef157c226f61d2091c32c89a57cf6f68e5c33,new_full_search_and_replay
case_052,4,component_lpt,45777,180301,3.9386809970072307,254976,solutions/4cores/case_052_multicore_res.json,a69e213e39e775defdf7b516c206e6817a62f87718e2ba30db591753afc479fb,new_full_search_and_replay
case_052,5,component_lpt,37846,180301,4.76407017914707,333312,solutions/5cores/case_052_multicore_res.json,060c3acd7fe0c2ea89344a8418241a6e17dedcb0ec1e60ea2340db922a30e1dc,delivered_method_reconstruction_and_replay
case_053,1,official_singlecore,1472686,1472686,1.0,5405536,solutions/1cores/case_053_multicore_res.json,e2bb9a691fab82cc8d387e8f4d9ef4bf8f24904673bd061b5b5dc897b003f67f,new_full_search_and_replay
case_053,2,scene_a_spine,767477,1472686,1.9188666240160943,11409920,solutions/2cores/case_053_multicore_res.json,832a8ecf1d8519595790a57911eafed77e82b138d451060069f3f9c6ec2b7f33,new_full_search_and_replay
case_053,3,scene_a_spine,545234,1472686,2.7010164443156515,11409920,solutions/3cores/case_053_multicore_res.json,84565596ac83b14f0830f8417e947eecf2684ed1f2d10c50fc181bd353dfdd1a,new_full_search_and_replay
case_053,4,component_pipe_balance,492232,1472686,2.991853434965626,6360992,solutions/4cores/case_053_multicore_res.json,87bff39b9038b833a3fde1c2fdd346c0289a38fb851da5438dc799a8fe946081,new_full_search_and_replay
case_053,5,vws19_57_t63_x,439819,1472686,3.3483910426789203,13055454,solutions/5cores/case_053_multicore_res.json,cdd2df1bfe49fa5c6cd1e10b20ef736c3eab5039b384a719761f37f62b341d6d,delivered_method_reconstruction_and_replay
case_054,1,official_singlecore,815051,815051,1.0,0,solutions/1cores/case_054_multicore_res.json,303a13c8a7504a734bd51ced21a3f240b1e1d0d0dd0176ce18e01c0cf16bce7c,new_full_search_and_replay
case_054,2,hybrid20_10,493639,815051,1.6511073881925862,5523600,solutions/2cores/case_054_multicore_res.json,7ea845c00708a1acc610ab50c0135cc8478f992bae17928a2f1da237862539e6,new_full_search_and_replay
case_054,3,window10_peft,348651,815051,2.3377274122259797,7628804,solutions/3cores/case_054_multicore_res.json,b2675c0521c651de84299493f8933b30bb2914d66e1432ad5b09207a2b9df47b,new_full_search_and_replay
case_054,4,window10_peft,275497,815051,2.9584750469152112,7628804,solutions/4cores/case_054_multicore_res.json,f676872f2963c41e734e52eee4d888cbbd58bed2d34ce25e3b47edf22c1e096e,new_full_search_and_replay
case_054,5,window10_peft,227890,815051,3.576510597217956,7628804,solutions/5cores/case_054_multicore_res.json,7e21d21be333da957bbc7f12833630b28b45eb7ce8f88d869ebcc4212bfbc86a,delivered_method_reconstruction_and_replay
case_055,1,official_singlecore,118835,118835,1.0,69632,solutions/1cores/case_055_multicore_res.json,f087e910c4e28eb6ef3e4b108ff1ef3d4c9cca3208706fec7e6958edc9c8564c,new_full_search_and_replay
case_055,2,component_batches,58472,118835,2.032340265426187,57856,solutions/2cores/case_055_multicore_res.json,ba25c312c940f05ee7c177c7ef65ed37c6d00191c2a696446bbdc0f6554b77a5,new_full_search_and_replay
case_055,3,component_lpt,42047,118835,2.8262420624539204,115712,solutions/3cores/case_055_multicore_res.json,fd8d2e113ae252d70947c9e7204b5a38f7cbfb20e9b604cbe6c329b8419ad084,new_full_search_and_replay
case_055,4,component_pipe_balance,31367,118835,3.788535722255874,115712,solutions/4cores/case_055_multicore_res.json,8a3d1fc311e5ae828cdc829e317ae64422359f9d46d52f048ae48de0300cc214,new_full_search_and_replay
case_055,5,component_lpt,25570,118835,4.647438404380133,173568,solutions/5cores/case_055_multicore_res.json,cc120b68f0d78ddaec4c31aed75b36dc0dd0545b0411de3506e30da97b2261ff,delivered_method_reconstruction_and_replay
case_056,1,official_singlecore,277285,277285,1.0,0,solutions/1cores/case_056_multicore_res.json,7355144407cb6625ff18a853daf1c1966f13bef12d0b903a1f604f5ab1eb5919,new_full_search_and_replay
case_056,2,window12_heft,212938,277285,1.3021865519540898,3076702,solutions/2cores/case_056_multicore_res.json,9e35e80a78a2f8e7962bc579e35786c4986eaa02dfed581958e26fe0d0e7f6b8,new_full_search_and_replay
case_056,3,window12_heft,175831,277285,1.5769972302949993,3076702,solutions/3cores/case_056_multicore_res.json,9decc1c0c37da96c50a4c227e89d8c224716eebbde7a5a14454a4e7c07fc39e9,new_full_search_and_replay
case_056,4,window12_heft,157890,277285,1.7561910190639052,3076702,solutions/4cores/case_056_multicore_res.json,c2a4186158dcf41e8ba71c87dac8f8e5e0596b4aabed4827340bd356f86062b8,new_full_search_and_replay
case_056,5,vw24_10_t15_peftins,83730,277285,3.311656514988654,2891220,solutions/5cores/case_056_multicore_res.json,d137777c53216c7afbef0e91f904c666a9502018f66d58b6cf30e8e2c4acca44,delivered_method_reconstruction_and_replay
case_057,1,official_singlecore,59726,59726,1.0,94216,solutions/1cores/case_057_multicore_res.json,2c4423f6c876f78c022c3d94f14a2ec636aed690a97260d808c7dd1ebd3c651e,new_full_search_and_replay
case_057,2,component_lpt,30183,59726,1.9787960109995693,22304,solutions/2cores/case_057_multicore_res.json,02c8a3fb3ce54194bbc35519f77ed800323c2223aae6f2e7ed5591f5c8170fa4,new_full_search_and_replay
case_057,3,component_lpt,20705,59726,2.884617242212026,14112,solutions/3cores/case_057_multicore_res.json,0350c5db6c7504664b058c8aadbbbc82310ef26859ee46511dd3d16711cab08c,new_full_search_and_replay
case_057,4,component_lpt,16485,59726,3.6230512587200487,28224,solutions/4cores/case_057_multicore_res.json,cd1701716380a9b13820fdceabfd2e1dfd8c25c50500653ce7f3b449799522c4,new_full_search_and_replay
case_057,5,ls_pipevec_merge,13493,59726,4.426443340991625,70272,solutions/5cores/case_057_multicore_res.json,2a5aa0fb31711890cf242243a5d8a08f5a8cae95f45e5a97deb8a4b7a1370065,delivered_method_reconstruction_and_replay
case_058,1,official_singlecore,4539717,4539717,1.0,28696576,solutions/1cores/case_058_multicore_res.json,a38a496ab67cfc079e5e35f0a019de892e18ee2a1e3c5c60acea35545ae93189,new_full_search_and_replay
case_058,2,component_batches,2217447,4539717,2.047271930287398,55418880,solutions/2cores/case_058_multicore_res.json,f96cd70ba20f226576cb2fd6cc03746d5de053d7b2074ba269b4f1579a038c3a,new_full_search_and_replay
case_058,3,component_round_robin,1554831,4539717,2.9197494775959574,30400512,solutions/3cores/case_058_multicore_res.json,2833e714daa0b8cffa45b8639354fa3b112d61c5cb834cabd9f71e39e9f31de3,new_full_search_and_replay
case_058,4,component_round_robin,1154519,4539717,3.9321284448328697,42622976,solutions/4cores/case_058_multicore_res.json,da0763f9001dd1b4779dd7055b1f94789cf43c6f8588d13b58dad8f2f959fdee,new_full_search_and_replay
case_058,5,pipe_seg_1.0,948121,4539717,4.788119870775987,30142464,solutions/5cores/case_058_multicore_res.json,17dd9704049881971dbc08599bc0e67c481c52e419ebe6d84af5881c807de5b3,delivered_method_reconstruction_and_replay
case_059,1,official_singlecore,829473,829473,1.0,1691648,solutions/1cores/case_059_multicore_res.json,195a633562363c88b80ad7c2e4fe2a1785941603a05262e519452f9a1bc3f6cf,new_full_search_and_replay
case_059,2,component_round_robin,369318,829473,2.2459587672412393,360448,solutions/2cores/case_059_multicore_res.json,fcca41e61222e56b2847a00f34aebdfd916ea8e865f591478466ce633d0abb2f,new_full_search_and_replay
case_059,3,component_batches_512,254768,829473,3.2557974313885576,4370432,solutions/3cores/case_059_multicore_res.json,142dd71926098f5ca677377bfa1da28737ea955f11fa5a2e9538a672de2bc54c,new_full_search_and_replay
case_059,4,component_round_robin,185216,829473,4.478408992743607,1081344,solutions/4cores/case_059_multicore_res.json,52666465e2da0ac177b591a04e755ba265953772be3c750aa39f89c4fd94317f,new_full_search_and_replay
case_059,5,component_round_robin,150782,829473,5.501140719714555,4325376,solutions/5cores/case_059_multicore_res.json,7c6ded6cc794ff0fcc8d9e0e375160e3351802f48b594f9050a7cc3df700569c,delivered_method_reconstruction_and_replay
case_060,1,official_singlecore,888789,888789,1.0,2068520,solutions/1cores/case_060_multicore_res.json,d25f48fa82c8cb2bb3b332205dd2448506d5dcd85391ed5aeff6c8ae79636c18,new_full_search_and_replay
case_060,2,component_lpt,441525,888789,2.012998131476134,2746508,solutions/2cores/case_060_multicore_res.json,5ab48b8726ce62aed7175923a12507f28bd925dbe5b6b03765d085915f481a37,new_full_search_and_replay
case_060,3,component_lpt,295983,888789,3.0028380008311286,3159296,solutions/3cores/case_060_multicore_res.json,92b25536516f5fce72ed1ac382df8b95caaa4d0cc3016119694394142bde4539,new_full_search_and_replay
case_060,4,component_lpt,223107,888789,3.9836894404926784,3960200,solutions/4cores/case_060_multicore_res.json,e2fb9e787bd7eea889b6e6fb491c2627adbd7339b5c1b79ef1434d67dbeb86cd,new_full_search_and_replay
case_060,5,kios_pipe_vector_lpt,179209,888789,4.959510962061057,3713280,solutions/5cores/case_060_multicore_res.json,4d0b72161b58a7b9c921b96e0f48e9188671704aae0f3e4564ccdf4abdc2fe95,delivered_method_reconstruction_and_replay
case_061,1,official_singlecore,77191,77191,1.0,0,solutions/1cores/case_061_multicore_res.json,cba797eaafca9c3f1de1d713316b8d86836a0782c649a5d5709688be1562f445,new_full_search_and_replay
case_061,2,component_pipe_balance,39298,77191,1.9642475444042953,34560,solutions/2cores/case_061_multicore_res.json,c89835efe48a565de343ae82b110fdf80c36f83b7c897c8656b8b60800142234,new_full_search_and_replay
case_061,3,component_pipe_balance,28342,77191,2.723555147837132,43008,solutions/3cores/case_061_multicore_res.json,c7522afa28a65a5fff502672403f9047e58cc8acf0bfd9b51030bd0e510b3fe2,new_full_search_and_replay
case_061,4,component_batches_512,23429,77191,3.2946775363865295,62208,solutions/4cores/case_061_multicore_res.json,26b7ef0f47e1dc2860436d7dd8d03d08e203ebf3173f3eb17f4514f495482965,new_full_search_and_replay
case_061,5,kios_pipe_vector_lpt,22283,77191,3.46412063007674,81408,solutions/5cores/case_061_multicore_res.json,a73a433218f887bb793be594c48f4b61071d2072d3c4ba2d703f11645bfd3978,delivered_method_reconstruction_and_replay
case_062,1,official_singlecore,2854809,2854809,1.0,0,solutions/1cores/case_062_multicore_res.json,0058b0b0a1310dc2400dc166519f401b1beb42c5139f8d5d11c82d707a3088da,new_full_search_and_replay
case_062,2,window16_heft,1432564,2854809,1.9927968314155597,52224,solutions/2cores/case_062_multicore_res.json,d616cf4b2e9d8c282a206db7106e3e7eb887b8755c649a6762cd73a4f0fe4d3d,new_full_search_and_replay
case_062,3,window12_heft,986120,2854809,2.894991481766925,453120,solutions/3cores/case_062_multicore_res.json,5618308ea9a76af9f139c4041f0810a2da9da3f26a147dc6f7a892064804533e,new_full_search_and_replay
case_062,4,window12_heft,744478,2854809,3.834645214499287,453120,solutions/4cores/case_062_multicore_res.json,fa6a594e55e3fb6e3cbee22dcd9cdd0991411a50f8dc09619076447c33395dcb,new_full_search_and_replay
case_062,5,window12_heft,603087,2854809,4.733660317665611,453120,solutions/5cores/case_062_multicore_res.json,3f46bb103bc0cdf5e9058a15b5c70cbc5a759f7dd43a285f39780d5da3efbc19,delivered_method_reconstruction_and_replay
case_063,1,official_singlecore,1070397,1070397,1.0,0,solutions/1cores/case_063_multicore_res.json,2e9f6e5c6ad286a9ccd480a1b0c777a45fe34b171855633bb43d327ee48bdec9,new_full_search_and_replay
case_063,2,window16_heft,538695,1070397,1.9870186283518503,36864,solutions/2cores/case_063_multicore_res.json,6f699729a8ae56c3991a73154fd1b6d12714130aa01bd9ccee8e00d70d79c347,new_full_search_and_replay
case_063,3,window16_heft,360020,1070397,2.973159824454197,36864,solutions/3cores/case_063_multicore_res.json,4f58de9726121678738d843a7bf01698660e2caefedf669b29e030a1f4dad840,new_full_search_and_replay
case_063,4,window12_heft,284144,1070397,3.7670934455768905,185856,solutions/4cores/case_063_multicore_res.json,1a4668fea0f9874066e51d3cf19be3ae6542b13c17a1b539de2e29f680c66816,new_full_search_and_replay
case_063,5,cav16_8_t15_b65536_peftins,228432,1070397,4.685845240596764,176640,solutions/5cores/case_063_multicore_res.json,1c752d1154b5c52070d45f67d68f48b609c715a8e4e765dd36cac0857310db62,delivered_method_reconstruction_and_replay
case_064,1,official_singlecore,19116,19116,1.0,0,solutions/1cores/case_064_multicore_res.json,8e255667637d48dc008148e4b6ee94f9f40ae6b096eb559a555827f5c82c0b70,new_full_search_and_replay
case_064,2,hybrid32_16,18428,19116,1.0373344909919688,51640,solutions/2cores/case_064_multicore_res.json,461cf6f6cd7be04781427a82da5c4e8a0fb3ce2a22ced2675ac8a77171322c94,new_full_search_and_replay
case_064,3,hybrid32_16,16468,19116,1.160796696623755,84286,solutions/3cores/case_064_multicore_res.json,9e15c4c2a0c97f3f8a1a519490aa77162844289efeb4062763f37dd686643017,new_full_search_and_replay
case_064,4,window10_heft,15775,19116,1.2117908082408875,147038,solutions/4cores/case_064_multicore_res.json,84d44718aab855b3d51c7ca5c0d9b646a53fee11ee483fb8b5c9e450d1a683ff,new_full_search_and_replay
case_064,5,vw32_8_t15_heft2,9742,19116,1.9622254157257237,135482,solutions/5cores/case_064_multicore_res.json,db866c504e0b29e24a83c8955b7a0c9e214387d6247044ce02941b3d9eaac9e3,delivered_method_reconstruction_and_replay
case_065,1,official_singlecore,53068,53068,1.0,0,solutions/1cores/case_065_multicore_res.json,462655786e4d45971797edaace468c25751908e507fc4c24313fcc47205031f2,new_full_search_and_replay
case_065,2,component_lpt,26802,53068,1.9800014924259384,13968,solutions/2cores/case_065_multicore_res.json,31fd752a5260cd1fb08ad8b086d0eaae90f184dc590e800074197863ca9ceca3,new_full_search_and_replay
case_065,3,component_round_robin,17851,53068,2.972830653744888,27936,solutions/3cores/case_065_multicore_res.json,8af11c029567de527373b64d72f54f4af6c970ed2b3e95e9e903a54890f68842,new_full_search_and_replay
case_065,4,component_lpt,13800,53068,3.8455072463768114,41904,solutions/4cores/case_065_multicore_res.json,f3564bdb287c0588277fa4d3bfb8a336041606d362d76e30cf9d685fd6f0a4aa,new_full_search_and_replay
case_065,5,component_lpt,10984,53068,4.8313911143481425,55872,solutions/5cores/case_065_multicore_res.json,e19d25256e62cf655fbbf56ce870441ce15527a7c42f2d6e0c909a7cbc427903,delivered_method_reconstruction_and_replay
case_066,1,official_singlecore,359070,359070,1.0,0,solutions/1cores/case_066_multicore_res.json,6cc57264c628daf6a00c579335d674f65bd9bc44d5521949cf85c18b3590ace4,new_full_search_and_replay
case_066,2,window16_heft,224303,359070,1.6008256688497255,2359826,solutions/2cores/case_066_multicore_res.json,3f59e69e34b281212c7807bddae59a6949b30e3114fd5512bcb9692dad16d0d3,new_full_search_and_replay
case_066,3,window16_heft,186195,359070,1.9284620961894787,2359826,solutions/3cores/case_066_multicore_res.json,4651ae287f4cede29f003e67d0861b1bd075e9571c453d7b7026a76a4f78eeab,new_full_search_and_replay
case_066,4,window8_heft,160861,359070,2.2321756050254566,3394350,solutions/4cores/case_066_multicore_res.json,2bf71302662927ec0fc09bdc34e9841bd355aee5cad9a36e5adeac1a22bf8a98,new_full_search_and_replay
case_066,5,vw24_8_t25_heft2,104121,359070,3.4485838591638576,3238412,solutions/5cores/case_066_multicore_res.json,9ab4fff0c5adb7245784ed182e41fca7d386f552bf00acb7e6b3e7527cd3af0e,delivered_method_reconstruction_and_replay
case_067,1,official_singlecore,63834834,63834834,1.0,264449408,solutions/1cores/case_067_multicore_res.json,7e1066d4c23ce36241e0ef0b25bf2d814fcd59851bebdae8830017511176f488,new_full_search_and_replay
case_067,2,component_round_robin,33768704,63834834,1.890354868223548,264024576,solutions/2cores/case_067_multicore_res.json,c055deeba01d73bf145e4f9ce679c0004134c7b911e4eaf9f30fe895e5fd8ebe,new_full_search_and_replay
case_067,3,component_round_robin,23568859,63834834,2.7084397254869232,263599744,solutions/3cores/case_067_multicore_res.json,c0b6abcb5fc5f9f52bd209253592dd34bc365985a9614fb2fc6b4a30ece7ec4a,new_full_search_and_replay
case_067,4,component_round_robin,18473155,63834834,3.4555458447677183,263174912,solutions/4cores/case_067_multicore_res.json,b4845bffef81a3cf7436a96eea22f9e7a17c6c0f86d7b57afbd8dbbc354a74bb,new_full_search_and_replay
case_067,5,win_w7,13376272,63834834,4.772244015372893,284358912,solutions/5cores/case_067_multicore_res.json,b3848a5f7a70df6ea39b7658b8fb04ffe692a8d7642ac17354718c7eb738ed97,delivered_method_reconstruction_and_replay
case_068,1,official_singlecore,362095,362095,1.0,0,solutions/1cores/case_068_multicore_res.json,0a7c7b63e8a12964e4e020363366b8c87e6f80b097ed19bca06d80fb49aae469,new_full_search_and_replay
case_068,2,window16_heft,248296,362095,1.4583199084963108,2523976,solutions/2cores/case_068_multicore_res.json,c9d1ff6aa0e2964037202947681207c0736e70e456711ce35716d42f0b465a43,new_full_search_and_replay
case_068,3,window16_heft,213549,362095,1.695606160646971,2523976,solutions/3cores/case_068_multicore_res.json,a1b4f606f75119f07b9e16a62091f3987c794350189e2f08f397c74f5e2b4417,new_full_search_and_replay
case_068,4,window16_heft,184479,362095,1.9627979336401433,2523976,solutions/4cores/case_068_multicore_res.json,e053510c4b322380cacf66b5ad7acf71a947bb2cb7f89b67678acc6e69e46d70,new_full_search_and_replay
case_068,5,vw24_8_t25_peftins,141042,362095,2.5672849222217495,3126886,solutions/5cores/case_068_multicore_res.json,57d9168a0adc680219b1c1e8745f46f4cfef788851da8a8b513162fd9cca3c81,delivered_method_reconstruction_and_replay
case_069,1,official_singlecore,25144,25144,1.0,0,solutions/1cores/case_069_multicore_res.json,9a4617c063a728654291de0a0ccbe2c26b0a04bb90eb8f4f99f56e9018790af7,new_full_search_and_replay
case_069,2,hybrid20_10,18679,25144,1.3461106054927994,485382,solutions/2cores/case_069_multicore_res.json,6568eaaf14fb40c6fa6586a9eb62a497c5f0316bfde7fb556cc34dc91cac90ba,new_full_search_and_replay
case_069,3,hybrid20_10,15644,25144,1.607261569930964,485382,solutions/3cores/case_069_multicore_res.json,80ca82022d783339e601254e8a9eb2e02aa5c9c9ccc117343a1562fd872f5622,new_full_search_and_replay
case_069,4,hybrid20_10,14655,25144,1.7157284203343568,485382,solutions/4cores/case_069_multicore_res.json,851543826ecef3e653197700166d3431aca993bf3691226eb7928afe8e1a3969,new_full_search_and_replay
case_069,5,ls_vw24_8_t15_heft2,12286,25144,2.0465570568126323,403890,solutions/5cores/case_069_multicore_res.json,93e605492fa67d187a0bf950bcd3f9145babd5c8fed27ec0aa001bcb119fc6e0,delivered_method_reconstruction_and_replay
case_070,1,official_singlecore,117300,117300,1.0,0,solutions/1cores/case_070_multicore_res.json,35503e8a606ef5a291c9918249aab3d458cd03475cbbc72620b0ae2c93d4de5d,new_full_search_and_replay
case_070,2,component_pipe_balance,58498,117300,2.005196758863551,129536,solutions/2cores/case_070_multicore_res.json,25426b15431b76763e81c87830dc7e706429d3c8d5e9035fba3edfc27369ae81,new_full_search_and_replay
case_070,3,component_lpt,39333,117300,2.9822286629547707,259072,solutions/3cores/case_070_multicore_res.json,c0291f60da25aea7fb51ce030e0bb8a455a042025ba173bc2971f1e225bcaf75,new_full_search_and_replay
case_070,4,component_lpt,30080,117300,3.8996010638297873,333312,solutions/4cores/case_070_multicore_res.json,52b4b29e2040f66ac107df4ba24f5ad22c6e8a5e5b3f7e315b43909eff5220f6,new_full_search_and_replay
case_070,5,component_lpt,25374,117300,4.622842279498699,449024,solutions/5cores/case_070_multicore_res.json,452af54e5ec25ce2c16fa792605b2a2663b257f9b3cc6c7161a974f2b28c2bcb,delivered_method_reconstruction_and_replay
case_071,1,official_singlecore,18919,18919,1.0,0,solutions/1cores/case_071_multicore_res.json,f82d04a4b9d570fa5e42fc7121974485d556bb64fcf661523a3561120b3e4572,new_full_search_and_replay
case_071,2,hybrid20_10,14820,18919,1.2765856950067476,348768,solutions/2cores/case_071_multicore_res.json,99297c7f956cdbab5507aa3b752a7149e3e70eeb9d0f592e7c04ec3783098368,new_full_search_and_replay
case_071,3,hybrid20_10,12785,18919,1.479780993351584,348768,solutions/3cores/case_071_multicore_res.json,409b62280bf2d8a36b18dea128de614985cee142a873a77a0480e21b9236fba3,new_full_search_and_replay
case_071,4,hybrid20_10,11119,18919,1.7015019336271247,348768,solutions/4cores/case_071_multicore_res.json,f25384cb059ae77452fb9eea3b602bfc7fd23e28a399e11c91bbd12a76a0e4db,new_full_search_and_replay
case_071,5,vw24_8_t15_heft2,9969,18919,1.8977831276958572,291376,solutions/5cores/case_071_multicore_res.json,61762ec50b40c13461eedba2d46fbae4d5b3bb49e9b57af9fc13259de20ca0a5,delivered_method_reconstruction_and_replay
case_072,1,official_singlecore,23897828,23897828,1.0,108613680,solutions/1cores/case_072_multicore_res.json,0fd024830f492dc03333049ae974ba60fec3388291f09ed82ca798f152e15c07,new_full_search_and_replay
case_072,2,component_batches,11610962,23897828,2.0582125753232163,114461472,solutions/2cores/case_072_multicore_res.json,ad511504857c6fdbdb66c1b6481f684c6e40ff10d15d081d974ba8c73cb6f7e8,new_full_search_and_replay
case_072,3,component_batches,7835724,23897828,3.0498557631687895,115133216,solutions/3cores/case_072_multicore_res.json,8897668d49b5b05d1f3651d3e8ad48fa2cf302670d8f452512fc18de64a7ab58,new_full_search_and_replay
case_072,4,component_batches,5885879,23897828,4.060196956138582,118934304,solutions/4cores/case_072_multicore_res.json,17dac4e0571d6269235263cbed4a57f4e26ff57d8f005b76b2a8d2d6ae69baa2,new_full_search_and_replay
case_072,5,rebal0.5_component_batches,4717500,23897828,5.0657822999470055,121807536,solutions/5cores/case_072_multicore_res.json,4e50f0bdf7b930bb29d990a68add30e3467a415de8351ca95508f5cb388634a0,delivered_method_reconstruction_and_replay
case_073,1,official_singlecore,10081626,10081626,1.0,141570432,solutions/1cores/case_073_multicore_res.json,7116f5343d2950424bff808dabe9fc6e571b40be367cff74ab106678902556dd,new_full_search_and_replay
case_073,2,component_round_robin,5980423,10081626,1.6857713910872192,141121024,solutions/2cores/case_073_multicore_res.json,004c8725feecfeeb8c12e91909e214a6f9a23e55949c06cd33da4fd55b2bdff8,new_full_search_and_replay
case_073,3,component_round_robin,4515227,10081626,2.232806013961203,140671616,solutions/3cores/case_073_multicore_res.json,31e87083538cb1e156aa582b18c99fb41c6603f2ac450ef11a95cd8287370e01,new_full_search_and_replay
case_073,4,component_round_robin,3903787,10081626,2.5825246100773427,140222208,solutions/4cores/case_073_multicore_res.json,3952fe85eceb5811be4b06cb2854e47734ac67b69443a0490f42d6e5536b5c33,new_full_search_and_replay
case_073,5,critical_cut_b0.06_s0.35,3255280,10081626,3.0970073234867663,142319360,solutions/5cores/case_073_multicore_res.json,33441d4cd425113c65b0399030ed63e756b9b5999b1a065c11af2d95f4da22fc,delivered_method_reconstruction_and_replay
case_074,1,official_singlecore,1682239,1682239,1.0,6070280,solutions/1cores/case_074_multicore_res.json,50162acfddc34ebe39d098811889ed0570e5908c33bafc78408aecfd4cd049d5,new_full_search_and_replay
case_074,2,component_pipe_balance,826889,1682239,2.034419371886674,6168576,solutions/2cores/case_074_multicore_res.json,6ea985b2c428e775117d7677613e760d0a0344faedc8ed135b9f801f8e91b5af,new_full_search_and_replay
case_074,3,component_batches_512,544371,1682239,3.0902436022492012,8302592,solutions/3cores/case_074_multicore_res.json,317c1ca100a6490a21dfc1cdaaeb97c1070175daa823f8a9ac717b9ceb44fe3f,new_full_search_and_replay
case_074,4,component_batches_512,415803,1682239,4.045759650603771,9101312,solutions/4cores/case_074_multicore_res.json,d90c953ba6e0c5f2ba60089a639782daf3113d28a82fbb9a3526e6fe2f3d66df,new_full_search_and_replay
case_074,5,component_round_robin,334111,1682239,5.034970414024082,9535488,solutions/5cores/case_074_multicore_res.json,64c3a893b20751cc9a9a7a1179d2a4813da2bf8594f9300ea1e121a9dfded85e,delivered_method_reconstruction_and_replay
case_075,1,official_singlecore,1441809,1441809,1.0,0,solutions/1cores/case_075_multicore_res.json,ed02a53377dab05accf5e971d7e7d48b35e69d472a4f2ad4c4ff128b3c91a4fc,new_full_search_and_replay
case_075,2,window8_heft,1003706,1441809,1.4364853851625874,7676346,solutions/2cores/case_075_multicore_res.json,6e71e2749357bba2ee032d81d2f7fd829289f7c1a77e086c4d20435a3bbd798d,new_full_search_and_replay
case_075,3,window8_heft,813825,1441809,1.7716450096765275,7676346,solutions/3cores/case_075_multicore_res.json,37ba573e615fca16507d9fe37145555f83d354eacb7ef1996476936819bd49c0,new_full_search_and_replay
case_075,4,window4_peft,722310,1441809,1.9961083191427504,10855040,solutions/4cores/case_075_multicore_res.json,12983485cb31ad7a4b7bdd87453dc5a61b56ae3ff93198864099c17d7f3cd520,new_full_search_and_replay
case_075,5,vw24_10_t15_heft2,393990,1441809,3.6595065864615854,6347564,solutions/5cores/case_075_multicore_res.json,07fbfd180639820b25d5e1506ddedd7c88486b8f7cf9fcc7237727e7efb0f1e1,delivered_method_reconstruction_and_replay
case_076,1,official_singlecore,6185113,6185113,1.0,28280832,solutions/1cores/case_076_multicore_res.json,42404e20f9ca22bd1c4f6e9e730238514cfe0cca06eedc8cf026a94f7359be29,new_full_search_and_replay
case_076,2,component_batches,3063226,6185113,2.0191500725052607,50492416,solutions/2cores/case_076_multicore_res.json,f72e5c443021b2923aae1c73f05436cfb666a73c120b046d916452e627a6b50d,new_full_search_and_replay
case_076,3,component_batches,2047233,6185113,3.021206184151975,51227648,solutions/3cores/case_076_multicore_res.json,b04fa838aeddd9bb4740dc09e99a45458ea3485e069c815fbe3ff8ed1bd5fec3,new_full_search_and_replay
case_076,4,component_batches,1535415,6185113,4.028300492049381,52128768,solutions/4cores/case_076_multicore_res.json,55a16ef2234482160907abf3c6f8a6e6ac09730597543f1a8a0f18261484e410,new_full_search_and_replay
case_076,5,component_batches,1234641,6185113,5.009644908924942,53274624,solutions/5cores/case_076_multicore_res.json,65c760d4b7a06221179c0ec36b40aa415764e2adca7915d73f7474ba94fa65e6,delivered_method_reconstruction_and_replay
case_077,1,official_singlecore,495320,495320,1.0,0,solutions/1cores/case_077_multicore_res.json,954c5ccc3c2558a22a3b7ade097361d59c996622f923a3e2857ebf856764000f,new_full_search_and_replay
case_077,2,component_lpt,248734,495320,1.9913642686564763,57344,solutions/2cores/case_077_multicore_res.json,98fcfd74ca8f49595fc311d3404c7b47809a265739608d7895c969a50b7cdd5b,new_full_search_and_replay
case_077,3,component_lpt,168976,495320,2.9313038538017233,114688,solutions/3cores/case_077_multicore_res.json,dd49b43192ca68cdc4eb055aa8cd0c1b54c1172ab4071d7091d0f404bd465b43,new_full_search_and_replay
case_077,4,component_lpt,127832,495320,3.8747731397459164,114688,solutions/4cores/case_077_multicore_res.json,b6b8b95816e37b71b397bc18ebdd1c310083d80b5ceaea8acdaa8a9974bd0c6c,new_full_search_and_replay
case_077,5,component_pipe_lpt,115074,495320,4.304360672263066,1146880,solutions/5cores/case_077_multicore_res.json,da438ecc5d8c327eee532e6c8132a767c7e3d19fddf5eb8a44fd307ed6016a4e,delivered_method_reconstruction_and_replay
case_078,1,official_singlecore,2296143,2296143,1.0,12644568,solutions/1cores/case_078_multicore_res.json,7395af0f84e8df20ccc8d47ee4ad7a012b77bbb4c064bbe6f87ba64d9ae77700,new_full_search_and_replay
case_078,2,component_batches_128,1080972,2296143,2.1241466013920807,15039360,solutions/2cores/case_078_multicore_res.json,7d70fa501abe8ed79772ed56bd025faaac9e7d436ebf53aad1832d6d46fe012b,new_full_search_and_replay
case_078,3,component_batches_128,850256,2296143,2.7005313693758115,15039360,solutions/3cores/case_078_multicore_res.json,23c3822b16472e5d6b4bf9cbbb1cc2e01ca9def8b80eb912b09403595c0b87b3,new_full_search_and_replay
case_078,4,component_batches_128,619540,2296143,3.706206217516222,15039360,solutions/4cores/case_078_multicore_res.json,ae5d76e5281d37787e23a0e0e12c525d3ad7ecedc21738916fc9faea89a08bb8,new_full_search_and_replay
case_078,5,critical_cut_b0.16_s1.0,528769,2296143,4.342431193961825,15874944,solutions/5cores/case_078_multicore_res.json,54a92d26ce72a12f0e17194b5762a96d657ff36ea2b751eec822b49ee66c73c8,delivered_method_reconstruction_and_replay
case_079,1,official_singlecore,31052251,31052251,1.0,32448512,solutions/1cores/case_079_multicore_res.json,6bcfd48508248d8c3fa3b67dbd85d671359da77cd2ea2a932edeebf9ef77d31a,new_full_search_and_replay
case_079,2,component_batches,14772668,31052251,2.102006963129477,57446400,solutions/2cores/case_079_multicore_res.json,f1226a0687869db7daad09fdf6ed21ed072eee08a4c4ae3c12b1fc41a3818476,new_full_search_and_replay
case_079,3,component_batches,9860476,31052251,3.1491634886591684,59879424,solutions/3cores/case_079_multicore_res.json,78e12709293dd9d76f06489412b10242328afb46205615954552ad6829e262b1,new_full_search_and_replay
case_079,4,component_batches,7404380,31052251,4.193767877931711,62312448,solutions/4cores/case_079_multicore_res.json,5fc2fbb1bfd56dd77b6289b08cf578efb3362cd2dd5cf466aa1294204cab6c1a,new_full_search_and_replay
case_079,5,component_batches,5972750,31052251,5.198987233686325,63731712,solutions/5cores/case_079_multicore_res.json,1486c1a33c3955a89a32a6e798227ce17b4622017ffe7e0c8351e399590305b6,delivered_method_reconstruction_and_replay
case_080,1,official_singlecore,292138,292138,1.0,548864,solutions/1cores/case_080_multicore_res.json,c5c67eb6e7810bb4f0652235585b7066576e77f2cb7aab78ce3b23bfd347f0d9,new_full_search_and_replay
case_080,2,component_round_robin,145926,292138,2.0019598974822856,2191360,solutions/2cores/case_080_multicore_res.json,92ca363b9c6db1f5e8155d33d7b3473e345ff4dfad54740f4f3916b6436a0cfe,new_full_search_and_replay
case_080,3,component_round_robin,100325,292138,2.9119162721156244,3047424,solutions/3cores/case_080_multicore_res.json,d1538f5b1ff719f8474207fcc373c03e585b178a140b8563d710d5863e3ef4d4,new_full_search_and_replay
case_080,4,component_round_robin,111314,292138,2.6244497547478303,4190208,solutions/4cores/case_080_multicore_res.json,79c56407e150366527dd48d24be659091bea2e30370723c559dfcb9d71128d1b,new_full_search_and_replay
case_080,5,component_group4,89651,292138,3.2586139585726874,2158592,solutions/5cores/case_080_multicore_res.json,2cbf1e59b35cd39461f23d7d8d61ac4d6814055f39e92304e35a8dc5ac39aa03,delivered_method_reconstruction_and_replay
case_081,1,official_singlecore,151795,151795,1.0,0,solutions/1cores/case_081_multicore_res.json,60f6a58b2ad79a0387989c34d0acd20d3cf083d5f7ec0a8ddf4c665b1c48b61e,new_full_search_and_replay
case_081,2,component_round_robin,76860,151795,1.9749544626593807,0,solutions/2cores/case_081_multicore_res.json,b29bfdb6b94f1ab53f8eb8b26d4339615f498a9e9e5740cba5c598d2fbc2e412,new_full_search_and_replay
case_081,3,component_round_robin,51943,151795,2.9223379473653814,0,solutions/3cores/case_081_multicore_res.json,088e938472b8692ba11727fb7a1206456ed7fea5858fdadcebb5619d2a2b3392,new_full_search_and_replay
case_081,4,component_round_robin,39588,151795,3.834369000707285,0,solutions/4cores/case_081_multicore_res.json,40493bfece136582b721f934a3138cbe92d30e5f9c4e1f0ad7576d9dc6e79efa,new_full_search_and_replay
case_081,5,component_round_robin,30943,151795,4.905632937982743,0,solutions/5cores/case_081_multicore_res.json,84eb89e9c9d9dbb3c261be1dc24c522456d3fcd7953a5db1b8a356e2831188fc,delivered_method_reconstruction_and_replay
case_082,1,official_singlecore,721041,721041,1.0,0,solutions/1cores/case_082_multicore_res.json,211f957dba459390e4ce523f4c2fef4afd01dd3b8380d80aabdd3d6e313d3a13,new_full_search_and_replay
case_082,2,window8_heft,501558,721041,1.4376024308255475,4403200,solutions/2cores/case_082_multicore_res.json,108cc922a89faeff38fb01a746bef7d60c614a9adabcaca9fae00cbb74b281c0,new_full_search_and_replay
case_082,3,window8_heft,405013,721041,1.7802910030048418,4403200,solutions/3cores/case_082_multicore_res.json,9de6f49f60d15772baaf931caf4a4c625a622b491b47a5740006378c8436cd94,new_full_search_and_replay
case_082,4,window8_heft,352859,721041,2.0434252775187822,4403200,solutions/4cores/case_082_multicore_res.json,c9d31c69c83911beec1db7dda70d8053084d22d06ebbf1166012c2a9260b02e8,new_full_search_and_replay
case_082,5,vw24_10_t15_peftins,228278,721041,3.158609239611351,3399908,solutions/5cores/case_082_multicore_res.json,43770d5c78412d6f8aca8adf196d6897e5675eb3e65d7db49b74ca40ba419b8a,delivered_method_reconstruction_and_replay
case_083,1,official_singlecore,1057993,1057993,1.0,13934688,solutions/1cores/case_083_multicore_res.json,2e3f9f587077b06c39a9fa8e44a2a5fb3986913711e0c2eb20bb2e9e32e4bd56,new_full_search_and_replay
case_083,2,component_batches_128,624895,1057993,1.693073236303699,27912000,solutions/2cores/case_083_multicore_res.json,84caed66cd913dcbba0931e7f933014ce3a1709396accdc14c4275aff727a362,new_full_search_and_replay
case_083,3,share_pack_6,482813,1057993,2.191310093141651,15511648,solutions/3cores/case_083_multicore_res.json,1dad40889a1eeef8160dffdf0b3078c167d674ca28a4bf123c74af602e12c6f9,new_full_search_and_replay
case_083,4,component_round_robin,450029,1057993,2.350944050272316,14977600,solutions/4cores/case_083_multicore_res.json,c4bfad849b9355a641687683312220392b958610c3ae350b3366e7361b0f406d,new_full_search_and_replay
case_083,5,share_pack_10,412888,1057993,2.562421286159927,17453280,solutions/5cores/case_083_multicore_res.json,e5434b15069e88c9d8ebff8457f495586ad10c1950997fbc6ad89fe5b27d0886,delivered_method_reconstruction_and_replay
case_084,1,official_singlecore,2507412,2507412,1.0,0,solutions/1cores/case_084_multicore_res.json,1f8ee2c4cb58dffd7f353047816d76ac7024f988f6d3512479e3b6418d5f0e20,new_full_search_and_replay
case_084,2,component_round_robin,1255052,2507412,1.9978550689533183,0,solutions/2cores/case_084_multicore_res.json,dfe93bca98fadab8b368486a8229c07cf966aa163bd1e7bbd69a3760597b2b2b,new_full_search_and_replay
case_084,3,component_round_robin,836220,2507412,2.998507569778288,0,solutions/3cores/case_084_multicore_res.json,4e8e45055d1463996599a92da867b4baf6267cec9d039307e531de7832142ee4,new_full_search_and_replay
case_084,4,component_round_robin,629028,2507412,3.986169137144928,0,solutions/4cores/case_084_multicore_res.json,4abbed18fa5c8ac24d99cabe5dc339f9ad5f87ad578c2de35ea07549da796a2e,new_full_search_and_replay
case_084,5,component_round_robin,503472,2507412,4.98024120507198,0,solutions/5cores/case_084_multicore_res.json,72fea9b09e6a13766651cd2ff3b9985bb3b47772cc220eb52a682cded582756e,delivered_method_reconstruction_and_replay
case_085,1,official_singlecore,3187899,3187899,1.0,0,solutions/1cores/case_085_multicore_res.json,a0023ff55bf1c1cd9c262b3209d319923d8fa7556249ad0f1e7288e7d44c2d64,new_full_search_and_replay
case_085,2,window10_peft,1742756,3187899,1.8292285322787585,20646492,solutions/2cores/case_085_multicore_res.json,f647cad5654816f2c5e609b329e1212937ad1db6c46d10dea37ee8f4b415a0ef,new_full_search_and_replay
case_085,3,window10_peft,1219527,3187899,2.614045445488292,20646492,solutions/3cores/case_085_multicore_res.json,235a54a757d37c1c2d4faa2ca47e115e541097bb3f7133d6df4a5fe01dee156d,new_full_search_and_replay
case_085,4,window10_peft,962105,3187899,3.3134626677961343,20646492,solutions/4cores/case_085_multicore_res.json,87ab752f7ec3754257b2c77916da3411154d710e7446d96c6c939f755c7f9639,new_full_search_and_replay
case_085,5,window10_peft,834212,3187899,3.82144946368549,20646492,solutions/5cores/case_085_multicore_res.json,612f9e05d5781526cd3915d20bdcb476d656bfdffe7f6eedc02d7a73a0bf242c,delivered_method_reconstruction_and_replay
case_086,1,official_singlecore,118403,118403,1.0,0,solutions/1cores/case_086_multicore_res.json,ca06a209093f4c06dc42dce2de0f1de94249bc05d4d0e32764fc6a929fe5a42b,new_full_search_and_replay
case_086,2,window16_heft,89999,118403,1.31560350670563,2032128,solutions/2cores/case_086_multicore_res.json,bbe6f04d93ff00d5c44a12af773cb8d547d6215cc75086a4be1fc7f8f03bba18,new_full_search_and_replay
case_086,3,window16_heft,80534,118403,1.4702237564258573,2032128,solutions/3cores/case_086_multicore_res.json,3c58a1d3dd5215f7582cad85cae4322cb8870b68d8583d21f7c476ee81e5db2b,new_full_search_and_replay
case_086,4,hybrid32_16,76562,118403,1.5464982628457982,1996864,solutions/4cores/case_086_multicore_res.json,dd29fab9026a42ac50573c2162587e00ef28e52c2dd9f2456a6c6594e8d5827c,new_full_search_and_replay
case_086,5,ls_vws8_24_t48_x,56910,118403,2.0805306624494815,2084358,solutions/5cores/case_086_multicore_res.json,0c775f88fafa6abdfac945714ee2cc6e965966ebfe47b536dfdcafb3cc82c7ff,delivered_method_reconstruction_and_replay
case_087,1,official_singlecore,3974071,3974071,1.0,7902720,solutions/1cores/case_087_multicore_res.json,795f398b72807e931429c714134052cd499ee676c3f5439284a9270f9e93a1a9,new_full_search_and_replay
case_087,2,component_batches,1968649,3974071,2.0186793074844727,14031360,solutions/2cores/case_087_multicore_res.json,986efbf4e003861e2885025df2eaca95bd1729fa43e3c17dfa2fba7cf8ecb953,new_full_search_and_replay
case_087,3,component_batches,1374204,3974071,2.891907606148723,15068160,solutions/3cores/case_087_multicore_res.json,6c4d00651bc7d431f2abc8c928c74bf3ad1f3c27e7abf9547f1404e687bb31b0,new_full_search_and_replay
case_087,4,component_batches,1071324,3974071,3.7094949800433854,15552000,solutions/4cores/case_087_multicore_res.json,d2c8582be4b734d12ef7ae6b1561f9107920098f5d02ff8bf89ba0c24ea29927,new_full_search_and_replay
case_087,5,rebal0.5_component_batches,807821,3974071,4.9194945414887705,16174080,solutions/5cores/case_087_multicore_res.json,3b035ac54ce341b52216e647abfc53c38fb8fb1f5a685db8ea17f30a98f5f22c,delivered_method_reconstruction_and_replay
case_088,1,official_singlecore,243623,243623,1.0,0,solutions/1cores/case_088_multicore_res.json,e4a76454d8084136fa297dd748542420e09ee0df4ab8bbf2eb2aa505357853f5,new_full_search_and_replay
case_088,2,window16_heft,171347,243623,1.421810711596935,1965530,solutions/2cores/case_088_multicore_res.json,009f196e916752a47d7f41f5282e1f235f8b17c68eb9d7b4c6adece7fbf13b41,new_full_search_and_replay
case_088,3,window16_heft,149409,243623,1.6305778099043564,1965530,solutions/3cores/case_088_multicore_res.json,a284fbeda2fb0e4a6d281916e4f500e50e4f0bbe0964aca704bf4335145ac07e,new_full_search_and_replay
case_088,4,window16_heft,128433,243623,1.8968878714972008,1965530,solutions/4cores/case_088_multicore_res.json,ffa8101e258598bcf12bb2fdedbd56297d79f29c5b96ec6d23f2bcdd44bc28e0,new_full_search_and_replay
case_088,5,vw24_8_t25_peftins,96263,243623,2.530806228769101,2261422,solutions/5cores/case_088_multicore_res.json,5ba0d258f405fa7cbd8a7da02d49a2baa41fc97bdb94dd76a2cfdc19718968fb,delivered_method_reconstruction_and_replay
case_089,1,official_singlecore,693092,693092,1.0,0,solutions/1cores/case_089_multicore_res.json,137963c26643e06da4dac2fdc3998fececcc67d6a8201593698ea4c92d8b37f4,new_full_search_and_replay
case_089,2,component_round_robin,346832,693092,1.998350786547954,238720,solutions/2cores/case_089_multicore_res.json,d9b5d821eaf8c99ac0e4fb04c98d500f61250b61e2dcfbc273a83e177ba5e58d,new_full_search_and_replay
case_089,3,component_round_robin,243614,693092,2.8450417463692563,477440,solutions/3cores/case_089_multicore_res.json,528d4b797771c06b10a56535b591eaaef70d52ae02c9c3206a1274d143e4b718,new_full_search_and_replay
case_089,4,component_round_robin,178160,693092,3.8902784014369107,716160,solutions/4cores/case_089_multicore_res.json,92798550586a9bd77ddd8e4c8ef7a87e4d7bfd3ba908b7e83b6f3707e28cf4fa,new_full_search_and_replay
case_089,5,component_group8,147432,693092,4.701096098540344,954880,solutions/5cores/case_089_multicore_res.json,8653b559a8d15c73f0816dd5c03e213b6e24289adc86fb2d590ce1c70346845c,delivered_method_reconstruction_and_replay
case_090,1,official_singlecore,1178363,1178363,1.0,21233592,solutions/1cores/case_090_multicore_res.json,52828aaeac47b2ef8da5b3993a2c969b3366f0cf3a44bf11f2fe6f166b7128e9,new_full_search_and_replay
case_090,2,scene_a_peft,624755,1178363,1.8861201591023682,25833600,solutions/2cores/case_090_multicore_res.json,e3d1a51c51d344de324c0c0ce3fe9105666054363a35cccc7a1869a53fee2e17,new_full_search_and_replay
case_090,3,scene_a_peft,568880,1178363,2.0713735761496275,25833600,solutions/3cores/case_090_multicore_res.json,accdf69c9304c5d9ddc0adc8dbae279b2d801dab004ad87bab41284991a6c8ce,new_full_search_and_replay
case_090,4,scene_a_peft,552573,1178363,2.1325019499686015,25833600,solutions/4cores/case_090_multicore_res.json,cb6ee30988f856b7f75760ddf51240eb7c2236b1cb66d9460854eb04a7d01dc6,new_full_search_and_replay
case_090,5,ls_share_pack_9,488841,1178363,2.4105240763356592,23764896,solutions/5cores/case_090_multicore_res.json,d2d77ba9c21eef0903a82b27d8c1597c06dbd075cd91b493e6f62dc8b7c2a00d,delivered_method_reconstruction_and_replay
case_091,1,official_singlecore,9186769,9186769,1.0,53947008,solutions/1cores/case_091_multicore_res.json,83059801f17b3e1453a3883bd33063fd1742348321deba9e6d65bcaa13888b7b,new_full_search_and_replay
case_091,2,component_batches,4553097,9186769,2.017696745753495,65804096,solutions/2cores/case_091_multicore_res.json,62462aa9af8100224bccaab7bbf8398fff1ecf310b5ff601906edb4e55434f81,new_full_search_and_replay
case_091,3,component_batches,3051053,9186769,3.0110158689475406,68833088,solutions/3cores/case_091_multicore_res.json,c1bc2d4cc9140a11382ff99d3a92a0741a5aa9061ec32b23f844fa4465863c1c,new_full_search_and_replay
case_091,4,component_batches,2308294,9186769,3.9798955419023745,70513824,solutions/4cores/case_091_multicore_res.json,d74a93ebebd2744d30a336de9564144bb388fe936ad927d66148d4dc8acdc72e,new_full_search_and_replay
case_091,5,component_batches,1866216,9186769,4.922671866493482,74199040,solutions/5cores/case_091_multicore_res.json,7fb0b17da09b5387239b669bad6b8f01ad25aeeedcb88ddd5efa1a17d639567a,delivered_method_reconstruction_and_replay
case_092,1,official_singlecore,4815554,4815554,1.0,66000096,solutions/1cores/case_092_multicore_res.json,35b11588f2a2679e2c867d9bb4df228a8dd6e831edddf66fa52151ea365eee72,new_full_search_and_replay
case_092,2,scene_a_spine,2821724,4815554,1.7065999367762403,131186400,solutions/2cores/case_092_multicore_res.json,74ef195bc29812d322e98628963a5b802e9e98516d4bf7a1a6d61e901aef8091,new_full_search_and_replay
case_092,3,component_round_robin,2231804,4815554,2.157695747476033,66784736,solutions/3cores/case_092_multicore_res.json,515ddadf1988c24664b7aa6659134b771a63c8d915e3ecd99ac2f9fda26be3ee,new_full_search_and_replay
case_092,4,component_round_robin,1927728,4815554,2.4980464048869964,67180384,solutions/4cores/case_092_multicore_res.json,232c41f3a0279a26674846788afa2660903bb939b6cce1c9d267a0237f45609f,new_full_search_and_replay
case_092,5,share_pack_10,1618214,4815554,2.975844974768479,69058400,solutions/5cores/case_092_multicore_res.json,29cf7ea5c1c6d5093db611cfb657734fad918886a0cb55cf0c806fb5b75f5e6c,delivered_method_reconstruction_and_replay
case_093,1,official_singlecore,74205,74205,1.0,0,solutions/1cores/case_093_multicore_res.json,4adf08b30954139c59001036b4da46d5c350f7c5749f8889fa068577b5aadb38,new_full_search_and_replay
case_093,2,component_round_robin,37827,74205,1.9616940280751844,8192,solutions/2cores/case_093_multicore_res.json,a4ac0ac6c88c3400226c1bcaeb6a4713c246a07fdd6126c6c072bf85b419147f,new_full_search_and_replay
case_093,3,component_round_robin,25103,74205,2.956021192686133,16384,solutions/3cores/case_093_multicore_res.json,192e6119d9a339e633dfcf116795c0a95125f3e65a7714908087f1ef24d7568d,new_full_search_and_replay
case_093,4,component_round_robin,19779,74205,3.751706355225239,24576,solutions/4cores/case_093_multicore_res.json,367ed6d57d690a52cf1240b0c14e956b200ac6404afae91c9b90b9e09d2c9ad1,new_full_search_and_replay
case_093,5,component_round_robin,15876,74205,4.674036281179139,32768,solutions/5cores/case_093_multicore_res.json,1ef2d818145b3f1f362756af88b9e0d8a60dfd1bbfa0c451974942543b52ef67,delivered_method_reconstruction_and_replay
case_094,1,official_singlecore,94892,94892,1.0,0,solutions/1cores/case_094_multicore_res.json,31327749f59682cc9fb9dcd47995cc217c277a372b6a72d33032903ba56c38ac,new_full_search_and_replay
case_094,2,component_round_robin,47498,94892,1.997810434123542,106272,solutions/2cores/case_094_multicore_res.json,ecb4c64f85687fa7e4064d718e56f4add1226d2b4c4a25df039c52829aaaaf2e,new_full_search_and_replay
case_094,3,component_lpt,32728,94892,2.8994133463700806,212544,solutions/3cores/case_094_multicore_res.json,87c5a25254d0ebca32bba01943c1548b0e1693e1f9e1657de032c8193b158911,new_full_search_and_replay
case_094,4,component_lpt,24854,94892,3.81797698559588,318528,solutions/4cores/case_094_multicore_res.json,6ceb4bb28cb800ba4d3477e17957ce1304e442d9cf6cee81d11f30427ef008e2,new_full_search_and_replay
case_094,5,component_lpt,21804,94892,4.3520454962392225,424800,solutions/5cores/case_094_multicore_res.json,6cdb896123a2f465ef2c922e033a37aeef2b717db483e1b3a1e6c4f7c6ecefbd,delivered_method_reconstruction_and_replay
case_095,1,official_singlecore,2084853,2084853,1.0,0,solutions/1cores/case_095_multicore_res.json,ced999421ac154875d392b1953369f09dbeb2c2f92fa816820d4f797e1dd3884,new_full_search_and_replay
case_095,2,component_round_robin,1042890,2084853,1.9991111238960964,0,solutions/2cores/case_095_multicore_res.json,c28ab619a0b429cd5cd6e9ef708c685ea6dc46b4cd3b903d77a3ec0c1e95f97e,new_full_search_and_replay
case_095,3,component_round_robin,695775,2084853,2.9964471273040854,0,solutions/3cores/case_095_multicore_res.json,89d73ffbafbb3166aaa3c92701440c31dc3f2012ece2011ea17b41ebfd1868b2,new_full_search_and_replay
case_095,4,component_round_robin,524422,2084853,3.9755254356224565,0,solutions/4cores/case_095_multicore_res.json,0e1d17c8be9b5190ca59655fedf4b36a25d1d878fed622a5f176be8e9d2e6395,new_full_search_and_replay
case_095,5,component_round_robin,420852,2084853,4.953886401870491,0,solutions/5cores/case_095_multicore_res.json,4fcbe8666d713465b0cd2f4d17706d108c650e118579c833e57aa4ffaa04885d,delivered_method_reconstruction_and_replay
case_096,1,official_singlecore,84194,84194,1.0,0,solutions/1cores/case_096_multicore_res.json,27a0553484623870c985b92430303b88ee9fbedac73dd55d6f763ace1bd395d2,new_full_search_and_replay
case_096,2,component_lpt,43973,84194,1.914674914151866,67392,solutions/2cores/case_096_multicore_res.json,94ede322cecfa3880807630559e3fa83c862641577dfdb55cf11dfde8b18983d,new_full_search_and_replay
case_096,3,component_lpt,30318,84194,2.777030147107329,79488,solutions/3cores/case_096_multicore_res.json,ac8098fab3d528bf24b0e47a87a67c1bd06c646b0661976184937fd1a4b3ecfa,new_full_search_and_replay
case_096,4,component_pipe_lpt,26935,84194,3.1258214219417115,661824,solutions/4cores/case_096_multicore_res.json,267af795a7d5cf05ca6eca19ce2e8dd0bcf3c11717ad6776eadbe76cdb0ba400,new_full_search_and_replay
case_096,5,bundle_pack,25293,84194,3.3287470841734867,834128,solutions/5cores/case_096_multicore_res.json,33ba5717eff157c05ecad18ae68767afae112a4fa0def790a60b7b9b071248e0,delivered_method_reconstruction_and_replay
case_097,1,official_singlecore,11491509,11491509,1.0,10584064,solutions/1cores/case_097_multicore_res.json,6870d240f6c009c4debc04d95df8c193bb5e950a2d1e9474b8c1f5a83df04df0,new_full_search_and_replay
case_097,2,component_batches_512,5161740,11491509,2.2262859035906497,14483456,solutions/2cores/case_097_multicore_res.json,5122e8f6d30826fc25e7c69ea7a52cfac865a740be2779a1139b4d56e929154f,new_full_search_and_replay
case_097,3,scene_a_peft,3503294,11491509,3.28020114783401,32325632,solutions/3cores/case_097_multicore_res.json,2537566c2460611e7b26d5fbe1c49c431c38b31b50ac405a60b668439a0108de,new_full_search_and_replay
case_097,4,component_batches,2591900,11491509,4.433623596589374,19595264,solutions/4cores/case_097_multicore_res.json,cfb9513d4adbcc79dace9fe2844847c072ed6338cee7296e7c24569f92582cc3,new_full_search_and_replay
case_097,5,ls_kios_adaptive_batch_t2,2098594,11491509,5.475813330258259,23748608,solutions/5cores/case_097_multicore_res.json,8852b30e97c9cde237a6ab15c9d904821a1f27c4b29b82c066a0dc961aea6eba,delivered_method_reconstruction_and_replay
case_098,1,official_singlecore,177430,177430,1.0,0,solutions/1cores/case_098_multicore_res.json,21cae230b73bb9036a1b412890435d228f774fbd547c4a6db88a6204dec5c54d,new_full_search_and_replay
case_098,2,component_batches,89551,177430,1.9813290750522048,0,solutions/2cores/case_098_multicore_res.json,21374662d7423171f4de082104bbfd6e9571fe73f86e6989628dd8f931ce4b81,new_full_search_and_replay
case_098,3,bundle_pack,67989,177430,2.6096868611098856,639244,solutions/3cores/case_098_multicore_res.json,2d7b14cbb5a039849acb062a64034f417b09e289603a6765e5836ec6268e4541,new_full_search_and_replay
case_098,4,bundle_pack,56587,177430,3.1355258274868785,639250,solutions/4cores/case_098_multicore_res.json,2d24bcdf2c9611b905cf3e3fa2c751b1cc419a3cb53eb87245837a376547eeac,new_full_search_and_replay
case_098,5,bundle_pack,45965,177430,3.860110953986729,639256,solutions/5cores/case_098_multicore_res.json,6a194d8eeb7c801cc4f460fd4e1ef4e4510720ef883a7b6b103b85f1f95e6540,delivered_method_reconstruction_and_replay
case_099,1,official_singlecore,1622999,1622999,1.0,5484544,solutions/1cores/case_099_multicore_res.json,b828830aa8d610f075c3adba7874285e31ec9e7fbc1cbbd5cc77d56d668477cc,new_full_search_and_replay
case_099,2,component_batches_512,801684,1622999,2.024487204434665,7667712,solutions/2cores/case_099_multicore_res.json,fc9902121bb03d6f73437359d384b41691b700eee93b81d4867d65837dfc84f8,new_full_search_and_replay
case_099,3,component_batches,538060,1622999,3.01639036538676,12619776,solutions/3cores/case_099_multicore_res.json,10e097ea251c93509c79211e58182a5ceb1b2936f21e960a7db8d05762a7c910,new_full_search_and_replay
case_099,4,component_batches,404617,1622999,4.0111982442655645,12521472,solutions/4cores/case_099_multicore_res.json,767b2306f098f929ca0a54ff898927f990b596018dc5c0149fabb92c459347c1,new_full_search_and_replay
case_099,5,ls_component_batches_512,330979,1622999,4.903631348212424,11436032,solutions/5cores/case_099_multicore_res.json,241aef84a53faf4ef58b7dbf5a56f61ec51c98d049af2f3e06f1e04e731a9a4f,delivered_method_reconstruction_and_replay
case_100,1,official_singlecore,151223,151223,1.0,0,solutions/1cores/case_100_multicore_res.json,f3ec5d77b463d7f83f226af99c6343b3021c804cf3d2b88142c661d52e4f7da9,new_full_search_and_replay
case_100,2,component_lpt,80622,151223,1.8757039021607005,16896,solutions/2cores/case_100_multicore_res.json,b2aa23a13104138d5a987affc5d07643aec7bfd4328b45ee96bd8de04661704d,new_full_search_and_replay
case_100,3,component_pipe_lpt,57624,151223,2.6243058447868943,534528,solutions/3cores/case_100_multicore_res.json,7a94b565d458f50a06d270fd75e0a64d9b31e3b682707269db02ae71939bb8a3,new_full_search_and_replay
case_100,4,bundle_pack,50412,151223,2.999742124890899,1452352,solutions/4cores/case_100_multicore_res.json,bb0cf161c358bdec8b68cd1d4232b33ce914e614e0303cf14ee64f9a01d5e447,new_full_search_and_replay
case_100,5,bundle_pack,43301,151223,3.4923673818156624,1452360,solutions/5cores/case_100_multicore_res.json,3004dd6526cab3ffae5ad9f28df0950e02a3e25fb5e1e0ece7c484ea0c7d4a46,delivered_method_reconstruction_and_replay
