case,cores,q2_no_l2,q2_plan_l2,q3_plan_no_l2,q3_plan_l2,q3_plan_added,q3_plan_cache_ratio,graph_sha256,plan_sha256,evaluation_seconds
1,1,233110,233110,233110,233110,0,1.0,a634cd1151c0e918dd3a143eba421b88907f7f0334bfe6a5ca0412342307f09f,d5753ab9908d0b6f0e08f468483eb9df898272d3f675fa9253ec80f9a325a92e,0.09013100003357977
1,2,116868,116868,116868,116868,1152,1.0,a634cd1151c0e918dd3a143eba421b88907f7f0334bfe6a5ca0412342307f09f,0040a23dc730aa8e8fe425b4ff3ea2a72aefcd3b896a9f9efafc82f7de6897a5,0.07619870000053197
1,3,78545,78545,78545,78545,2304,1.0,a634cd1151c0e918dd3a143eba421b88907f7f0334bfe6a5ca0412342307f09f,a6063c8a12cfb0cb464ac7480454ac2e51d5e31e3416f5d0166d7481869d3b67,0.06488570000510663
1,4,58984,58984,58984,58984,3456,1.0,a634cd1151c0e918dd3a143eba421b88907f7f0334bfe6a5ca0412342307f09f,eeccf28f989ea7980e959263b12ef31c0385c9a3fc32aae307f00370374fe8f6,0.06982950004749
1,5,47502,47502,47502,47502,4608,1.0,a634cd1151c0e918dd3a143eba421b88907f7f0334bfe6a5ca0412342307f09f,3963d4ccddacb77293b6bfe4fb886fcee56d01e3410255737c44d548e7a6b586,0.06889479991514236
2,1,261945,261945,261945,261945,0,1.0,578fceeb9f66a3c083b9f27d8464cf75c1e7602cbc7290920c02aa1aef7ca352,dddf63d4ee08a357e8b9541eeccd32b08633fec4729541de8e48c5ce1f422907,0.31206890009343624
2,2,134224,134224,134068,134068,245760,1.0,578fceeb9f66a3c083b9f27d8464cf75c1e7602cbc7290920c02aa1aef7ca352,ce3cfd04519c408cd85312a76be03610039cfebc1d4035ca94ad66549b4df806,0.2361113999504596
2,3,90565,90565,90565,90565,423936,1.0,578fceeb9f66a3c083b9f27d8464cf75c1e7602cbc7290920c02aa1aef7ca352,2f361a1c69d709418ca6515330fa6ba9a5e0b6f58eaeb3b061c31880128b7d23,0.304422999965027
2,4,68574,68574,68574,68574,377856,1.0,578fceeb9f66a3c083b9f27d8464cf75c1e7602cbc7290920c02aa1aef7ca352,51cb391220173b527a3b633b6c123c3f46529cc6d49c9a955668d34a492e304a,0.22525220003444701
2,5,55189,55189,55189,55189,514560,1.0,578fceeb9f66a3c083b9f27d8464cf75c1e7602cbc7290920c02aa1aef7ca352,256f4f36d92c547967db8e1986ff143269ed8586b80c9b1ab2c3f4b273901c38,0.22566859994549304
3,1,602212,602212,602212,602212,0,1.0,2c80acfd37edcf811ce76b7e7b1f7194c706bd4d4aa6449e6a19e9eac1028ced,59e61548feaac7f30e65f6e04ca4e46b9086de91c1484308305fc0f77f4d4eae,4.74226039997302
3,2,341181,340455,340969,340046,6564470,1.0027143386483006,2c80acfd37edcf811ce76b7e7b1f7194c706bd4d4aa6449e6a19e9eac1028ced,3a8e16639b7efb1f93a2158b80a05e29e84e67e7580fdff438c5b907e170ae26,8.05316250002943
3,3,274348,265160,274348,265160,9497892,1.0346507768894253,2c80acfd37edcf811ce76b7e7b1f7194c706bd4d4aa6449e6a19e9eac1028ced,335fdfb6d22a1043230eaa6e8a5c85ae4bca01d0b8a1a9b089b836d5c69adcad,8.30672350001987
3,4,217774,210167,217774,210167,7333194,1.0361950258603871,2c80acfd37edcf811ce76b7e7b1f7194c706bd4d4aa6449e6a19e9eac1028ced,f320f1b0d2ba91db9bc3d9a4886069ccab747b6057a7795304710867ff51b026,6.184777799993753
3,5,199233,187997,199233,187997,7908308,1.0597669111741146,2c80acfd37edcf811ce76b7e7b1f7194c706bd4d4aa6449e6a19e9eac1028ced,d4f72c4fdad9f5368bb2612ca47689fb1376f6f9ddae0d1f7c108c8ac1800937,5.617530300049111
4,1,392357,392357,392357,392357,0,1.0,3e01adde3c4ad143ab3d7faabcf36d849f26b5428e7c8446a7e9f89345a55faa,2be095fa21b5a684c0942382e4142aacda3287bbe85f3ede09ab7a5f720f5245,0.08680389996152371
4,2,199074,199074,199074,199074,110592,1.0,3e01adde3c4ad143ab3d7faabcf36d849f26b5428e7c8446a7e9f89345a55faa,98de9bc9f39570a287ffd2e1129e9e78c5a3d5fc2142f4281fb36438113305da,0.08396120008546859
4,3,134043,134043,134043,134043,221184,1.0,3e01adde3c4ad143ab3d7faabcf36d849f26b5428e7c8446a7e9f89345a55faa,db11d22050df733605df72113c4dc0f630b4a3c8f308066e288422624de26ac1,0.06999460002407432
4,4,104188,104188,104188,104188,331776,1.0,3e01adde3c4ad143ab3d7faabcf36d849f26b5428e7c8446a7e9f89345a55faa,dbfebd8373e1d3cdb8c36910e549a95832b684e9e1d6fedef1939150c3c09bb9,0.06912600004579872
4,5,88341,88341,88341,88341,442368,1.0,3e01adde3c4ad143ab3d7faabcf36d849f26b5428e7c8446a7e9f89345a55faa,64dfb598f993236d36d0905d10ea638ffc12ba0e401c4468a6163c543301d4f5,0.061038400046527386
5,1,95618,95618,95618,95618,0,1.0,c2b378c882a3039e3d66bac6cbcba39317107339b6f38d5bce1b09379839799f,211f957dba459390e4ce523f4c2fef4afd01dd3b8380d80aabdd3d6e313d3a13,0.5955312000587583
5,2,61371,60812,61371,60812,882310,1.0091922646846017,c2b378c882a3039e3d66bac6cbcba39317107339b6f38d5bce1b09379839799f,359f4c7ba048c04b3f93b7e7861931b1ef18677527c55e8927f48cc3acec45fd,0.765290500014089
5,3,54267,52965,54530,52658,1465868,1.035550153822781,c2b378c882a3039e3d66bac6cbcba39317107339b6f38d5bce1b09379839799f,01cf69e8087a00c1c452862d1ee579aa59f8e68f7869796ca7eb96bc5986782b,0.7964064999250695
5,4,52462,49060,52462,49060,1495922,1.0693436608234814,c2b378c882a3039e3d66bac6cbcba39317107339b6f38d5bce1b09379839799f,87f475bf5b5cd0c96aef88d78966b852f437ae836533f20eb97d2b25ce3485a5,0.7491597000043839
5,5,50673,48259,50673,48259,1688564,1.0500217575996187,c2b378c882a3039e3d66bac6cbcba39317107339b6f38d5bce1b09379839799f,62762ebd3b104487d837ffcc306ed3c609510b69e7e5c57d2b90f509b680330a,0.737449900014326
6,1,82837,82837,82837,82837,16400,1.0,c68392cd599b63039669ca54360ab21b514c41285151cd69180ee9be99af1a48,f88394e2c9cc3a1bd23c7d4e85f870f94e95b020d1b8db96ceeeb36638bb08b9,0.05922459997236729
6,2,40815,40815,40815,40815,17280,1.0,c68392cd599b63039669ca54360ab21b514c41285151cd69180ee9be99af1a48,6b02fe2e80e25b003eaca54845fb96df8c6e38bccb4c5e0efcfa3f181a145e9a,0.06855900003574789
6,3,30449,30449,30449,30449,118176,1.0,c68392cd599b63039669ca54360ab21b514c41285151cd69180ee9be99af1a48,7113689f9007cd69aea394461514371438d0ea4c1b61b4e27ee743f532f3ee4f,0.06869069999083877
6,4,26843,26843,26843,26843,203696,1.0,c68392cd599b63039669ca54360ab21b514c41285151cd69180ee9be99af1a48,08a46a2ce967a64573a7b34489d3b796ec5ce0bae98adbd7c48d92fd15b57490,0.06601920002140105
6,5,27216,27216,27216,27216,219928,1.0,c68392cd599b63039669ca54360ab21b514c41285151cd69180ee9be99af1a48,ce5c15f429016150be8364d22049fb1db0095d3689158b7f6c9ba3f2fe87bc15,0.06709040002897382
7,1,1012562,1012562,1012562,1012562,0,1.0,6e786044ca1fa5d4632f8b7d03e95364da8d88f4fff5e403d3ab8153da84b518,daec296d7670a2cdf14726837593f233992cb2924cc05aea99b64cd3d98ba3dc,0.9886763000395149
7,2,507494,507494,507494,507494,27648,1.0,6e786044ca1fa5d4632f8b7d03e95364da8d88f4fff5e403d3ab8153da84b518,2ee81bc3343bcce06ac3d1c31877f472130c56e8e0cecf967c321ce3934cbd76,0.7622463000006974
7,3,338094,338094,338094,338094,55296,1.0,6e786044ca1fa5d4632f8b7d03e95364da8d88f4fff5e403d3ab8153da84b518,67ccd6e068f401d0a4c57a1b2cab26e3fb24369c1c79947d59565057665adc13,0.6271299000363797
7,4,254398,254398,254398,254398,82944,1.0,6e786044ca1fa5d4632f8b7d03e95364da8d88f4fff5e403d3ab8153da84b518,e05fe6918ffc9bbe70da434052284f9d91e75031429543a8001becb4e748a97e,0.632635899935849
7,5,203834,203834,203834,203834,110592,1.0,6e786044ca1fa5d4632f8b7d03e95364da8d88f4fff5e403d3ab8153da84b518,fb131946dabbd1e453472bef81501caf18a00c1156f85a710df7e8d169904bc2,0.5989207000238821
8,1,487605,487605,487605,487605,0,1.0,c93bb7ab5deec5112aff0cc001fbd76d001d3de5ea7463fba59b1f1ff2ba3e1d,9e837531d5fc299623938b51cd3f5363fd3b18cedeafa36ff575eb419ad17f94,0.15137520001735538
8,2,244266,244266,244266,244266,0,1.0,c93bb7ab5deec5112aff0cc001fbd76d001d3de5ea7463fba59b1f1ff2ba3e1d,f7f35ecdde538a97ce99791a152aec2ab46a0decc7a3e1a04acdacd74ee79ae6,0.11898939998354763
8,3,163359,163359,163359,163359,0,1.0,c93bb7ab5deec5112aff0cc001fbd76d001d3de5ea7463fba59b1f1ff2ba3e1d,eb1e2d30f797edf54a7049d5aa23c677eba17e34520625e3000e6ab32e8084b2,0.11202070000581443
8,4,123060,123060,123060,123060,0,1.0,c93bb7ab5deec5112aff0cc001fbd76d001d3de5ea7463fba59b1f1ff2ba3e1d,b49c0a346e6d083cfb5956a769ddd1d3fc3806b5b7e50b9aafd0d609903cc902,0.1344192000105977
8,5,100603,100603,100603,100603,0,1.0,c93bb7ab5deec5112aff0cc001fbd76d001d3de5ea7463fba59b1f1ff2ba3e1d,44a04d4e63cc94a2b56ef602cc8cc01e75c1b0bfc13f51071212c548ed73489b,0.12766370002646
9,1,153261,153261,153261,153261,0,1.0,06b73d07c450878db8f6dace8ed08e362b45f5dd6e06fb80b098f165190f222a,3eb4d1451332199a40830977b5bfaadeb4b0199ac5531752766b9415c783fab2,1.3278850999195129
9,2,90801,90800,90801,90800,547342,1.000011013215859,06b73d07c450878db8f6dace8ed08e362b45f5dd6e06fb80b098f165190f222a,64b22eb09f6c36e2882799c18226ffac5b63ec5fe96d0515104d4ebff1916481,1.21330719999969
9,3,72361,72333,72361,72333,737384,1.0003870985580579,06b73d07c450878db8f6dace8ed08e362b45f5dd6e06fb80b098f165190f222a,296879740978c39e16b3c31ef979d77099fc2c41f79a43c4f09772c4e9f473e8,1.1688841000432149
9,4,62725,60949,62725,60949,838982,1.0291391163103578,06b73d07c450878db8f6dace8ed08e362b45f5dd6e06fb80b098f165190f222a,4b860947d0778834243615acc033161d29424f4c2d4e228e0d629a6723db4147,1.1082616000203416
9,5,56088,53324,56088,53324,898504,1.0518340709624183,06b73d07c450878db8f6dace8ed08e362b45f5dd6e06fb80b098f165190f222a,b161ecb7dc750db49f076a676c218e53e424b9d952f59cfc503364f61d291d2c,0.9927070999983698
10,1,86969,86969,86969,86969,0,1.0,fd0b07588473d8b2ce05fab4798808cbc7f60cf1638e05608adc3d62061b8775,04cf08aa1e3b9223bb51277aea1d2486a7135d2448de77afd4863cc503d17534,0.05087329994421452
10,2,42106,42069,41842,41842,300424,1.0,fd0b07588473d8b2ce05fab4798808cbc7f60cf1638e05608adc3d62061b8775,98b4be21e685c8e3500c14cc6b36b7926e7bac7ceb338bcf938b176b028c8ae6,0.07275299995671958
10,3,30856,30856,30856,30856,48384,1.0,fd0b07588473d8b2ce05fab4798808cbc7f60cf1638e05608adc3d62061b8775,7bf65042c608e3a2eb56e556ed520af16cfac6366809c2282c03b99eeecc7cac,0.06841109995730221
10,4,26340,25769,26151,25583,485920,1.022202243677442,fd0b07588473d8b2ce05fab4798808cbc7f60cf1638e05608adc3d62061b8775,55044b4eb73b5b766b85eb68f0a0cc00dce818c79d60a9ec5c4387f1a4ab3035,0.11644379992503673
10,5,22006,21371,22006,21371,562432,1.029713162697113,fd0b07588473d8b2ce05fab4798808cbc7f60cf1638e05608adc3d62061b8775,f4653b8fe7a686af683523800481af7d479572650e604488d021499c723d7873,0.120236000046134
11,1,184697,184697,184697,184697,0,1.0,2da7df4ccc8a4eb86347f0a567aacac628e7d30ab943cd99996f2c74620d80b9,938fe72d4f151dd8a5f60e6b9fc9fd81bc6e81b270b6fed741da49cc97d4c51e,0.07787149993237108
11,2,92646,92646,92646,92646,180224,1.0,2da7df4ccc8a4eb86347f0a567aacac628e7d30ab943cd99996f2c74620d80b9,2ca28ed0ef9c5837f3620c7f3fdf9417aafb9737464635293dafd71b42389108,0.07873210008256137
11,3,64180,64180,63639,63580,1660928,1.0009279647687952,2da7df4ccc8a4eb86347f0a567aacac628e7d30ab943cd99996f2c74620d80b9,92ceea624485729445c72a2882c398e3e8f6c2f28404494802484a996d3be293,0.127958899945952
11,4,46880,46880,46880,46880,540672,1.0,2da7df4ccc8a4eb86347f0a567aacac628e7d30ab943cd99996f2c74620d80b9,5125f5b7729b8d2d6958927e59d716fdfe3a71d6ade168083062eeb25770ed15,0.09639850002713501
11,5,46194,43952,46205,43594,2033664,1.0598935633344038,2da7df4ccc8a4eb86347f0a567aacac628e7d30ab943cd99996f2c74620d80b9,4f9bd62346812ccffcaee40763f47d160baf3d6b8e6cf232880665040ee41a4e,0.16326679999474436
12,1,59088,59088,59088,59088,0,1.0,1a07d3a4c6d1305bec2fbdc4d106fb5c0078ec098cbf09e1b8eaa5134968e079,b1e544818b255ab54c5868e649c86d35f523cf071e352e0a343d241a43bb9976,0.11845629999879748
12,2,25535,25535,25535,25535,94960,1.0,1a07d3a4c6d1305bec2fbdc4d106fb5c0078ec098cbf09e1b8eaa5134968e079,c748ed72ae78021cd03793e778ad95702ae9d844338f4f8a00dba9d8490f8e59,0.1279001000802964
12,3,18128,18128,17926,17926,189892,1.0,1a07d3a4c6d1305bec2fbdc4d106fb5c0078ec098cbf09e1b8eaa5134968e079,92aabe72e5cf41e403b0547714fd01873ed9cf2f31291f3c845e0c0b168d0881,0.12280250003095716
12,4,14948,14948,13663,13663,39168,1.0,1a07d3a4c6d1305bec2fbdc4d106fb5c0078ec098cbf09e1b8eaa5134968e079,1cee2aea9cb54475c8f15fddf27582a51d92007b209b5438b6d1329b502cb7e0,0.11758800002280623
12,5,12519,12460,12519,12460,25344,1.0047351524879615,1a07d3a4c6d1305bec2fbdc4d106fb5c0078ec098cbf09e1b8eaa5134968e079,c5c852dbb00aaa12dbfef8d944845d1e11137fb162865b47b5ad383bf244a94f,0.11021389998495579
13,1,263949,263949,263949,263949,0,1.0,b95d97cf90bdd0fe64a0fd1ecd5a36a7b091ecadef204ef8c6ae430f6ccfac3c,98a0668cad932fa3f39cf3e83cffe8c6d06e58eac83dfdc2a7e398400296a4d8,0.491185599938035
13,2,132198,132198,132198,132198,8192,1.0,b95d97cf90bdd0fe64a0fd1ecd5a36a7b091ecadef204ef8c6ae430f6ccfac3c,58479b2440506c4ba5949c48a35b25c504e23b69a6aa59cb13dea908f9f8be53,0.383510599960573
13,3,88351,88351,88351,88351,16384,1.0,b95d97cf90bdd0fe64a0fd1ecd5a36a7b091ecadef204ef8c6ae430f6ccfac3c,a60967a79659a18638dc98cc71769ebb39c3ff52d584820123497d61bfec7a44,0.30049079994205385
13,4,66982,66982,66982,66982,24576,1.0,b95d97cf90bdd0fe64a0fd1ecd5a36a7b091ecadef204ef8c6ae430f6ccfac3c,59532ba3ad51d226d5f4e9e61b5d45886283121657c851d715ac441fd3e202a7,0.2859568999847397
13,5,54363,54363,54363,54363,32768,1.0,b95d97cf90bdd0fe64a0fd1ecd5a36a7b091ecadef204ef8c6ae430f6ccfac3c,63ffcd1ddf022fd537c89bb94e20fbbf5f1a838fbb8b53dfed160e880454089a,0.2705963999032974
14,1,17698626,17689602,17698626,17689602,71010720,1.0005101301883446,e27abb053ac57786e510ba80e60a6ec60a8b0df11b2a818010a1df17c29d94dd,c623ac4e30dda9460f0d4aae5e350a7afd8481b58e14bd20816733a7f1450e54,13.924575099954382
14,2,8909568,8904096,8909568,8904096,69998520,1.0006145486302034,e27abb053ac57786e510ba80e60a6ec60a8b0df11b2a818010a1df17c29d94dd,0f69882767ece5ee86542be95df810dfa5ec43017840ed85016eba4ce019a411,12.062743599992245
14,3,5951263,5936435,5949072,5929070,57041304,1.0033735476221397,e27abb053ac57786e510ba80e60a6ec60a8b0df11b2a818010a1df17c29d94dd,e44c04dfa236f33c232cc691b9efa1f62a737c8a77d230b161933d4fcea0c42d,16.137648300034925
14,4,4526637,4510849,4502504,4476730,59878296,1.0057573273349074,e27abb053ac57786e510ba80e60a6ec60a8b0df11b2a818010a1df17c29d94dd,6611464d86ea72b5844bf62a034791efa6bd1a29f9ac07c2a73d4de98ea56459,15.761826500063762
14,5,3663108,3647377,3640083,3607077,62443416,1.0091503452795711,e27abb053ac57786e510ba80e60a6ec60a8b0df11b2a818010a1df17c29d94dd,06dc299e966d217772b4f9c91a955d23efac930eebe58ac57bd475b2e2beae25,14.918239799910225
15,1,177362,177362,177362,177362,180256,1.0,d27dfc39289fa442f29f597191ab6b05142ce6ad68b4396056b2adccb9c93253,192472c06a1727349dfc6dd1658dac61ace67d2c8749562f39e0d37b55dbf02c,0.15809140005148947
15,2,87493,87493,87493,87493,109824,1.0,d27dfc39289fa442f29f597191ab6b05142ce6ad68b4396056b2adccb9c93253,83ebf985dd1202ffc18e892d5aa1d06fb68af5f316e714b3beac0d269d45d147,0.13397500000428408
15,3,61018,61018,61018,61018,298252,1.0,d27dfc39289fa442f29f597191ab6b05142ce6ad68b4396056b2adccb9c93253,8fc98b198462d9f8e54d0dfd657ddfc6894b205a8c54ade2e6cc5a5aa5ff625b,0.10942510003224015
15,4,48866,48792,48866,48792,365824,1.0015166420724708,d27dfc39289fa442f29f597191ab6b05142ce6ad68b4396056b2adccb9c93253,36c96b09f6be9ccf6b97d8cf8feb0807d362edb51bab69342dfc13ab3a056597,0.11466209997888654
15,5,42569,42569,42569,42569,326144,1.0,d27dfc39289fa442f29f597191ab6b05142ce6ad68b4396056b2adccb9c93253,d891468d653dcf64c74ba35b71f9322aa01f6dc68c23c7f43ccec115ea56a7d7,0.1214499999769032
16,1,7715523,7715523,7715523,7715523,0,1.0,76537aa7163cf0748adcff2ecbd84fbc9a02a2d129ffcecd2bfebb89685e71ef,19d365422ae9ccef1999767d13ce89179d5ab1c75a35ee55f2d898297a4e7d23,9.010793599998578
16,2,4027025,4026193,4027025,4026193,404200,1.0002066468249287,76537aa7163cf0748adcff2ecbd84fbc9a02a2d129ffcecd2bfebb89685e71ef,8307d7bb21230a7be92c2d1a0f24919bf4541787d887cc83e0626e19b60690df,7.784039100049995
16,3,2877849,2877209,2877849,2877209,341100,1.000222437786063,76537aa7163cf0748adcff2ecbd84fbc9a02a2d129ffcecd2bfebb89685e71ef,464af56c331e9c382ba4b346ceb4300c876a94df136f9cc645dee82017631ff3,7.325560900033452
16,4,2244367,2240364,2244367,2240364,605676,1.001786763222405,76537aa7163cf0748adcff2ecbd84fbc9a02a2d129ffcecd2bfebb89685e71ef,2cbd710aba156e0b8060b890600493dbc82d9ff79538fa79b345dd416a5501a4,7.265605599968694
16,5,2088965,2086755,2088965,2086755,444880,1.0010590605988725,76537aa7163cf0748adcff2ecbd84fbc9a02a2d129ffcecd2bfebb89685e71ef,f63d5ed3280681bcaec15f590a224e6f8d4f04cec4f7c56a2eec24a49ffe4dea,7.207806200021878
17,1,162810,162810,162810,162810,22528,1.0,282c5840d8e8581fb7827a6d4c996f90384bdfe566ffa665574721568b9dc85c,11a9cba3896d9529e81ee2fbba62f805bc189c615225dbff3efd738ec6cdd340,0.13039459998253733
17,2,76658,76501,76658,76501,87552,1.0020522607547613,282c5840d8e8581fb7827a6d4c996f90384bdfe566ffa665574721568b9dc85c,cf45a47f472e9d08c9ddd85b05f71215a8466395a393cb71c1b01ac2af95e64e,0.12244379997719079
17,3,49850,49801,49850,49801,175104,1.0009839159856229,282c5840d8e8581fb7827a6d4c996f90384bdfe566ffa665574721568b9dc85c,18716960046cd36427a2b9bd81290be6520a0e8c0b4dcb1f806ce59a8052f0a2,0.1291559999808669
17,4,39668,39668,39668,39668,259200,1.0,282c5840d8e8581fb7827a6d4c996f90384bdfe566ffa665574721568b9dc85c,3ddfd8554734ab1aa75d4eaba66605593f84e66f5e51e1cfe35c622304a21f56,0.1412716000340879
17,5,33081,33081,33081,33081,331776,1.0,282c5840d8e8581fb7827a6d4c996f90384bdfe566ffa665574721568b9dc85c,4cd1f0a79390f110331b2a4d1f6a5ab840e9920a2e7b2b976a2ed9e235f5a170,0.13429109996650368
18,1,1004367,1003110,1004367,1003110,1970176,1.0012531028501361,70cf2a124573fe0ccad84b16d902efe7e28938761db791d2f4321ab2e98f0c0a,890ceb0b49b4b6001da4358bccb39342fc92672fd85ec2418c40c0c47eea5675,0.33173159998841584
18,2,502491,500447,502491,500447,2638848,1.0040843485923585,70cf2a124573fe0ccad84b16d902efe7e28938761db791d2f4321ab2e98f0c0a,5080926ca1ac8719c01e922198f2963c1cdde43368165d9555f860f621876fee,0.38726579991634935
18,3,337417,335889,337417,335889,3971072,1.0045491218825267,70cf2a124573fe0ccad84b16d902efe7e28938761db791d2f4321ab2e98f0c0a,654a5e7aede4fbf52f4c10a39c1192f2b121818f89220909c78eda4ba9d30a29,0.36213330004829913
18,4,253676,253384,253676,253384,4938752,1.0011524010987276,70cf2a124573fe0ccad84b16d902efe7e28938761db791d2f4321ab2e98f0c0a,dafe526ff06b3b248689f6bf74ac9af0717a04adb4ef1c33e7520cd369c4071f,0.35983939992729574
18,5,205917,203609,205917,203609,5320704,1.0113354517727606,70cf2a124573fe0ccad84b16d902efe7e28938761db791d2f4321ab2e98f0c0a,1fd374e835e378aed96d18382b7aaa3eab48cebf7afd9abeee09ea57c5b6842e,0.4048809000523761
19,1,81144,81144,81144,81144,0,1.0,199ccf5f40c65b63ef88efcf05a0ccbf6b9368963d7a62cabd240d7b98847429,6edfe829f9c086542ff575000b32c8fd979560192429da428b1387bc6d93cca7,0.05398749990854412
19,2,38506,38506,37982,37982,370744,1.0,199ccf5f40c65b63ef88efcf05a0ccbf6b9368963d7a62cabd240d7b98847429,a30f8621d35f10a7f4533fb6040522c55ab810e50e38ee78824d10a08da068b9,0.07058390008751303
19,3,27716,27716,27716,27716,54336,1.0,199ccf5f40c65b63ef88efcf05a0ccbf6b9368963d7a62cabd240d7b98847429,3c68d01322597a46c75f2548e80e326a54ca00d69c4436594ae6127d1021e5ed,0.05558269994799048
19,4,22276,21470,22276,21470,762456,1.0375407545412203,199ccf5f40c65b63ef88efcf05a0ccbf6b9368963d7a62cabd240d7b98847429,a54b34c6ccd603b2c5ce3ce2c99d2ad711be5e31ca9a3b55d62b050fa6c011a1,0.0822817999869585
19,5,18267,18126,18009,18009,279644,1.0,199ccf5f40c65b63ef88efcf05a0ccbf6b9368963d7a62cabd240d7b98847429,ae42ef6b67692a3662272cd44a4c56942d1dcdaee483d378c3f5e892ee63ec53,0.06517830002121627
20,1,532746,532746,532746,532746,0,1.0,932287c2c204e475df824a3914b7b179226625caf37ae288bac90716ffe16ec4,bbd6b9684fa70e119fd0e3f4f7d4a94282385196530028c52aa36ef7ca17c648,1.01049450004939
20,2,266580,266580,266580,266580,0,1.0,932287c2c204e475df824a3914b7b179226625caf37ae288bac90716ffe16ec4,7beacb6743576781368a080da44cd438b916dcc136a99604e88f6c6138d03ec6,0.9108134999405593
20,3,177950,177950,177950,177950,0,1.0,932287c2c204e475df824a3914b7b179226625caf37ae288bac90716ffe16ec4,c43ba3a622d73c478f1ae0357b6d57320c2c825e6619e920d9a48dc182dace2e,0.8061383999884129
20,4,133704,133704,133704,133704,0,1.0,932287c2c204e475df824a3914b7b179226625caf37ae288bac90716ffe16ec4,3139451dffdb6ac2114595295407961517249df398ce0caaa6b502fd5f57fada,0.8154919999651611
20,5,107650,107650,107650,107650,0,1.0,932287c2c204e475df824a3914b7b179226625caf37ae288bac90716ffe16ec4,fc7abc812efb1d2acfda6e0d090e318fc9b6d9bcb333b8ebddbbad6f44150df0,0.7686932999640703
21,1,6567937,6558837,6567937,6558837,4501504,1.0013874410966457,d1b1b8a543eab9b359421f0d67baaee43f2890b2562bf2bfa1dfeb5fa5f87b37,f348d8199a95196945fe11a61f21e5764ab4819e1e2976958b4ced376a8e9830,1.0478994000004604
21,2,3174339,3174060,3174339,3174060,33017856,1.0000879000396967,d1b1b8a543eab9b359421f0d67baaee43f2890b2562bf2bfa1dfeb5fa5f87b37,0e9a3a7bbc68706ed89a50a7ae90c7a06c5a529d8ac3f3e68573bafef29c51b0,1.0904303999850526
21,3,2090922,2090922,2090922,2090922,34854912,1.0,d1b1b8a543eab9b359421f0d67baaee43f2890b2562bf2bfa1dfeb5fa5f87b37,31451a9748692af407a67c6d4b1326a293fc891d2ce8fc30551145298e19659a,1.1776233999989927
21,4,1550324,1550324,1550324,1550324,4608000,1.0,d1b1b8a543eab9b359421f0d67baaee43f2890b2562bf2bfa1dfeb5fa5f87b37,8c4ea95a8e02fde840ef35267e9b04b6d7cd59135c429739162e27b861cfe8af,0.5865491000004113
21,5,1250168,1249380,1250168,1249380,11431936,1.0006307128335654,d1b1b8a543eab9b359421f0d67baaee43f2890b2562bf2bfa1dfeb5fa5f87b37,f0cc44a555b97b76c4e61dd995145f6de885cba0f7ab7a6e09eb12b74fa24d61,0.9300203999737278
22,1,56780,56780,56780,56780,0,1.0,b93af0605cda612b707a91a1e9fc76348b527284a03e779b65cbe55813e331e7,bdc9c153727b9f7ea40409a9ffa15959f9bc5fe680e565eb6da09692918d3411,0.15387340006418526
22,2,27860,27860,27860,27860,145236,1.0,b93af0605cda612b707a91a1e9fc76348b527284a03e779b65cbe55813e331e7,7994020474d4240905db901957284fcc0df2a2fb3eaeb24de8533318af1b78f0,0.1285014000022784
22,3,18978,18978,18978,18978,13824,1.0,b93af0605cda612b707a91a1e9fc76348b527284a03e779b65cbe55813e331e7,28645d8916f4e5a3ada9d471126f6c3c3fc2048953ec6f77cc913ba1af0ae43c,0.12035829992964864
22,4,14336,14336,14336,14336,20736,1.0,b93af0605cda612b707a91a1e9fc76348b527284a03e779b65cbe55813e331e7,c3eadd26ec5bf91f0ada14028de2653676de9d8601beb8ee3d8217ee2fde4cd6,0.15207780001219362
22,5,11479,11479,11479,11479,20736,1.0,b93af0605cda612b707a91a1e9fc76348b527284a03e779b65cbe55813e331e7,b7e724e652daf5e21f98ef2afccf492e9d8891963d32488b611346051ef97217,0.1468726999592036
23,1,122614,122614,122614,122614,0,1.0,73e1a5d3abe5f7b36fb7a386d586e8ed492f7fae5e7a736c475b629ab6e12739,aa6e813822e96d6a1e60ea550fc498a806911951f3abc724b7d89438f2f8be11,0.11138889996800572
23,2,60965,60965,60965,60965,74016,1.0,73e1a5d3abe5f7b36fb7a386d586e8ed492f7fae5e7a736c475b629ab6e12739,6878ea34709c74ec4c45c10e7ddf5bc1ffe269cd78a17648577959a7ef2930f7,0.13966590003110468
23,3,40682,40682,40682,40682,207264,1.0,73e1a5d3abe5f7b36fb7a386d586e8ed492f7fae5e7a736c475b629ab6e12739,383cfec1eefce0968228c3f68ab913da8e6893521eb5acc151459656f424ef3c,0.15251980000175536
23,4,30516,30516,30516,30516,281280,1.0,73e1a5d3abe5f7b36fb7a386d586e8ed492f7fae5e7a736c475b629ab6e12739,de14178d52cafca22aed5f1bb44e30e2896b3eeda5f4da71d978dd16608ab720,0.109227400040254
23,5,24940,24940,24940,24940,280992,1.0,73e1a5d3abe5f7b36fb7a386d586e8ed492f7fae5e7a736c475b629ab6e12739,f6179713e913f60db2e0cb3c763956245cd901bd2afd0d87e8e1520273e7bd4d,0.10081520001403987
24,1,2555343,2555343,2555343,2555343,0,1.0,f974fbf1a23b4a145b5f8c9c691eb1b247f93d8785d98bb46a9cdd8626399aec,3f6ba4b0f374750256c442f6bff12ee90e8c8c76c00655298e84b9a94fbfee98,1.2957755000097677
24,2,1335245,1334413,1335245,1334413,396856,1.0006234951248227,f974fbf1a23b4a145b5f8c9c691eb1b247f93d8785d98bb46a9cdd8626399aec,9965d82d344ddc29b76e88884ef1dd1dcf274248276a8d2abddaa7fa36091dcd,1.4935748999705538
24,3,954537,953897,954537,953897,332124,1.0006709319769325,f974fbf1a23b4a145b5f8c9c691eb1b247f93d8785d98bb46a9cdd8626399aec,fcc45b612c810616f0d74c27455d1a53644664d006a935b50082eac38fe7a1f6,1.4519905999768525
24,4,748435,744432,748435,744432,595068,1.0053772540675308,f974fbf1a23b4a145b5f8c9c691eb1b247f93d8785d98bb46a9cdd8626399aec,17189f75d77289ba248bcc0b054030cbcc553b4a3f72b5fdfcef84a3a72262b9,1.371045499923639
24,5,695849,693639,695849,693639,432232,1.0031860953608434,f974fbf1a23b4a145b5f8c9c691eb1b247f93d8785d98bb46a9cdd8626399aec,315212c909c1f5c2122baa85ca8fdd657618e0d3e113b5455051ee9b54d0b9b5,1.3378785999957472
25,1,4863026,4863026,4863026,4863026,0,1.0,f27ba0f332109eb62541879ddbc9c9d283531c191afdd7299a365134af3e0deb,866297d2cabe14158ebe6e57cc86e522d8f888041f24e5804988ac43e71152bd,11.031666000024416
25,2,2431840,2431840,2431840,2431840,27648,1.0,f27ba0f332109eb62541879ddbc9c9d283531c191afdd7299a365134af3e0deb,6f0d2c9160eae1d04773458121133076f3a256a4d403e1a12c58082ee55f2d13,8.091827299911529
25,3,1622164,1622164,1622164,1622164,55296,1.0,f27ba0f332109eb62541879ddbc9c9d283531c191afdd7299a365134af3e0deb,a8799121b74d3094c4e0b5f200a7321be03d2fc2de4a212d825cf30d34eaed26,6.902456199983135
25,4,1217444,1217444,1217444,1217444,82944,1.0,f27ba0f332109eb62541879ddbc9c9d283531c191afdd7299a365134af3e0deb,36a0e86567664f0f7a7975377d9a864cb1d02ad961dc39f675dfc2f69f8d577b,5.9826305999886245
25,5,975282,975282,975282,975282,110592,1.0,f27ba0f332109eb62541879ddbc9c9d283531c191afdd7299a365134af3e0deb,06bed46bad51810f1fb73a0ef7e5fafa06f9cdb324efb2ff651925115ef8c2a4,5.8512837999733165
26,1,99203,99203,99203,99203,0,1.0,0ed6209c59170dc0da94703702b17402cee14c1a61624e666ed8938637b6765b,72df6606789136b3baf9eec24a43a369cf39c1f1f97d61801ffdf8d829ab4062,0.07058099994901568
26,2,51429,51429,51429,51429,21936,1.0,0ed6209c59170dc0da94703702b17402cee14c1a61624e666ed8938637b6765b,3d082f0b147238def277a622fdd3302bc5d198eec31de79fa09faffd3e0b92f6,0.060576000018045306
26,3,41688,41688,41688,41688,95664,1.0,0ed6209c59170dc0da94703702b17402cee14c1a61624e666ed8938637b6765b,bb158b8136ee922210721f4d6a5f5d9ce6a24a053c449bb1dc8ec6e835896170,0.07327509997412562
26,4,42226,42208,42226,42208,172128,1.000426459438969,0ed6209c59170dc0da94703702b17402cee14c1a61624e666ed8938637b6765b,e3aac57c75fa854567fba91a60bf87f5127faa17b15e5431184a1b35b9168360,0.054100099951028824
26,5,38198,37332,38264,36689,835212,1.042928398157486,0ed6209c59170dc0da94703702b17402cee14c1a61624e666ed8938637b6765b,2a392a57509586e2be46665b07f8e33466c610528c10a654ab2795501495b714,0.09385399997700006
27,1,2363952,2359515,2363952,2359515,1400832,1.0018804711985303,74ff3486f7a3fd5561250ac336ed57e02a998f4f34d3be742e9f3dceb98d402b,795174b3004f23842aeac7961da65580892080295f6415d4f180741be99b0bec,0.2169933000113815
27,2,1120962,1120962,1120962,1120962,1744896,1.0,74ff3486f7a3fd5561250ac336ed57e02a998f4f34d3be742e9f3dceb98d402b,ceb7a88d92ec02dbe06a3150853de8ffa43ae0776ee55d33fabc973ab1c42676,0.1944939000532031
27,3,744579,744579,744579,744579,18481152,1.0,74ff3486f7a3fd5561250ac336ed57e02a998f4f34d3be742e9f3dceb98d402b,c256f3cc436a9a6171a5b03ec5d43ee17df10cf9c730aab6f78d41447c3cce7e,0.31772449996788055
27,4,559196,559196,559196,559196,3317760,1.0,74ff3486f7a3fd5561250ac336ed57e02a998f4f34d3be742e9f3dceb98d402b,d5eb52e4808230557fc7b2cf6a50b55371fc8895473d5579b069a5c0b7a6c718,0.19000300008337945
27,5,499622,494470,499549,494412,21948416,1.0103901199809067,74ff3486f7a3fd5561250ac336ed57e02a998f4f34d3be742e9f3dceb98d402b,66b104306e5cfbfce835d7897e9052b0415f1987b569154aab7b965fe5dd61d7,0.4362645000219345
28,1,43836040,43836040,43836040,43836040,277412256,1.0,89fe60e6529c5c02cf6ffd700254e003b1f51ceafc252140ef64add47ad2e212,d987ac1dfa4f0a2dfb2368b3f01660689355e74c99c9b7c2c84696b3fdadeb73,13.04872089996934
28,2,20517451,20505375,20517451,20505375,75738432,1.000588918759106,89fe60e6529c5c02cf6ffd700254e003b1f51ceafc252140ef64add47ad2e212,c9b7b9609eaa982cd7245374587ca1e1fef332bf4b30c8f74109e00b55eceac9,10.504992200061679
28,3,13687852,13687122,13694930,13686058,44353200,1.0006482509426746,89fe60e6529c5c02cf6ffd700254e003b1f51ceafc252140ef64add47ad2e212,45b877480d12e31dffc03cdb13e975849f728a418307f3cb1fe8fbef98c240cf,7.483766000019386
28,4,10347838,10168619,10347838,10168619,74883456,1.0176247138377394,89fe60e6529c5c02cf6ffd700254e003b1f51ceafc252140ef64add47ad2e212,55fc444e6eab38500d259cca733143e9be7741cc0fd0c3f747a3fa172bd149ca,7.4194314000196755
28,5,8286707,8179833,8286707,8179833,73953792,1.0130655479152202,89fe60e6529c5c02cf6ffd700254e003b1f51ceafc252140ef64add47ad2e212,7806dd3c36bf1cb4069f9e2634f63c9336d5567a43791e2e5514e7f800d2cc0a,7.347936100093648
29,1,37555,37555,37555,37555,0,1.0,997bcbaa3acdff628346af91df1c6ce0127372b10c71890967ec9dd685b7187b,1eea4b77c66f467cece1e811b06292dc0f6cb97aa26070c30fb25bafdc46c74e,0.09985710005275905
29,2,18880,18880,18880,18880,16388,1.0,997bcbaa3acdff628346af91df1c6ce0127372b10c71890967ec9dd685b7187b,71d48c5a9f6e2aa6b9e07e5f01dc9d28bef5aeb6e133d3ff884f1895a4140fab,0.08996829995885491
29,3,12743,12743,12743,12743,0,1.0,997bcbaa3acdff628346af91df1c6ce0127372b10c71890967ec9dd685b7187b,d4c3e33ca1e064246a40be99c12a2184a4c812ee98c34a3a6e7d6e541b8bac3e,0.09298810001928359
29,4,10168,10168,10168,10168,49164,1.0,997bcbaa3acdff628346af91df1c6ce0127372b10c71890967ec9dd685b7187b,6e6701a4426c6434b4ec37c11edb575c31075bb5b5356166e95c66c4df80a3b5,0.09209650009870529
29,5,8787,8787,8787,8787,65552,1.0,997bcbaa3acdff628346af91df1c6ce0127372b10c71890967ec9dd685b7187b,4fe9da5f48ac55d14b093148f7b0aa311c83f544ce276d9ff58b13d42e3d07b4,0.08420310006476939
30,1,2808034,2807891,2808034,2807891,5519360,1.0000509279028282,ad80a952c48ff4d7c339349167fa9054e515009787692608863240a3546c0f90,bed511cb0f432bf02c1b67f94a49cfadb6964d628e4100e6b9c991961e17474e,2.7143493000185117
30,2,1390496,1390292,1390496,1390292,1292288,1.0001467317657011,ad80a952c48ff4d7c339349167fa9054e515009787692608863240a3546c0f90,5b90b1c792c850dfc021b034e9a1781cc6748a4fe41a516b7aa72b6d3e475f16,2.1761264000087976
30,3,933720,933018,933720,933018,8985600,1.0007523970598637,ad80a952c48ff4d7c339349167fa9054e515009787692608863240a3546c0f90,4c8fd932a187e07b814e5874eed9853952d461efdcbe1f4e351b77c518d10982,2.476296199951321
30,4,697351,697321,697351,697321,6002688,1.0000430217934064,ad80a952c48ff4d7c339349167fa9054e515009787692608863240a3546c0f90,c5abacdf6645c85ed218ce8fd7f941d77634b9d5f0fa8612ad0ab8868211a55e,2.4805847000097856
30,5,559882,559862,559882,559862,7484416,1.000035723088904,ad80a952c48ff4d7c339349167fa9054e515009787692608863240a3546c0f90,024acba90b647beaec62e00aef3b4a7eccca1616cfba25aba88feca65d30be2a,2.5556415000464767
31,1,1414369,1414159,1414369,1414159,3491328,1.0001484981533193,a8d03d16b7eff2c3c84186b32994279143fd1628937e4e9bdf753f869a333f82,126e96eff01b3c1db5de662ecd8bd02dcd72d548ac3255120608e40d19b693e1,1.1891169999726117
31,2,712262,711649,712262,711649,5250048,1.0008613796970136,a8d03d16b7eff2c3c84186b32994279143fd1628937e4e9bdf753f869a333f82,71f438b8d76ae54e750ee8520bcb075fc044a7b5c873cbe344d5f021eda398b6,1.1491992000956088
31,3,473822,473052,473822,473052,7544832,1.0016277280298995,a8d03d16b7eff2c3c84186b32994279143fd1628937e4e9bdf753f869a333f82,f4969bbcc2dbfe64b27e9bd9d9c9322ed0450f06f8cac1b68c5b2aaba12734bd,1.279923600028269
31,4,360134,359705,360134,359705,7808000,1.001192643972144,a8d03d16b7eff2c3c84186b32994279143fd1628937e4e9bdf753f869a333f82,6183e7141d66e514b75b570fc4d2888e956aef0bc2d78a0d3bef46232d4ec228,1.2477180999703705
31,5,284848,284820,284848,284820,7931904,1.0000983077031107,a8d03d16b7eff2c3c84186b32994279143fd1628937e4e9bdf753f869a333f82,411429c7109d33291db8f3326994ac522679b73733be8fa157e39491c4930b34,1.3517691999441013
32,1,41443,41443,41443,41443,0,1.0,7b325807b10636edbb8ada6fe9086e639ece5d42d4aad151b0fc7cd8f6277385,83348b05eee2296608cd724ec5b2cadb54c269a971f8e8b65a9a7a8855313104,0.08197699999436736
32,2,17566,17566,17495,17495,6216,1.0,7b325807b10636edbb8ada6fe9086e639ece5d42d4aad151b0fc7cd8f6277385,b7e397fb677ec74fd275de55ee77ee1d82ba948c4ed655c5890e440c903618d7,0.08135130000300705
32,3,11910,11910,11910,11910,12360,1.0,7b325807b10636edbb8ada6fe9086e639ece5d42d4aad151b0fc7cd8f6277385,9299c786fd1b9ab22a616eb6bdf3d900adea5a2afedcf9342be34fc0a688e380,0.0903290999121964
32,4,10728,10728,10728,10728,74980,1.0,7b325807b10636edbb8ada6fe9086e639ece5d42d4aad151b0fc7cd8f6277385,28ecd48fc1cd70caeb9859b8abdc048aa50902c27eba482f6482b65ac692a32a,0.0993900999892503
32,5,10414,10384,10414,10384,12360,1.0028890600924498,7b325807b10636edbb8ada6fe9086e639ece5d42d4aad151b0fc7cd8f6277385,c9e1dfb8fe27cb4da7254e02f2ed81ccd2b6fc3b4527675a49f89d4ac11b4b07,0.08409619994927198
33,1,1774196,1774080,1774196,1774080,4592640,1.000065386002886,e14316f8ccbe3bf16bcee2bad80efc3a527cdc2488d9e3f616518b6e3aa9657b,0461256ec7a6fe061d3a7e2175171d1040703f624033a8efa72bc3be0f2267e1,0.6697732999455184
33,2,889132,887756,889132,887756,6452256,1.001549975443703,e14316f8ccbe3bf16bcee2bad80efc3a527cdc2488d9e3f616518b6e3aa9657b,352360722bd09caea2be87e6e23dd89c442898241624d9b5fbf88d6fe08ba8b5,0.7408055000705644
33,3,596821,593725,596821,593725,7053888,1.0052145353488569,e14316f8ccbe3bf16bcee2bad80efc3a527cdc2488d9e3f616518b6e3aa9657b,bc277b84dc9750616ab4ceef3013cb48d98b5d30d2663b2e1010ba08569a737f,0.7238494000630453
33,4,443447,442667,443447,442667,7214688,1.0017620468659285,e14316f8ccbe3bf16bcee2bad80efc3a527cdc2488d9e3f616518b6e3aa9657b,82fc21a53cf643e35a805fae569826f1b5eea885ac898a1b4c8e5f05f7c07fbf,0.6327661999966949
33,5,361176,360597,361176,360597,7894656,1.0016056705962613,e14316f8ccbe3bf16bcee2bad80efc3a527cdc2488d9e3f616518b6e3aa9657b,694ea89c2c25c8e28383ce7667d12d251451e68fa9f55bf0ac8da60c6156a179,0.7288713000016287
34,1,842996,842733,842996,842733,1079832,1.0003120798639664,c4128788442a023c2224d582f7114181ca9e9439a5978deaec6a1c52c0d729d6,19cc9b471b4253917b1c1297fdd194752c0b66e79fb6ba807872ddea5abcb489,0.7386706999968737
34,2,415251,415212,415251,415212,943616,1.0000939279211583,c4128788442a023c2224d582f7114181ca9e9439a5978deaec6a1c52c0d729d6,ae767444cc99f752833962c0b13e0df2bc44586c03a87e67ffd61a5e162dc14f,0.6513705999823287
34,3,270947,270017,267031,266836,2288640,1.0007307859509211,c4128788442a023c2224d582f7114181ca9e9439a5978deaec6a1c52c0d729d6,6dc44f2ef8f16fd7f75ca3957d39f7ee7172a452c265d54bee82627747976d39,0.7273839999688789
34,4,206454,203915,205219,202625,3083776,1.0128019740900678,c4128788442a023c2224d582f7114181ca9e9439a5978deaec6a1c52c0d729d6,b3e804e5da9576f3339b0bb1a6e5ade7f6715a7d5c2dd57b98eb5b12cdca5581,0.6611374999629334
34,5,167389,165377,165572,162156,3487744,1.0210661338464195,c4128788442a023c2224d582f7114181ca9e9439a5978deaec6a1c52c0d729d6,0bbe8eef2699da55b3d4fc4380c470943bd6f5abb437eaceee542ec64a8bafaa,0.7367708999663591
35,1,169571,169571,169571,169571,0,1.0,ab4d5e39b4d3ad430a992d6d87d7510a869b6cb03a5d9a7ba124b039ba4486e2,43201822fd833e40039e2a07a60c49325d3a15aa5f121c0c1082f55e586f5f29,0.6273031000746414
35,2,93692,93692,93692,93692,801138,1.0,ab4d5e39b4d3ad430a992d6d87d7510a869b6cb03a5d9a7ba124b039ba4486e2,d48116d8bcf5b66fd05c57f66bd3a924ad63fdda67f27b003da4f9bb84a883d1,0.7887387999799103
35,3,75717,75628,75250,75176,1254808,1.0009843567095882,ab4d5e39b4d3ad430a992d6d87d7510a869b6cb03a5d9a7ba124b039ba4486e2,5889838996cc7d1fcb7795725340961810fb3dcfe5e33e14624650538122e2af,0.7280700999544933
35,4,63767,63250,63767,63250,1505978,1.0081739130434784,ab4d5e39b4d3ad430a992d6d87d7510a869b6cb03a5d9a7ba124b039ba4486e2,53004d3154a6696e9409325f6a3db0c95a75054f19b9c87a60d9f0e072e2164f,0.6427146999631077
35,5,58308,57848,58308,57848,1058710,1.0079518738763658,ab4d5e39b4d3ad430a992d6d87d7510a869b6cb03a5d9a7ba124b039ba4486e2,e256ed7cc177d9415f9c73a3c400267b610f9623f8a2a51776e3efa9fd847e91,0.6598440000088885
36,1,931510,931510,931510,931510,0,1.0,3924c8904db3f85eb38d4e4b345e55f689c9d908f329dbb8caf16a3774759d21,8c131ad0dfb252dc26f956f6fa867096f91862e58a5cb371718e576432bc8999,0.6491527000907809
36,2,466068,466068,466068,466068,1152,1.0,3924c8904db3f85eb38d4e4b345e55f689c9d908f329dbb8caf16a3774759d21,dd7ae7b455235ad623c4429d8370e13ad548162d913959e57fd2bf3e583c35cf,0.4532241999404505
36,3,311345,311345,311345,311345,2304,1.0,3924c8904db3f85eb38d4e4b345e55f689c9d908f329dbb8caf16a3774759d21,a3558ccae74e93902681f85c93b27b4947fee563d9401fd79cd91014208f555a,0.5173586999299005
36,4,233584,233584,233584,233584,3456,1.0,3924c8904db3f85eb38d4e4b345e55f689c9d908f329dbb8caf16a3774759d21,038414e14156f408efe4003277cc28c939201fd7620049f41e7b43967126873f,0.5277634999947622
36,5,187182,187182,187182,187182,4608,1.0,3924c8904db3f85eb38d4e4b345e55f689c9d908f329dbb8caf16a3774759d21,b7f744513cf6209837e2139077ee2d2c0f158cfc916283fd4913f0abc020e551,0.45246019994374365
37,1,210001,210001,210001,210001,0,1.0,c5ce3776f9b28b17c7e1d23c9a47395ddfaeecf2533228ab0a5cf444e3f112e3,63d46275baf2c0ca59542635cd8214bd79425c5056d8f109b3090fcd1ad93847,0.08240139996632934
37,2,105374,105374,105374,105374,204800,1.0,c5ce3776f9b28b17c7e1d23c9a47395ddfaeecf2533228ab0a5cf444e3f112e3,9d008aab2db8335b6681495cec24f532db4728cec744f600e0adb4d416dfce78,0.08405560010578483
37,3,74038,74038,74038,74038,573440,1.0,c5ce3776f9b28b17c7e1d23c9a47395ddfaeecf2533228ab0a5cf444e3f112e3,8f0da85bcb7bc5a59e4c1efe132bdf0c7c8badcc5adc2b135a90d4415fb27c8f,0.10914430010598153
37,4,53320,53320,53320,53320,614400,1.0,c5ce3776f9b28b17c7e1d23c9a47395ddfaeecf2533228ab0a5cf444e3f112e3,56df4c7101b66830cc2dd02593ac18272261ed453b685fc61df87287cc81dd32,0.12162619992159307
37,5,43013,43013,43013,43013,942080,1.0,c5ce3776f9b28b17c7e1d23c9a47395ddfaeecf2533228ab0a5cf444e3f112e3,aa63e1c3628d1cb750812560b5eace3fbb35839c9da70f3f37a74ae508d28ef4,0.10346629994455725
38,1,1364555,1363312,1364555,1363312,5627904,1.0009117502083162,69575019d0670552c74f386508042357a94419ed2f49d18a382a71a8cf39e5ac,8f5c3e3c84763a2a5e2ebb7436efdc0d8ec7a8cc8d35564e8f26bb776d9f4e48,1.2634749999269843
38,2,674500,674382,674500,674382,6790656,1.000174975014161,69575019d0670552c74f386508042357a94419ed2f49d18a382a71a8cf39e5ac,ea59dcd7e19f8e660eb25925686e09771b2022fdced47df537d27d185057a828,1.3438544999808073
38,3,449590,449048,449590,449048,8107008,1.0012069979155904,69575019d0670552c74f386508042357a94419ed2f49d18a382a71a8cf39e5ac,6def89326aa4ee4be8c098ae810bcef9ad7f2a05a3b95be80cd2e3973ada8c96,1.268471400020644
38,4,338182,337550,338182,337550,8954880,1.001872315212561,69575019d0670552c74f386508042357a94419ed2f49d18a382a71a8cf39e5ac,df6c8aab73b6aec511e4373ba580364185b311d4351edd64f97e7960fea9212c,1.2231536000035703
38,5,275278,272573,275278,272573,9592320,1.0099239469793413,69575019d0670552c74f386508042357a94419ed2f49d18a382a71a8cf39e5ac,eeb43a9e7ee76d39a203ad8208378e9efa879e6cd29a752db7cc72dbf957cbea,1.2492952999891713
39,1,1435262,1435262,1435262,1435262,7929856,1.0,8e999d9db7fe3b1060baef4bff52304267c4034700290fe0a7520f777cbc78ed,dac9aa0dddfc1796efda0c933d0a650fee6dbc3977c653a543b26b2ae2e70179,1.6722889000084251
39,2,708430,706188,708430,706188,9166848,1.0031747919817386,8e999d9db7fe3b1060baef4bff52304267c4034700290fe0a7520f777cbc78ed,416edd4aa8a967e1bb0c0c4f962c10a37c6368577054102d3ff0fc5f29eb39cf,1.2685401999624446
39,3,478013,477811,478013,477811,11911168,1.0004227613010166,8e999d9db7fe3b1060baef4bff52304267c4034700290fe0a7520f777cbc78ed,c9089280cb7f59693cd8e06b28ac919824c6d67e3347319e6aa74d8f9d546c87,1.2539591999957338
39,4,368961,367059,369254,355737,14848000,1.037997172068129,8e999d9db7fe3b1060baef4bff52304267c4034700290fe0a7520f777cbc78ed,83eb2a21aa73f1d357bfe04544fece6953ffd72e45088e5c50300ae08c8c6717,1.0671109999530017
39,5,338925,317103,338925,317103,14536704,1.0688167567005042,8e999d9db7fe3b1060baef4bff52304267c4034700290fe0a7520f777cbc78ed,090300e316972fdb15c15bf31994735684ea16e1fba2f4decb8ed92040a648d4,1.148327499977313
40,1,253454,253454,253454,253454,0,1.0,7d595de282221534f949ab7ffae0ff026d5c7652b9110c18c0031aa78400cc57,2f3989071fd3e245c82304c86e2c391712466180edb5a6cf8553661950ff9992,0.37514729995746166
40,2,134642,134149,134642,134149,1227916,1.0036750180769145,7d595de282221534f949ab7ffae0ff026d5c7652b9110c18c0031aa78400cc57,f930c08b5c5c613deef86ff3e28d37cf5d5f1d7505c10b8eede749e18e4f460c,0.5295177000807598
40,3,105492,105156,105492,105156,1985768,1.0031952527673171,7d595de282221534f949ab7ffae0ff026d5c7652b9110c18c0031aa78400cc57,33f9aa2861db80fb01f2b35238d31658ccffdcde1f8abf3bd8254106a31fa151,0.5483370999572799
40,4,89539,87558,89539,87558,1836692,1.0226250028552502,7d595de282221534f949ab7ffae0ff026d5c7652b9110c18c0031aa78400cc57,a3b122cb93d314420d5ffbd18a0ca365a909f23957935fc6a6394f8c22954329,0.6025772000430152
40,5,78938,77963,78938,77963,1915296,1.0125059323012198,7d595de282221534f949ab7ffae0ff026d5c7652b9110c18c0031aa78400cc57,715eac46bd6f27bee87dba2889a96c979b40875ec1f1fddde718433ddcc6915d,0.5800005999626592
41,1,6003957,6001575,6003957,6001575,30898176,1.0003968958148486,97d875b7e79ef0257342689d0c348f86ab591d74dfa9a9c28a72f47abb531491,ab5c67b7b2f8e6bf5fc8e0b879f66cfc4fd5c823fa6c1a4930e6b7dec827e636,6.830966899986379
41,2,2990398,2988290,2990398,2988290,33669120,1.0007054201566783,97d875b7e79ef0257342689d0c348f86ab591d74dfa9a9c28a72f47abb531491,d5ccec06bbe93241db270fe6d34400f73c302db708dc8a05c4c4880b585c72e9,5.977676499984227
41,3,1991911,1989953,1991911,1989953,34851840,1.0009839428368408,97d875b7e79ef0257342689d0c348f86ab591d74dfa9a9c28a72f47abb531491,8cb5fe7fa6c138a1b1e16cb735de3bf29ea3008764bfdd285a5824d44b100a95,5.480039699934423
41,4,1490603,1487676,1490603,1487676,39164928,1.001967498299361,97d875b7e79ef0257342689d0c348f86ab591d74dfa9a9c28a72f47abb531491,0b6114b4971e293e2634fd3439b1ac16590aab4c0ec1714fd81ae4688af83412,5.336307599907741
41,5,1196379,1193054,1196379,1193054,40630272,1.0027869652169976,97d875b7e79ef0257342689d0c348f86ab591d74dfa9a9c28a72f47abb531491,0f1a8aa4503495702299869b328e7a5759930a1c6b80de0bc6230597551bd9e9,5.384032999980263
42,1,1686740,1675633,1686740,1675633,6629376,1.0066285397816825,c098a559bbb2f888a39d47b81fee2e93ae04365d4ce377982758cd3373ac33c5,d2081ece83d9033de97343585d9baf2b53075a3d221e902604363fffe703b529,1.0480952999787405
42,2,840111,839453,840111,839453,7262496,1.000783843764928,c098a559bbb2f888a39d47b81fee2e93ae04365d4ce377982758cd3373ac33c5,53c4850b710e8be71fad1fee0184ad2e6ee822a24b921c97c87ad9abde98dbbf,0.9215592999244109
42,3,570685,567481,570685,567481,8474176,1.0056460040071826,c098a559bbb2f888a39d47b81fee2e93ae04365d4ce377982758cd3373ac33c5,280b8206d8c7cf44bd04ef0e3803ce6794b93414d3d11f8a31e15f5545becd4f,0.8604778000153601
42,4,430510,425563,430510,425563,8605536,1.01162460082291,c098a559bbb2f888a39d47b81fee2e93ae04365d4ce377982758cd3373ac33c5,2a39ea95aa7c1c4562542eb223b49078ed4ec892568958b634c9c5c23364e4e1,0.8867858999874443
42,5,350713,348878,350713,348878,9936736,1.0052597182969405,c098a559bbb2f888a39d47b81fee2e93ae04365d4ce377982758cd3373ac33c5,569d1a1256cc62fe3551a6410ee7cf4633e302e85f3bb8ab7a3684f2667340c4,1.0624433999182656
43,1,677656,677656,677656,677656,49160,1.0,23270b8e711405157c6b29fd36a4a182bdccf090b2beb69f63d9580aa22e780c,206834cfb1ea06a7ceafe7103b66b688311a31506fa5a9031848087f753ccc84,1.7210124999983236
43,2,349881,349668,349881,349668,3210754,1.0006091492501459,23270b8e711405157c6b29fd36a4a182bdccf090b2beb69f63d9580aa22e780c,e02b4c002dac3ea3e0624d816fa1fe14c5c4aa1a1a9c95d55d2a3bb79bee426d,2.9213044999632984
43,3,250900,250731,250952,250728,4852554,1.00089339842379,23270b8e711405157c6b29fd36a4a182bdccf090b2beb69f63d9580aa22e780c,f420523b2decb10312077aae6bf1bc3dd868f9937fa4eb82031075eb63315daa,3.002448600018397
43,4,207895,204194,207608,204135,5894554,1.0170132510348544,23270b8e711405157c6b29fd36a4a182bdccf090b2beb69f63d9580aa22e780c,bc85924af7cfe0fd8e6ec1b5035f9ab254b36dd2dab878cbc4cb9753d3873bdf,2.993050100049004
43,5,199041,184463,199077,182238,6592822,1.092401145754453,23270b8e711405157c6b29fd36a4a182bdccf090b2beb69f63d9580aa22e780c,8e4fab35a3937cdb6f7b565e20fbd7ea92c4f8802914f659b3aad3d9ef1face2,2.897246800013818
44,1,154407,107814,154407,107814,4438112,1.4321609438477378,9abd4468a4be365e384de47431ac914ee44fd6e7b6221dffc584561f388cd57e,b3a3d432d31479494edec684578b81a56b8d294b44a2049ede0aaefb991fe351,0.17244989995379
44,2,54510,52355,54503,51266,885856,1.0631412632153865,9abd4468a4be365e384de47431ac914ee44fd6e7b6221dffc584561f388cd57e,6026a10fc52d3def61d9e50e1d5a45db9bc5a4158a1c4e4a1c60164edd14a73d,0.21151040005497634
44,3,44484,42915,48541,40954,1149632,1.1852566293890707,9abd4468a4be365e384de47431ac914ee44fd6e7b6221dffc584561f388cd57e,98d08d55e85842643172c1e4eb251841f3611c2e9a99544c29a91da34151c5ab,0.15392259997315705
44,4,49989,44212,52525,41362,1468192,1.2698854020598618,9abd4468a4be365e384de47431ac914ee44fd6e7b6221dffc584561f388cd57e,b93281a8d8a3b3594d298db93ebea09cf2fbc18230af0fe3f6bf355516ee231b,0.16820189997088164
44,5,43028,39788,42917,39677,655488,1.0816593996521915,9abd4468a4be365e384de47431ac914ee44fd6e7b6221dffc584561f388cd57e,03da24b5847cf3e3d4ed84eaf381cb4ee28bce1aaa6f3af3aeb4ae24bd9cf3b1,0.1551443999633193
45,1,125614,125614,125614,125614,0,1.0,64dff8e23ba176573a054ef2dc00a23a3487484bad65cb719acc4f087d611793,76de6b75aa4cb0989adacd898da2af6cc98a843c5ec4f1d68a15b1d0bba7448c,0.1630818999838084
45,2,63059,63059,63059,63059,0,1.0,64dff8e23ba176573a054ef2dc00a23a3487484bad65cb719acc4f087d611793,e67154587cdc0f9be2faa8f93a78d9171af089c4d999fad09c5e9b5d65eecfb0,0.13019440008793026
45,3,42601,42601,42601,42601,0,1.0,64dff8e23ba176573a054ef2dc00a23a3487484bad65cb719acc4f087d611793,10e53d1c7f81d8230f0697fab058da575556a3de7fb1f74d27bae3c53f7ba6d4,0.14094930002465844
45,4,31878,31878,31878,31878,0,1.0,64dff8e23ba176573a054ef2dc00a23a3487484bad65cb719acc4f087d611793,e7065e94b7806aaecd0e60c5c12d0cb294797b3d13bfb1569961a4f13ba14b8b,0.15018800005782396
45,5,26164,26164,26164,26164,0,1.0,64dff8e23ba176573a054ef2dc00a23a3487484bad65cb719acc4f087d611793,d3982367cc66cc4413fa5e6dc97c9b7abaffc72ea00bd5191f108e85f05be435,0.12007820000872016
46,1,276455,244994,276455,244994,3176288,1.1284153897646474,1917fbb2bfe1141fd8dc4bdac6119dd44014df9a13eb18faa3e55f25bcc91659,d1b4a409de9ead0c25c6c667f834ab2bb78ce217c637479ee300c71065e42062,0.11498049995861948
46,2,112410,112410,112410,112410,942688,1.0,1917fbb2bfe1141fd8dc4bdac6119dd44014df9a13eb18faa3e55f25bcc91659,53f57427b0830d4160486e8d2667d81e1206a0f7d6f449dc9a26daaf7c78e878,0.12577519996557385
46,3,96500,93498,104237,92335,2958528,1.1289002003573942,1917fbb2bfe1141fd8dc4bdac6119dd44014df9a13eb18faa3e55f25bcc91659,405aeaa39b175b681bba4e9a7a4ddd2cbc2ac041bb22618a3d59c9f06a41a110,0.21181270002853125
46,4,71871,69926,76324,66914,2316064,1.140628269121559,1917fbb2bfe1141fd8dc4bdac6119dd44014df9a13eb18faa3e55f25bcc91659,ae65c9ca0309379791a174ed31cad722ffaf6aec5bcef03669d928a03e1d1230,0.1388635999755934
46,5,77698,71867,87214,69923,2920832,1.2472863006449952,1917fbb2bfe1141fd8dc4bdac6119dd44014df9a13eb18faa3e55f25bcc91659,bc706192324406f8556c29d0fb1622b398b594e6194602a2b8d74337c37246bb,0.21301609999500215
47,1,326508,326508,326508,326508,0,1.0,7c6328650b8e50e4d15a0ddf1ad0715a40d64d51f3c86c2c3b9c22e4cbb6a83f,f7e1451d3131a66cc5afa7e72d3c97a91aed2d8c45f1d862e42f266e9478e13c,4.914598000003025
47,2,197413,197408,197413,197408,1264006,1.000025328254174,7c6328650b8e50e4d15a0ddf1ad0715a40d64d51f3c86c2c3b9c22e4cbb6a83f,8ee59c175c22fb04531fe94f4cfd7fb27346cbdf34da2f373834ba1259e5e466,4.6923114999663085
47,3,156690,156593,156690,156593,1857324,1.0006194402048623,7c6328650b8e50e4d15a0ddf1ad0715a40d64d51f3c86c2c3b9c22e4cbb6a83f,9bd8478b72b4a57dc5449fa587fb4099b142d81f75a3791eeee4bccf56d031bb,4.1531164000043646
47,4,143256,142699,143256,142699,2256146,1.0039033209763208,7c6328650b8e50e4d15a0ddf1ad0715a40d64d51f3c86c2c3b9c22e4cbb6a83f,2e495a43ab0b50f4e639cacdb18813386faf037e0e505f475f93bd5c47be41fe,3.92932060000021
47,5,135565,134070,135565,134070,2575320,1.011150891325427,7c6328650b8e50e4d15a0ddf1ad0715a40d64d51f3c86c2c3b9c22e4cbb6a83f,6da9b4e4b35ae8ea14b57cb19e7c34789d8b32cf17e5246c41ce1158a5a00c32,3.876416000071913
48,1,222220,222220,222220,222220,0,1.0,9932aaca8ab23d020c5f5102fa3d436dd3cdf3ca8d1ee458d4c235c556c11764,d32b77f9856f8edd942e118b95e1add14c4d2f74b57071e96654e1e5164d715a,0.2377436999231577
48,2,150049,150049,150049,150049,467846,1.0,9932aaca8ab23d020c5f5102fa3d436dd3cdf3ca8d1ee458d4c235c556c11764,d606c3cced82fcc7019510a067d6818cd1f87faa622dd0086d0f3b201ac0db49,0.2041355000110343
48,3,114626,114531,114626,114531,1177612,1.000829469750548,9932aaca8ab23d020c5f5102fa3d436dd3cdf3ca8d1ee458d4c235c556c11764,6556f82eeabed47004655c34f4921fd6d2ca8d08873127ec7164e2fd93ed52bf,0.27773199998773634
48,4,114384,114072,114384,114072,1270930,1.0027351146644226,9932aaca8ab23d020c5f5102fa3d436dd3cdf3ca8d1ee458d4c235c556c11764,498ecc86d3ac0c6317a704e79fe6f7743c0225f77d12ef0213ebc23fd9cd21f1,0.29229390004184097
48,5,101641,101570,101641,101570,1273560,1.0006990253027468,9932aaca8ab23d020c5f5102fa3d436dd3cdf3ca8d1ee458d4c235c556c11764,9d483b807079a1f09704ab089b4bd885f2902026af9f2ede498ed6040a898036,0.2913166000507772
49,1,196276,196276,196276,196276,0,1.0,444854fe118a208ddfa10fa0ddd48d7b5e6cfd3780a8049f2145fc1a9b674a08,2186478cd6f24e1941a013639c9a52be08c5349cdf117842cedcedee1ff4f6dc,0.7008959000231698
49,2,126174,126174,126174,126174,1027062,1.0,444854fe118a208ddfa10fa0ddd48d7b5e6cfd3780a8049f2145fc1a9b674a08,ac1b3d8eca6f2a225b4b34974b43bb970f4752fc0820a485b7efcb2f57ce2d90,0.9068566999631003
49,3,83711,83597,83711,83597,2408560,1.0013636852997116,444854fe118a208ddfa10fa0ddd48d7b5e6cfd3780a8049f2145fc1a9b674a08,e727be7b739475fc93767b4c85978bbb87bbbc0cbc4a1ea14179745b544f6aa2,1.0904800000134856
49,4,75814,75141,75814,75141,2607184,1.008956495122503,444854fe118a208ddfa10fa0ddd48d7b5e6cfd3780a8049f2145fc1a9b674a08,51e1454843fd5fa6487c12dd46102be9a692f470a30948fb96f0e947a2571321,0.9560916000045836
49,5,76846,74748,76846,74748,2907980,1.0280676406057687,444854fe118a208ddfa10fa0ddd48d7b5e6cfd3780a8049f2145fc1a9b674a08,bbf350cb3e4efb17cded59ee6449af6d5f960f887ad2903322921345aeef0799,0.9881102000363171
50,1,149690,149690,149690,149690,0,1.0,3b6b1abd65fbfbb2a40972bdbd643c43107c4b232512741740ff351c366367aa,f13b23adc8986223c3ed16bd5199b6a24e63786f325ffabaacedaa6a1d3a2149,0.8355732000200078
50,2,87435,87422,87435,87422,1022694,1.0001487039875545,3b6b1abd65fbfbb2a40972bdbd643c43107c4b232512741740ff351c366367aa,3622a496d3b3bbf029de639db8c39702c6540dfc583aa99f9fb9542bc01150a9,0.9569771999958903
50,3,60421,60008,60421,60008,1831624,1.0068824156779097,3b6b1abd65fbfbb2a40972bdbd643c43107c4b232512741740ff351c366367aa,86241e235ab5a2fd209e26689177171cb0d2e54122eeed4565cfd40406383fc3,1.0449013001052663
50,4,57912,57018,58002,57012,2043408,1.0173647653125657,3b6b1abd65fbfbb2a40972bdbd643c43107c4b232512741740ff351c366367aa,5eeb7ff1bf0a7b0771ec852bd7a3f93adc107a5b0c3f6576d3ed202cfe364a5a,1.220227099955082
50,5,57017,56411,57017,56411,1337182,1.0107425856659162,3b6b1abd65fbfbb2a40972bdbd643c43107c4b232512741740ff351c366367aa,b5405882ef9218b764567c76dd931a330d807101a1873658b883054352b57472,0.9699002000270411
51,1,607628,607628,607628,607628,0,1.0,884e8b12ac1f7a9b569958909680e8c2f6055966a59c9f929ffd5cee48aae43b,d2a74eed1ca12d1890a92f6146eeff44c75d533e1a44afdef3274970662eddd5,0.1635065000737086
51,2,319230,318398,319230,318398,394084,1.0026130817404633,884e8b12ac1f7a9b569958909680e8c2f6055966a59c9f929ffd5cee48aae43b,8aaec299c9e6db04a8d849d0fa00dc549156115bc5644f075722cd539e1d842f,0.20327549998182803
51,3,228581,227941,228581,227941,328736,1.0028077441092214,884e8b12ac1f7a9b569958909680e8c2f6055966a59c9f929ffd5cee48aae43b,8784b333cc8d4d0387768528d81c210051fff71d980e64442d4f88fd015d2e1b,0.19697219994850457
51,4,183794,179791,183794,179791,591064,1.0222647407267327,884e8b12ac1f7a9b569958909680e8c2f6055966a59c9f929ffd5cee48aae43b,ccbc546cb3229797ed6515a20c76a8b5ee34be8950752891a28e3ce45eed6eff,0.22034640004858375
51,5,170016,167806,170016,167806,427456,1.0131699700845023,884e8b12ac1f7a9b569958909680e8c2f6055966a59c9f929ffd5cee48aae43b,40c0b22c5d50e199d09ac6a0402616910ef3fd5fead530d55e29980b4259587f,0.2249314000364393
52,1,180301,180301,180301,180301,0,1.0,6196e8c72258ff26d0ab4dcee50c4f5b39f78142729a2223cfcbd4a9181ab7d0,6b8c8232d352f6d96992aafb05307949def8c3395f86a8e75b0dae291f2ecf40,0.13762029993813485
52,2,90903,90903,90903,90903,102912,1.0,6196e8c72258ff26d0ab4dcee50c4f5b39f78142729a2223cfcbd4a9181ab7d0,5c46a484920e7c6cbf37956acf5e75b456d7491b5c90c1a4de02747499f52d57,0.13875129993539304
52,3,60160,60160,60160,60160,181248,1.0,6196e8c72258ff26d0ab4dcee50c4f5b39f78142729a2223cfcbd4a9181ab7d0,5aa2180e3c064f5e71fe0d45d30ef157c226f61d2091c32c89a57cf6f68e5c33,0.13391390000469983
52,4,45777,45777,45777,45777,254976,1.0,6196e8c72258ff26d0ab4dcee50c4f5b39f78142729a2223cfcbd4a9181ab7d0,a69e213e39e775defdf7b516c206e6817a62f87718e2ba30db591753afc479fb,0.15784740005619824
52,5,37846,37846,37846,37846,333312,1.0,6196e8c72258ff26d0ab4dcee50c4f5b39f78142729a2223cfcbd4a9181ab7d0,060c3acd7fe0c2ea89344a8418241a6e17dedcb0ec1e60ea2340db922a30e1dc,0.15343449998181313
53,1,1472686,1428109,1472686,1428109,5405536,1.0312140039730862,f3593af4c9aa960385c5fdfaf8ad98c396f05746d9e1fe6cc731adeae7019dbc,e2bb9a691fab82cc8d387e8f4d9ef4bf8f24904673bd061b5b5dc897b003f67f,1.8489329000003636
53,2,723016,723023,723016,723023,4631434,0.999990318426938,f3593af4c9aa960385c5fdfaf8ad98c396f05746d9e1fe6cc731adeae7019dbc,952ac6785cbcc48f6d1506c19d1132c8a15e432608b9394f245e4ce968457005,3.8901624999707565
53,3,495435,495119,495435,495119,6090084,1.0006382304052157,f3593af4c9aa960385c5fdfaf8ad98c396f05746d9e1fe6cc731adeae7019dbc,41712a12ea9ecb7d0ddc6b5f1f11486238d6632f11d0bd3d378e3a5628055566,3.4787122999550775
53,4,394500,388744,394500,388744,8679750,1.0148066593953862,f3593af4c9aa960385c5fdfaf8ad98c396f05746d9e1fe6cc731adeae7019dbc,1a56e65a625c2aad64d394d10eb49941a9cb88769925ef79787d95d6be2a69b8,3.530577400000766
53,5,357068,343404,357068,343404,9823040,1.0397898684930869,f3593af4c9aa960385c5fdfaf8ad98c396f05746d9e1fe6cc731adeae7019dbc,16bf4493b0387603a4e1b98a8ae2cc79a01dd4470ca0f0c5105caf81da6e3d0d,3.287017999915406
54,1,815051,815051,815051,815051,0,1.0,4c874b67351e0a6d336af3117c1289099c54993581f90de11e8f49fb33bb9828,303a13c8a7504a734bd51ced21a3f240b1e1d0d0dd0176ce18e01c0cf16bce7c,6.016185200074688
54,2,465795,465795,465795,465795,2620302,1.0,4c874b67351e0a6d336af3117c1289099c54993581f90de11e8f49fb33bb9828,c84ee809390ce005d8861e6b28b71c543df8bc34174b1031c1578a111f3205f3,5.985251899925061
54,3,359793,359773,359793,359773,4112418,1.0000555906085227,4c874b67351e0a6d336af3117c1289099c54993581f90de11e8f49fb33bb9828,1b7c030d5bdd720c16c1b10a6987ab66c7c6e36c2d9ed6bd93b5f2f11b248418,5.900818399968557
54,4,274779,273124,274306,272727,7284480,1.005789672456339,4c874b67351e0a6d336af3117c1289099c54993581f90de11e8f49fb33bb9828,0f5dd564dade2c0ad3cb0ad060694cfa94ccdea753918010a177183fc0a8e3c7,6.521416199975647
54,5,257061,252980,257061,252980,8197794,1.016131710016602,4c874b67351e0a6d336af3117c1289099c54993581f90de11e8f49fb33bb9828,fb5173cf2ad1aecba0f8b4b0c50c04dd2c578ae05a8a26d23a86a94c144ef1a4,6.465229000081308
55,1,118835,118835,118835,118835,69632,1.0,1121ee10f030be119d0930fe518d63aedd8cf65167627c7f66f1a7ffffd9d134,f087e910c4e28eb6ef3e4b108ff1ef3d4c9cca3208706fec7e6958edc9c8564c,0.11712930002249777
55,2,52737,52632,52737,52632,16384,1.0019949840401277,1121ee10f030be119d0930fe518d63aedd8cf65167627c7f66f1a7ffffd9d134,5927ccbc01b1c2e5854a0aee2c3f2bb7444629cc378fddcdcf37b3b68840dc40,0.10361980006564409
55,3,35943,35943,35943,35943,74240,1.0,1121ee10f030be119d0930fe518d63aedd8cf65167627c7f66f1a7ffffd9d134,7fd67152c61d4bf7518716419efc3957461d2cf8667f28f2c85f156e80f08035,0.10450480005238205
55,4,31281,31281,31281,31281,115712,1.0,1121ee10f030be119d0930fe518d63aedd8cf65167627c7f66f1a7ffffd9d134,a551e5f49f875afb82f2e3ec81edfd56d96e92ae723725c6df878db3f2872c28,0.13016880000941455
55,5,24831,24831,24831,24831,173568,1.0,1121ee10f030be119d0930fe518d63aedd8cf65167627c7f66f1a7ffffd9d134,ab9022a551f42369396f862812a7f04cd117426f9ce2119ed4bcac82f42ae129,0.1161759999813512
56,1,277285,277285,277285,277285,0,1.0,fda213426382a3810afd172eadc10b9221330b906888537cb13b16369be3369d,7355144407cb6625ff18a853daf1c1966f13bef12d0b903a1f604f5ab1eb5919,1.7873847999144346
56,2,172836,172843,172793,172799,3326338,0.9999652775768378,fda213426382a3810afd172eadc10b9221330b906888537cb13b16369be3369d,9ea7e47c6215405e9c5bf2057512ba84da4f7d9f8797ea1d401678f49ec51121,2.701397500000894
56,3,122295,122170,122295,122170,3278908,1.0010231644429892,fda213426382a3810afd172eadc10b9221330b906888537cb13b16369be3369d,86c076ebd8d58070201d87c63516abeeca6eaeaa22abb6fd5e1aecfe6d7d2dcc,2.3244837999809533
56,4,115731,114771,115731,114771,3685886,1.0083644823169615,fda213426382a3810afd172eadc10b9221330b906888537cb13b16369be3369d,831a7f04a0a86130702ef976598eda72435ea56f20ab168f4922bf8f63f73550,2.312553499941714
56,5,117134,115146,117134,115146,4124830,1.0172650374307401,fda213426382a3810afd172eadc10b9221330b906888537cb13b16369be3369d,5c8526b6dbc4bd044230348f2deac9bb48665e80e3b938ac46545101cb890f2c,2.453011399949901
57,1,59726,59726,59726,59726,94216,1.0,89778038db7db919a13c5885aa555c8ae054a3f43845c73fe346b6123d12a525,2c4423f6c876f78c022c3d94f14a2ec636aed690a97260d808c7dd1ebd3c651e,0.07010260003153235
57,2,29703,29703,29703,29703,22304,1.0,89778038db7db919a13c5885aa555c8ae054a3f43845c73fe346b6123d12a525,860d60838b383b05a265fd81d7a6b95326c26392da3ffd32f5fdd63597d4bbb6,0.09311290003824979
57,3,20565,20565,20565,20565,14112,1.0,89778038db7db919a13c5885aa555c8ae054a3f43845c73fe346b6123d12a525,b54c8da060aa348c3511b0ae2105e40c2457b7269e43182a00a2f743f8e84e4c,0.10731079999823123
57,4,16345,16345,16345,16345,28224,1.0,89778038db7db919a13c5885aa555c8ae054a3f43845c73fe346b6123d12a525,0fc689c7094fe93953a9d32718d655155f01570fde98dd5e181641af36aef589,0.08926909998990595
57,5,14028,14028,14028,14028,14400,1.0,89778038db7db919a13c5885aa555c8ae054a3f43845c73fe346b6123d12a525,fcbe517da9c1b4b87db57f5720b1fc6f779d05480b7d82bb11ffefd1ea06e1bb,0.11521009996067733
58,1,4539717,4539717,4539717,4539717,28696576,1.0,95027788c05772259091802889106c7104efdecdaaabd002ed11a87f8f2f209d,a38a496ab67cfc079e5e35f0a019de892e18ee2a1e3c5c60acea35545ae93189,10.294097700039856
58,2,2266495,2264017,2266495,2264017,29548544,1.0010945147496684,95027788c05772259091802889106c7104efdecdaaabd002ed11a87f8f2f209d,075e25288db551a3f9e3f0d5fa15ed83096140e80afdb55309d6488dd9b6df4c,7.20397349994164
58,3,1538252,1538118,1538252,1538118,30400512,1.000087119453774,95027788c05772259091802889106c7104efdecdaaabd002ed11a87f8f2f209d,7a11844dfd1cc35b08ded9057ee9b291ccc63d49d0ec2ed8d3ffc3ed7d8b9094,5.738597800023854
58,4,1141935,1129512,1145396,1128131,31821824,1.0153040737290262,95027788c05772259091802889106c7104efdecdaaabd002ed11a87f8f2f209d,d635ee31a07e3c135eb6102bc6eb4fea032ba1707dc494e46df90edcda66b020,4.837286500027403
58,5,1000800,960493,1000800,960493,32104448,1.0419649076047406,95027788c05772259091802889106c7104efdecdaaabd002ed11a87f8f2f209d,d5537ad80949ce849a997954afaebfec599089d5efcbbecec0e7f3ab55d2459d,4.50954479991924
59,1,829473,815938,829473,815938,1691648,1.0165882701871956,50b062952359dc9aa22880856093e8ec7a69c66d358607de49fd5f559ac232e9,195a633562363c88b80ad7c2e4fe2a1785941603a05262e519452f9a1bc3f6cf,0.4125698000425473
59,2,369318,369318,369318,369318,360448,1.0,50b062952359dc9aa22880856093e8ec7a69c66d358607de49fd5f559ac232e9,fcca41e61222e56b2847a00f34aebdfd916ea8e865f591478466ce633d0abb2f,0.3306253000628203
59,3,254073,254073,254073,253986,1171456,1.0003425385651177,50b062952359dc9aa22880856093e8ec7a69c66d358607de49fd5f559ac232e9,50f9dd786dcd9e50e2c1740ca38306f40dd27bb165f0c9c9545ad668cb3e078a,0.29954570007976145
59,4,185216,185216,185216,185216,1081344,1.0,50b062952359dc9aa22880856093e8ec7a69c66d358607de49fd5f559ac232e9,52666465e2da0ac177b591a04e755ba265953772be3c750aa39f89c4fd94317f,0.39835040003526956
59,5,150782,150736,150782,150736,2072576,1.0003051693026217,50b062952359dc9aa22880856093e8ec7a69c66d358607de49fd5f559ac232e9,417e736cdf7798eba0e154b1bcb1a3c1411416eb00eba4a4ee1d43e89def1c1b,0.3520430000498891
60,1,888789,887801,888789,887801,2068520,1.001112862003985,29889cfaea8c831c2620d19191abf871694e61d4850ced26a9710847096c1e96,d25f48fa82c8cb2bb3b332205dd2448506d5dcd85391ed5aeff6c8ae79636c18,0.9726204000180587
60,2,441525,441112,441525,441112,2746508,1.0009362701536118,29889cfaea8c831c2620d19191abf871694e61d4850ced26a9710847096c1e96,5ab48b8726ce62aed7175923a12507f28bd925dbe5b6b03765d085915f481a37,1.0246024000225589
60,3,295983,295334,295983,295334,3159296,1.002197511969499,29889cfaea8c831c2620d19191abf871694e61d4850ced26a9710847096c1e96,92b25536516f5fce72ed1ac382df8b95caaa4d0cc3016119694394142bde4539,0.985257999971509
60,4,223107,222447,223107,222447,3960200,1.0029669988806322,29889cfaea8c831c2620d19191abf871694e61d4850ced26a9710847096c1e96,e2fb9e787bd7eea889b6e6fb491c2627adbd7339b5c1b79ef1434d67dbeb86cd,1.0179597000824288
60,5,180081,179744,180081,179744,3733888,1.0018748887306392,29889cfaea8c831c2620d19191abf871694e61d4850ced26a9710847096c1e96,37c8d52b473ee0d133983cadd81fe9847007ddbc2827bcf110af5d13c2fd3d3f,1.0709878000197932
61,1,77191,77191,77191,77191,0,1.0,5da175170152a6beab3dcbda84a0910f72b079091c2ad1fdd489aaf5e31fcaf3,cba797eaafca9c3f1de1d713316b8d86836a0782c649a5d5709688be1562f445,0.11841100000310689
61,2,39298,39272,39298,39272,34560,1.0006620492972091,5da175170152a6beab3dcbda84a0910f72b079091c2ad1fdd489aaf5e31fcaf3,c89835efe48a565de343ae82b110fdf80c36f83b7c897c8656b8b60800142234,0.11559649999253452
61,3,28342,28316,28342,28316,43008,1.0009182087865518,5da175170152a6beab3dcbda84a0910f72b079091c2ad1fdd489aaf5e31fcaf3,c7522afa28a65a5fff502672403f9047e58cc8acf0bfd9b51030bd0e510b3fe2,0.12860010005533695
61,4,23892,23892,23892,23892,62208,1.0,5da175170152a6beab3dcbda84a0910f72b079091c2ad1fdd489aaf5e31fcaf3,ddf83aa25900fead7638b1bc669c790c4f6026b75f68effc07756123646c13da,0.13384589995257556
61,5,18840,18834,18503,18497,110592,1.000324376925988,5da175170152a6beab3dcbda84a0910f72b079091c2ad1fdd489aaf5e31fcaf3,4bee32a21ab9e5fbe1701a780d88a2d1008612424f456c96806835b86fce2572,0.1158180000493303
62,1,2854809,2854809,2854809,2854809,0,1.0,fa99943eab55b174047687337a4bcd81c3967e052e22eaabf3fb7740914df2b4,0058b0b0a1310dc2400dc166519f401b1beb42c5139f8d5d11c82d707a3088da,6.807395699899644
62,2,1431735,1431735,1431735,1431735,2325504,1.0,fa99943eab55b174047687337a4bcd81c3967e052e22eaabf3fb7740914df2b4,a9d27edce3dedbe8495fd25e31f24f38474ee295fd08d760153ac13876eea73e,6.042854900006205
62,3,958567,958567,955896,955896,2268672,1.0,fa99943eab55b174047687337a4bcd81c3967e052e22eaabf3fb7740914df2b4,b5de8b5e2a3f2bffca41efc26d0bea3721e91d9003c38acf76931df6a8cd1953,5.891283200006001
62,4,722454,722454,722454,722454,2582016,1.0,fa99943eab55b174047687337a4bcd81c3967e052e22eaabf3fb7740914df2b4,91b5f124501c4f85dcd06e3aeb6429da05fabf61dd052306e1c1dad8cc70688b,5.8040503999218345
62,5,579973,579973,579973,579973,2746368,1.0,fa99943eab55b174047687337a4bcd81c3967e052e22eaabf3fb7740914df2b4,d1584ad7173346a6f16cdd640af723fd56b4c97de380c854bf7aceb1dc81fe93,5.295689699938521
63,1,1070397,1070397,1070397,1070397,0,1.0,511c05c1ec9c19bb3cc108e173a46e7952b92fca9b1ac21728c43713056d429d,2e9f6e5c6ad286a9ccd480a1b0c777a45fe34b171855633bb43d327ee48bdec9,2.121581499930471
63,2,536070,536070,536070,536070,1049088,1.0,511c05c1ec9c19bb3cc108e173a46e7952b92fca9b1ac21728c43713056d429d,fe555eeac3db2565d828645635cb39da0f718510a8ed5aa1fb9a988abf7f89ae,2.083992899977602
63,3,358763,358763,358763,358763,1262592,1.0,511c05c1ec9c19bb3cc108e173a46e7952b92fca9b1ac21728c43713056d429d,f315c28a581aa99939c4bfd5447cbeed663392a5f2f6ac51163bd378d92aa518,1.954009799985215
63,4,270138,270138,270138,270138,1420800,1.0,511c05c1ec9c19bb3cc108e173a46e7952b92fca9b1ac21728c43713056d429d,cc6eec3a100efacaa4f5f9bd1d9177c292067e414d49b8d58aad65a7b905147e,1.9306009999709204
63,5,218917,218917,218917,218917,1539072,1.0,511c05c1ec9c19bb3cc108e173a46e7952b92fca9b1ac21728c43713056d429d,f16e3fa86e8a91f563b1e5220b2327e45036fd8d40867afde438f15a6a10494f,1.8499198000645265
64,1,19116,19116,19116,19116,0,1.0,871f65b73fc1da6a48501998fbfde6684fc78e5dd022ddc68085d1384d2e2280,8e255667637d48dc008148e4b6ee94f9f40ae6b096eb559a555827f5c82c0b70,0.0839632999850437
64,2,14130,14130,14130,14130,47620,1.0,871f65b73fc1da6a48501998fbfde6684fc78e5dd022ddc68085d1384d2e2280,e350005c121c63a4a321499030e9988302ca28df922ce4ee35afdd289a53df43,0.09512389998417348
64,3,13074,13074,13074,13074,41446,1.0,871f65b73fc1da6a48501998fbfde6684fc78e5dd022ddc68085d1384d2e2280,ecada03e71d84bd7f27702e071d7a8bf69ffe0bb996e4d58f58cc88f3bedf590,0.09675469994544983
64,4,10160,10130,10160,10130,130956,1.0029615004935835,871f65b73fc1da6a48501998fbfde6684fc78e5dd022ddc68085d1384d2e2280,0fbbe5d33f5dfa3f11e43629c988fea622e02fd7cd6bae8867efdbad48ada0d6,0.13602229999378324
64,5,11391,11356,11391,11356,159314,1.003082071151814,871f65b73fc1da6a48501998fbfde6684fc78e5dd022ddc68085d1384d2e2280,0c63e49e1e98a27045ed0a9e58324c5fed1b8b3e982b53f655ade33f3a70674f,0.12647529994137585
65,1,53068,53068,53068,53068,0,1.0,23342b7c3e75f58cec3d0bdaff89bf8d6f18de4930d35ec2ceade91670f0a400,462655786e4d45971797edaace468c25751908e507fc4c24313fcc47205031f2,0.07624179997947067
65,2,25517,25411,25517,25411,13968,1.0041714218251938,23342b7c3e75f58cec3d0bdaff89bf8d6f18de4930d35ec2ceade91670f0a400,2bc26b043e347c3181ce4b784d0b2edf7a0d5c82ad49d7df021dd1c010f517d2,0.07516040001064539
65,3,17964,17964,17964,17964,27936,1.0,23342b7c3e75f58cec3d0bdaff89bf8d6f18de4930d35ec2ceade91670f0a400,e7093b3774966282306867cef87dd1ec8e04c374abbaea2b28c68785a395a706,0.10604780004359782
65,4,13800,13800,13800,13800,41904,1.0,23342b7c3e75f58cec3d0bdaff89bf8d6f18de4930d35ec2ceade91670f0a400,f3564bdb287c0588277fa4d3bfb8a336041606d362d76e30cf9d685fd6f0a4aa,0.07015879999380559
65,5,11212,11212,11212,11212,55872,1.0,23342b7c3e75f58cec3d0bdaff89bf8d6f18de4930d35ec2ceade91670f0a400,ba8d22595435adf951c3b6667b8592168a867721cd3069b8ca0cec4d3a71ffee,0.07370850001461804
66,1,359070,359070,359070,359070,0,1.0,30e61f8760d7d595b0fc4ad76262b179c72509a0cb5b2be72333ebd9b926b465,6cc57264c628daf6a00c579335d674f65bd9bc44d5521949cf85c18b3590ace4,1.2532621000427753
66,2,203504,203504,203504,203504,1653418,1.0,30e61f8760d7d595b0fc4ad76262b179c72509a0cb5b2be72333ebd9b926b465,bbb2f975d9dabf92eebf5061cbd7ab50ba46c271c0f3124fe8cd42e9a4e9f347,1.381956099998206
66,3,146357,145116,146357,145116,2500738,1.0085517792662422,30e61f8760d7d595b0fc4ad76262b179c72509a0cb5b2be72333ebd9b926b465,d1bf5e811749c113d76d50608d363e738030d14f521eb916e8afe03b0aee70c1,1.3990554000483826
66,4,116226,112359,116226,112359,3806464,1.0344164686406963,30e61f8760d7d595b0fc4ad76262b179c72509a0cb5b2be72333ebd9b926b465,e3ec3ce33188d455a44512886d9cfc022e01bc190abc255343c5e2f1a562eb22,1.6338601999450475
66,5,106067,100249,106067,100249,3979388,1.0580354916258516,30e61f8760d7d595b0fc4ad76262b179c72509a0cb5b2be72333ebd9b926b465,c4a4a2fdc1b3801fb9d5036fa26b12f738055dc3e3f8548f6f4528076eb6fcc6,1.6799263000721112
67,1,63834834,63834834,63834834,63834834,264449408,1.0,f49b5087689e18c6bf231843f8f3bbaca238a547ea5309b2492c76d5f170b542,7e1066d4c23ce36241e0ef0b25bf2d814fcd59851bebdae8830017511176f488,3.5934789000311866
67,2,32040130,32217720,32040130,32217720,215994240,0.9944878160217421,f49b5087689e18c6bf231843f8f3bbaca238a547ea5309b2492c76d5f170b542,140f86d37a218b29eec3981416a5d54a64e552fb72deb2ea5d5324624f04fff5,2.1008607000112534
67,3,21255269,20814755,21255269,20814755,159238912,1.0211635448027132,f49b5087689e18c6bf231843f8f3bbaca238a547ea5309b2492c76d5f170b542,4c1932a3374c529f3aa5dc50d3c485c1ad14daebd9bca98d1c042c5ca91b5489,2.7265053000301123
67,4,16409509,16150583,16409509,16150583,226600576,1.0160319909194608,f49b5087689e18c6bf231843f8f3bbaca238a547ea5309b2492c76d5f170b542,f32d843e4bb60b2203a703f2ac41b12f0cff6a7f65481f15a6e8845eb34494f0,2.1648105999920517
67,5,13461153,13133609,13461153,13133609,229484544,1.0249393750034739,f49b5087689e18c6bf231843f8f3bbaca238a547ea5309b2492c76d5f170b542,ad07a726b5c4740bf42a01abe4e4ed3532c9c5146944346746948e35a3f18882,2.1937877000309527
68,1,362095,362095,362095,362095,0,1.0,dfd9a58ef9d26a8a4567026b50af8b4499d87eebb3d98f8208b909b11e963c6d,0a7c7b63e8a12964e4e020363366b8c87e6f80b097ed19bca06d80fb49aae469,0.9626205000095069
68,2,196346,196325,196346,196325,1624576,1.0001069654908952,dfd9a58ef9d26a8a4567026b50af8b4499d87eebb3d98f8208b909b11e963c6d,c6fbaafaf1a3312e4c84da075b28335a0320a3eac0d0441eb0b37e13093197be,1.3199503000359982
68,3,180284,179131,180284,179131,2355384,1.0064366301756815,dfd9a58ef9d26a8a4567026b50af8b4499d87eebb3d98f8208b909b11e963c6d,e15da1db7481fb747b20bf5a797a4b50210c107196f8bc4466e759c32d39b373,1.4163413000060245
68,4,156990,153012,156990,153012,2646854,1.0259979609442396,dfd9a58ef9d26a8a4567026b50af8b4499d87eebb3d98f8208b909b11e963c6d,98d221004835d63d5faa25de77a1475c79f5ebdef1a3fd808f36c917027ce775,1.2468197999987751
68,5,158423,143687,158423,143687,5510878,1.1025562507394544,dfd9a58ef9d26a8a4567026b50af8b4499d87eebb3d98f8208b909b11e963c6d,4b11539c6aee44d777ea533b76c77bb9a4edb0b851fbf65259799096f3a1847f,2.2464753000531346
69,1,25144,25144,25144,25144,0,1.0,9632392d98cfc04291ba0546accf1f4c3ede8ff71befd3cd0ae67caf27659e52,9a4617c063a728654291de0a0ccbe2c26b0a04bb90eb8f4f99f56e9018790af7,0.10623860009945929
69,2,17030,16941,17033,16940,364006,1.0054899645808737,9632392d98cfc04291ba0546accf1f4c3ede8ff71befd3cd0ae67caf27659e52,941310b4f8b31fac19f759c1adcbc37a009cdd8e5fe3eeb0fc8db4f77d5dc8b7,0.12018229998648167
69,3,14179,14019,14179,13997,325098,1.0130027863113524,9632392d98cfc04291ba0546accf1f4c3ede8ff71befd3cd0ae67caf27659e52,03504eb4abac147d1eb4b5432d5c0a64a18bdfb4e656df88304fc19a6c1ec439,0.12400880001951009
69,4,15620,15156,15620,15156,361896,1.0306149379783585,9632392d98cfc04291ba0546accf1f4c3ede8ff71befd3cd0ae67caf27659e52,810eeae3db74f0ffbff01f316a2da84190e849036c1da16126909cb5464996e4,0.11652709997724742
69,5,13147,12656,13537,12584,437616,1.0757310870947234,9632392d98cfc04291ba0546accf1f4c3ede8ff71befd3cd0ae67caf27659e52,0b7dea6050eeefb97c0693c5ebd2e5d079fcf50517ff5b7daa3a3c9ad8358e25,0.13626709999516606
70,1,117300,117300,117300,117300,0,1.0,b645c07133b0d98a63ab192cdfe8b35bdc089ad49eb5a8f1e476196344b97aa0,35503e8a606ef5a291c9918249aab3d458cd03475cbbc72620b0ae2c93d4de5d,0.14060570008587092
70,2,54493,54493,53981,53981,129536,1.0,b645c07133b0d98a63ab192cdfe8b35bdc089ad49eb5a8f1e476196344b97aa0,4283e68cb671f341d2951239d42ecc7ff3bf9d4c6ff3f4bb72161d2b95701d21,0.16463070001918823
70,3,39333,39333,39333,39333,259072,1.0,b645c07133b0d98a63ab192cdfe8b35bdc089ad49eb5a8f1e476196344b97aa0,c0291f60da25aea7fb51ce030e0bb8a455a042025ba173bc2971f1e225bcaf75,0.15293270000256598
70,4,30080,30080,30080,30080,333312,1.0,b645c07133b0d98a63ab192cdfe8b35bdc089ad49eb5a8f1e476196344b97aa0,52b4b29e2040f66ac107df4ba24f5ad22c6e8a5e5b3f7e315b43909eff5220f6,0.12350500002503395
70,5,25374,25264,25374,25264,449024,1.0043540215326157,b645c07133b0d98a63ab192cdfe8b35bdc089ad49eb5a8f1e476196344b97aa0,452af54e5ec25ce2c16fa792605b2a2663b257f9b3cc6c7161a974f2b28c2bcb,0.15958460001274943
71,1,18919,18919,18919,18919,0,1.0,437cc74cae9e0fc0cb89b05403c62062ceff8d5bc2224c8834c519e69524e897,f82d04a4b9d570fa5e42fc7121974485d556bb64fcf661523a3561120b3e4572,0.07614390004891902
71,2,12313,12271,12313,12271,171622,1.0034227039361094,437cc74cae9e0fc0cb89b05403c62062ceff8d5bc2224c8834c519e69524e897,427309539d8fc846e2b3e198adebda4fd6cf21afab75cf9852076c14befe23be,0.10380619997158647
71,3,9867,9692,9892,9534,246088,1.0375498216907908,437cc74cae9e0fc0cb89b05403c62062ceff8d5bc2224c8834c519e69524e897,130353ca951045a7f5cf589a1f21b9a6a0675bf75b51db4363fe1156aabf1c24,0.11697460000868887
71,4,10732,10334,10711,10214,223406,1.0486587037399648,437cc74cae9e0fc0cb89b05403c62062ceff8d5bc2224c8834c519e69524e897,ef8212a3a462c9faeb6f18050121163868bfe37b3411cfc255b890f298935b83,0.09348300006240606
71,5,10542,10249,10542,10249,307214,1.0285881549419456,437cc74cae9e0fc0cb89b05403c62062ceff8d5bc2224c8834c519e69524e897,5a10d27beb60ba4000b0038529a6149475fa8116f96e8647884a80af09c56111,0.1225428000325337
72,1,23897828,23890756,23897828,23890756,108613680,1.000296014073393,09ecc7be74ccdd06b00843fa6cd0696fb76ed623ca2ea3c9f36590450bc2749f,0fd024830f492dc03333049ae974ba60fec3388291f09ed82ca798f152e15c07,13.048865800024942
72,2,11836023,11826643,11836023,11826643,113724192,1.0007931244732762,09ecc7be74ccdd06b00843fa6cd0696fb76ed623ca2ea3c9f36590450bc2749f,352301c1912e5f04ac41d55f794f5d306cbed2493fdfb66ba644a2a9eebaecf0,11.606566600035876
72,3,7941294,7929713,7941294,7929713,120851232,1.0014604563872613,09ecc7be74ccdd06b00843fa6cd0696fb76ed623ca2ea3c9f36590450bc2749f,5d97981d8b8fbde1d4cf5bac9a260085c19f967323d2215883288d19b39e8d0a,10.953890400007367
72,4,5965868,5953384,5965868,5953384,123071264,1.002096958637306,09ecc7be74ccdd06b00843fa6cd0696fb76ed623ca2ea3c9f36590450bc2749f,db443a3eccb9cc65d153148c6abc4a988824d8d78c89c53d874d0640ba018859,9.923943600035273
72,5,4826156,4803888,4826156,4803888,77245216,1.0046354119829604,09ecc7be74ccdd06b00843fa6cd0696fb76ed623ca2ea3c9f36590450bc2749f,a04d0d5a3c3708e9d8bcb53aad93b61048b750a3be723fb0f37a543f49799ea8,9.213673299993388
73,1,10081626,10081626,10081626,10081626,141570432,1.0,aabaff04d990bac77150639be7f410acc46db644d19fd046367dc70725aea7f9,7116f5343d2950424bff808dabe9fc6e571b40be367cff74ab106678902556dd,1.3812925999518484
73,2,5294770,5154759,5294770,5154759,86179712,1.0271615026037104,aabaff04d990bac77150639be7f410acc46db644d19fd046367dc70725aea7f9,6d8d2fc2af206915ac6a04e0f7fe240aef6c957e95eae6826a9ee694e2f7ee21,0.8616104000248015
73,3,3805931,3497998,3805931,3497998,134138624,1.0880312109955466,aabaff04d990bac77150639be7f410acc46db644d19fd046367dc70725aea7f9,fe6d776fcd948f9f4f2ae23b3fc12ba9afc763a678f712f780a54dd6b24cfb8a,0.8908630000660196
73,4,3295138,2862419,3295138,2862419,137012864,1.151172487326279,aabaff04d990bac77150639be7f410acc46db644d19fd046367dc70725aea7f9,d0466a989eb8c1c7a7a8c421fb4a3990676dfb8184f48d50af4727ef0bfd2a81,0.8234110999619588
73,5,2848898,2661730,2913810,2578536,96247040,1.1300249443870476,aabaff04d990bac77150639be7f410acc46db644d19fd046367dc70725aea7f9,480843b14c3fb6fdeab84bb3566353b9866df2679b6fa4f3a5088d3364b7c073,0.8505637000780553
74,1,1682239,1678120,1682239,1678120,6070280,1.002454532452983,a8a94915cbac32e098d7c54cfc73af8ea2050eb51199b949a92cfe18ae62162e,50162acfddc34ebe39d098811889ed0570e5908c33bafc78408aecfd4cd049d5,0.5274079999653623
74,2,814840,813116,814840,813116,3776512,1.002120238686731,a8a94915cbac32e098d7c54cfc73af8ea2050eb51199b949a92cfe18ae62162e,a9044f9bf047716827baa16cd3445b6335feeefe2cd692fe303cd5cf98fdac03,0.584242400014773
74,3,542996,542102,542996,542102,5619712,1.0016491361404312,a8a94915cbac32e098d7c54cfc73af8ea2050eb51199b949a92cfe18ae62162e,dddf37761dbbae3c99afc8ea321a9e82c6114b881e88bc61807ae0dfa9ae1d92,0.5392884999746457
74,4,408908,408908,408908,408908,6623232,1.0,a8a94915cbac32e098d7c54cfc73af8ea2050eb51199b949a92cfe18ae62162e,dfe30f5747bd088d7828c83016eb6a65f230f2ad2ca63722b43c4d6d480230be,0.6788884000852704
74,5,328499,328279,328499,328279,7151616,1.0006701616612699,a8a94915cbac32e098d7c54cfc73af8ea2050eb51199b949a92cfe18ae62162e,3069e09dbc53b838e10113696319f92d7cf2b850f3301a6b6280d075b434ab2b,0.6616079000523314
75,1,1441809,1441809,1441809,1441809,0,1.0,5c24beddea6d09e1df3c8f8843d3593b90affb117ba38450fa9bea8a8db3351c,ed02a53377dab05accf5e971d7e7d48b35e69d472a4f2ad4c4ff128b3c91a4fc,2.0412171999923885
75,2,754663,754663,754663,754663,4745798,1.0,5c24beddea6d09e1df3c8f8843d3593b90affb117ba38450fa9bea8a8db3351c,d323ca4e41a1a7c1754c5966cedca79422392f4ac276bbb7a7e34996fabe4784,2.9229949000291526
75,3,557783,554461,557783,554461,12507404,1.0059914042646823,5c24beddea6d09e1df3c8f8843d3593b90affb117ba38450fa9bea8a8db3351c,65118fcaca2b18a4a77c2d27e4a91fe2347921cfd8ab76dc7dc9caa3e29906d8,3.84043920005206
75,4,462730,457083,462730,457083,11096688,1.0123544301581988,5c24beddea6d09e1df3c8f8843d3593b90affb117ba38450fa9bea8a8db3351c,151b2832116bbc1f649fc8fda4703de416f2f5c8cce25107f906eab1781ab79c,3.492738400003873
75,5,378054,364732,378054,364732,12427608,1.0365254488226971,5c24beddea6d09e1df3c8f8843d3593b90affb117ba38450fa9bea8a8db3351c,cb00ade2213439394312c78220ee37a8b88ff17e8044b0ff46d6d298408f461e,3.4609176000813022
76,1,6185113,6183098,6185113,6183098,28280832,1.0003258884138664,543a082b17fe8de0dbab92b19f27335e4c8d1db389f75251378f1f4704368307,42404e20f9ca22bd1c4f6e9e730238514cfe0cca06eedc8cf026a94f7359be29,9.251356299966574
76,2,3065214,3063843,3065214,3063843,31095808,1.0004474772369212,543a082b17fe8de0dbab92b19f27335e4c8d1db389f75251378f1f4704368307,2ea5d642735551ecfa9d4802ab7234e5c73dcee6f03f43e26b635916f9c45d8d,10.199480699957348
76,3,2046322,2045754,2046296,2045044,17794048,1.0006122117665928,543a082b17fe8de0dbab92b19f27335e4c8d1db389f75251378f1f4704368307,c9113e3b6b0a4aa24aa86a30f57499bd9bea4217569cb04a5c4b8b034bd39b20,15.492832700023428
76,4,1527039,1526713,1527039,1526713,19563520,1.000213530637389,543a082b17fe8de0dbab92b19f27335e4c8d1db389f75251378f1f4704368307,daebd3e346e7c50c280a2b2b15c13ab98585ead4edc067fdd6300e1e383c30c7,14.909995900001377
76,5,1227673,1226487,1227673,1226487,22311936,1.0009669894585103,543a082b17fe8de0dbab92b19f27335e4c8d1db389f75251378f1f4704368307,e1e7352afd12cafe257d151a08272f2ed30bd751ab1a46b60e9658ee081a613c,13.219314799993299
77,1,495320,495320,495320,495320,0,1.0,b14c3c29f9427de1db1d12c6ebf5d15914a99299298d20a908d97285947e67b6,954c5ccc3c2558a22a3b7ade097361d59c996622f923a3e2857ebf856764000f,0.7525232000043616
77,2,248734,248734,248734,248734,57344,1.0,b14c3c29f9427de1db1d12c6ebf5d15914a99299298d20a908d97285947e67b6,98fcfd74ca8f49595fc311d3404c7b47809a265739608d7895c969a50b7cdd5b,0.5247016000794247
77,3,168976,168976,168976,168976,114688,1.0,b14c3c29f9427de1db1d12c6ebf5d15914a99299298d20a908d97285947e67b6,dd49b43192ca68cdc4eb055aa8cd0c1b54c1172ab4071d7091d0f404bd465b43,0.5691190999932587
77,4,127832,127591,127832,127591,114688,1.0018888479594956,b14c3c29f9427de1db1d12c6ebf5d15914a99299298d20a908d97285947e67b6,b6b8b95816e37b71b397bc18ebdd1c310083d80b5ceaea8acdaa8a9974bd0c6c,0.5890033000614494
77,5,114837,114837,114837,114837,172032,1.0,b14c3c29f9427de1db1d12c6ebf5d15914a99299298d20a908d97285947e67b6,e2f5a0fc57a6af178256c7c0cd5474b4aead5d1f71e674c1dba3848e96899a47,0.6206903000129387
78,1,2296143,2296143,2296143,2296143,12644568,1.0,d30ea13a65ed4d85fd62753d3e300a04c17fdbe592b6ca19c52a3a744e4affdd,7395af0f84e8df20ccc8d47ee4ad7a012b77bbb4c064bbe6f87ba64d9ae77700,0.1342746999580413
78,2,1050081,1049840,1050081,1049840,2782080,1.0002295587899108,d30ea13a65ed4d85fd62753d3e300a04c17fdbe592b6ca19c52a3a744e4affdd,e9c48bc96013a0182bf10695605438613f43199adcd2c858ddb821a8554b947d,0.12287259998265654
78,3,718909,715241,723556,711932,6965760,1.0163274020552524,d30ea13a65ed4d85fd62753d3e300a04c17fdbe592b6ca19c52a3a744e4affdd,1444491ef740b74e19bdcd903386ac8c23f6c23318b91b5ff1c7edaf35b467e8,0.15260570007376373
78,4,540759,532165,540759,532165,6950784,1.0161491266806348,d30ea13a65ed4d85fd62753d3e300a04c17fdbe592b6ca19c52a3a744e4affdd,53bb397d1b6072d1378fc607961c5267e28fcbcfd94e4dd0dd7c9daf4d0f8704,0.11341690004337579
78,5,470359,435870,470359,435870,10766304,1.0791268038635373,d30ea13a65ed4d85fd62753d3e300a04c17fdbe592b6ca19c52a3a744e4affdd,208a29ea5f99d21581a457773e6f4802879fb1c77184153aeda84fdef850a105,0.14877899992279708
79,1,31052251,31052251,31052251,31052251,32448512,1.0,ee341b011b5ff7f1c975fd6ba8f876217612ecd8d9e4e2127e617cecac1edad5,6bcfd48508248d8c3fa3b67dbd85d671359da77cd2ea2a932edeebf9ef77d31a,12.681867699953727
79,2,15118882,15118882,15116703,15116703,193798144,1.0,ee341b011b5ff7f1c975fd6ba8f876217612ecd8d9e4e2127e617cecac1edad5,1836b36ecbd63deb69cd6c2af90981c5be4e50af03b65066eca2572e13d20f3b,7.408615699969232
79,3,10181692,10175315,10181692,10175315,39960576,1.000626712784813,ee341b011b5ff7f1c975fd6ba8f876217612ecd8d9e4e2127e617cecac1edad5,b8370c925f3fbf41cf8eac317ebb0c271d1d4d3d75b8d461dc275933fc42c1b6,7.692406799993478
79,4,7620379,7612680,7620379,7612680,31801344,1.0010113389765496,ee341b011b5ff7f1c975fd6ba8f876217612ecd8d9e4e2127e617cecac1edad5,f89405012398335a6a7d70a5bf04376a83ae177a5b5b25a8b6b048fcd824bbd3,5.51058570004534
79,5,6063012,6062122,6063015,6062082,34283520,1.0001539075189019,ee341b011b5ff7f1c975fd6ba8f876217612ecd8d9e4e2127e617cecac1edad5,6461551802cff8e4b38c97d9863bbaa6fab43a60d0711a46583b6091bf9ae93a,6.45725079998374
80,1,292138,291826,292138,291826,548864,1.0010691302351402,20b2fa1e14bf879ac7c5b0321f69731c8a8102bb65bbd96d7543f54f4974f98c,c5c67eb6e7810bb4f0652235585b7066576e77f2cb7aab78ce3b23bfd347f0d9,0.1406800999538973
80,2,145825,145636,145825,145636,1675264,1.0012977560493284,20b2fa1e14bf879ac7c5b0321f69731c8a8102bb65bbd96d7543f54f4974f98c,6e895d5873b72071afb7ca7d657f0dc891da86f8afb50cda49bca6c1029ddf71,0.1320847999304533
80,3,100325,100325,100325,100325,3047424,1.0,20b2fa1e14bf879ac7c5b0321f69731c8a8102bb65bbd96d7543f54f4974f98c,d1538f5b1ff719f8474207fcc373c03e585b178a140b8563d710d5863e3ef4d4,0.15374700003303587
80,4,90584,89925,90584,89925,2666496,1.0073283291631916,20b2fa1e14bf879ac7c5b0321f69731c8a8102bb65bbd96d7543f54f4974f98c,74a2cfe374793ea42bd82ca0ac2088a5a4cf3d5af26e85f5322ddede122ef855,0.15939439996145666
80,5,89345,85328,89345,78076,3047424,1.144333726113018,20b2fa1e14bf879ac7c5b0321f69731c8a8102bb65bbd96d7543f54f4974f98c,2ab91a8183edc79aa05edc56bb12d09de9274cd500c8edb3baaf844aa0f0d816,0.17480659997090697
81,1,151795,151795,151795,151795,0,1.0,7c642799a54f8083f56c74d1e260ec010e3a83c37702770c862d722408c7a41e,60f6a58b2ad79a0387989c34d0acd20d3cf083d5f7ec0a8ddf4c665b1c48b61e,0.7518136999569833
81,2,76860,76860,76860,76860,0,1.0,7c642799a54f8083f56c74d1e260ec010e3a83c37702770c862d722408c7a41e,b29bfdb6b94f1ab53f8eb8b26d4339615f498a9e9e5740cba5c598d2fbc2e412,0.5677761000115424
81,3,51943,51943,51943,51943,0,1.0,7c642799a54f8083f56c74d1e260ec010e3a83c37702770c862d722408c7a41e,088e938472b8692ba11727fb7a1206456ed7fea5858fdadcebb5619d2a2b3392,0.512419700040482
81,4,39588,39588,39588,39588,0,1.0,7c642799a54f8083f56c74d1e260ec010e3a83c37702770c862d722408c7a41e,40493bfece136582b721f934a3138cbe92d30e5f9c4e1f0ad7576d9dc6e79efa,0.4570067999884486
81,5,30943,30943,30943,30943,0,1.0,7c642799a54f8083f56c74d1e260ec010e3a83c37702770c862d722408c7a41e,84eb89e9c9d9dbb3c261be1dc24c522456d3fcd7953a5db1b8a356e2831188fc,0.41487610002513975
82,1,721041,721041,721041,721041,0,1.0,f230fbc200ad75797f3024f84431d1d26f7747d6a284378ee83eabde77b7e70c,211f957dba459390e4ce523f4c2fef4afd01dd3b8380d80aabdd3d6e313d3a13,0.6287544000661001
82,2,407535,407535,407542,407508,3389668,1.000083433944855,f230fbc200ad75797f3024f84431d1d26f7747d6a284378ee83eabde77b7e70c,fc585df79c491b0152a45d7a9349c0303d0f221e71399d758ac9206c851e0bce,1.2205835999920964
82,3,288553,287410,288553,287410,5338828,1.0039768971156189,f230fbc200ad75797f3024f84431d1d26f7747d6a284378ee83eabde77b7e70c,45296e063a7894f327942214b9c1042eed592c1f1c23ba5e021993db6d287881,1.3877705000340939
82,4,235778,232569,235778,232569,6420240,1.013798055630802,f230fbc200ad75797f3024f84431d1d26f7747d6a284378ee83eabde77b7e70c,dafcc12ae5cc92aecfb8251de3e1a19c8cfa4f15767e8b89e8bd5383b7ad9102,1.480147200054489
82,5,206503,200705,206503,200705,7708408,1.0288881692035574,f230fbc200ad75797f3024f84431d1d26f7747d6a284378ee83eabde77b7e70c,294944eff44f2868c726658e36f0a9a4ffd595d7c7db3bd85f894333295a2c3c,1.406818800023757
83,1,1057993,946145,1057993,946145,13934688,1.1182144385902795,26bebaecfa0ed9c4bcf57127779a198c367a5576eb7b40b9c56cc343621c5549,2e3f9f587077b06c39a9fa8e44a2a5fb3986913711e0c2eb20bb2e9e32e4bd56,0.8328460999764502
83,2,442847,434269,442847,434269,5589600,1.0197527339045616,26bebaecfa0ed9c4bcf57127779a198c367a5576eb7b40b9c56cc343621c5549,ff934ce0b001b16f0239d16e4775d8ac4be06f90a252dfccd352617cdb609d3a,0.899875900009647
83,3,290664,290640,290664,290640,5739712,1.0000825763831545,26bebaecfa0ed9c4bcf57127779a198c367a5576eb7b40b9c56cc343621c5549,e5c033bc6574d9f60813f7fc1cc35b50d617d32303290451a02d0f03bdf11698,0.8281166999367997
83,4,220741,220741,220741,220741,6471456,1.0,26bebaecfa0ed9c4bcf57127779a198c367a5576eb7b40b9c56cc343621c5549,f56a433c8f2db90cbb7109d8103edfddd5ffe33de65c866216967b08cdc77b67,0.7864052000222728
83,5,201107,194079,201107,194079,7741824,1.0362120579763912,26bebaecfa0ed9c4bcf57127779a198c367a5576eb7b40b9c56cc343621c5549,e55a76ac23c4a58316eb0cc0329410744999b5febe6ce573c906c9bbc76fc8b5,0.9723968000616878
84,1,2507412,2507412,2507412,2507412,0,1.0,1af22ac8dd69090ed25be62ae1bbb18a922ce99a8cffb2be4f89e7a1234794ee,1f8ee2c4cb58dffd7f353047816d76ac7024f988f6d3512479e3b6418d5f0e20,4.273569000069983
84,2,1175864,1176757,1175837,1176657,32000640,0.9993031104221536,1af22ac8dd69090ed25be62ae1bbb18a922ce99a8cffb2be4f89e7a1234794ee,af684b5c4f480ae21434fc9aabbeb9158b099767a35505ebd65dbbcea651fd4c,5.009497899911366
84,3,836220,836220,836220,836220,0,1.0,1af22ac8dd69090ed25be62ae1bbb18a922ce99a8cffb2be4f89e7a1234794ee,e3ba04c6a378a7499e741e33a44131f15bcb37e8b49db3f824465b6361be7e21,2.9363163000671193
84,4,629028,629028,629028,629028,0,1.0,1af22ac8dd69090ed25be62ae1bbb18a922ce99a8cffb2be4f89e7a1234794ee,4abbed18fa5c8ac24d99cabe5dc339f9ad5f87ad578c2de35ea07549da796a2e,2.689975199988112
84,5,503472,503472,503472,503472,0,1.0,1af22ac8dd69090ed25be62ae1bbb18a922ce99a8cffb2be4f89e7a1234794ee,72fea9b09e6a13766651cd2ff3b9985bb3b47772cc220eb52a682cded582756e,2.451191100059077
85,1,3187899,3187899,3187899,3187899,0,1.0,b63169e9cd0f21dc2da6617e7138472e95937465c703b7e4bf4dbc80125ed4f6,a0023ff55bf1c1cd9c262b3209d319923d8fa7556249ad0f1e7288e7d44c2d64,8.91707890003454
85,2,1843091,1842465,1843091,1842465,17607566,1.0003397622207206,b63169e9cd0f21dc2da6617e7138472e95937465c703b7e4bf4dbc80125ed4f6,28e34e86aa98ee3e5761339c0ea78677ce0af93cab021f65ffeabb99f63257fe,12.63852100004442
85,3,1276351,1264859,1276066,1264508,31680716,1.0091403138612014,b63169e9cd0f21dc2da6617e7138472e95937465c703b7e4bf4dbc80125ed4f6,bab6096613f1d134ad27bb9a53e3dbaf3d12d37241d76729d02b3b4f2248509f,14.234630199964158
85,4,995687,989911,995687,989911,27902578,1.0058348679830813,b63169e9cd0f21dc2da6617e7138472e95937465c703b7e4bf4dbc80125ed4f6,423290d618a6c67aecb2237bdf046711935e7ba7040d43ee760741737b91d371,12.918555499985814
85,5,890475,846640,890475,846640,38398484,1.0517752527638666,b63169e9cd0f21dc2da6617e7138472e95937465c703b7e4bf4dbc80125ed4f6,9df247b3bbe3f279ac25658d59809c596f65fb67c2f72420800547c53a93c37a,13.547407199977897
86,1,118403,118403,118403,118403,0,1.0,ef91fda2692fd0add63db3c7f677e4e03c8d115d97db3cb959cffc62fff2434a,ca06a209093f4c06dc42dce2de0f1de94249bc05d4d0e32764fc6a929fe5a42b,0.7944253000896424
86,2,74609,74274,74609,74274,1019206,1.0045103266284299,ef91fda2692fd0add63db3c7f677e4e03c8d115d97db3cb959cffc62fff2434a,10a0536c689a381c607e2d47562b111bc60defc87cfbd044d25a023e47d8cc4d,0.9762313000392169
86,3,63229,61856,63096,61671,2183372,1.0231064844092037,ef91fda2692fd0add63db3c7f677e4e03c8d115d97db3cb959cffc62fff2434a,c42a2ad0be31eeefdf3a8351f12fa3be1948a6a7cd13a3a96493c89176bce924,1.185809800052084
86,4,62299,59945,62299,59945,2353614,1.0392693302193678,ef91fda2692fd0add63db3c7f677e4e03c8d115d97db3cb959cffc62fff2434a,f9e1d2a5f77e13d7fe27e03a45071b371937c09f18ce007ada1101d14bbb8870,1.175214400049299
86,5,60402,57399,60259,57355,2265748,1.0506320285938453,ef91fda2692fd0add63db3c7f677e4e03c8d115d97db3cb959cffc62fff2434a,5739f152e9136176d9362758ced74eb25d242471dce37ce18291d6acbb64a29e,0.971183400019072
87,1,3974071,3969779,3974071,3969779,7902720,1.0010811684982968,a234839f266f63270c7d42c558eabd68085d415029ce73bfac9d3fc47d58de83,795f398b72807e931429c714134052cd499ee676c3f5439284a9270f9e93a1a9,12.925330099998973
87,2,1987606,1984150,1987606,1984150,10142208,1.001741803795076,a234839f266f63270c7d42c558eabd68085d415029ce73bfac9d3fc47d58de83,6dae0213aaa0668cb65de8467ce43b4bfd2d2814dbc6b2a539339d5f9e6817cb,7.91156460007187
87,3,1374901,1372451,1374901,1372451,11036160,1.001785127483604,a234839f266f63270c7d42c558eabd68085d415029ce73bfac9d3fc47d58de83,db2cdb714cfe0c7e85198960b2c6b7f9ceb3df4e5fbfc93dc688c8f19ac27a85,7.989667500020005
87,4,1046846,1043492,1046846,1043492,12607488,1.003214207679599,a234839f266f63270c7d42c558eabd68085d415029ce73bfac9d3fc47d58de83,67742036e12969a6e1562dc4f2cfed77a68fda2ac02c1617fdaa98d989d25235,7.509341500001028
87,5,833349,829669,833349,829669,12487680,1.0044355037972974,a234839f266f63270c7d42c558eabd68085d415029ce73bfac9d3fc47d58de83,fff203a29cdbd6cffd613a82cfc55a85fe52e212558893b88123030dbb3b3eb9,7.595233800006099
88,1,243623,243623,243623,243623,0,1.0,2ff71575ba33875431f54823fc1f2214e018edcfc9d568edfb7c47b0f264b825,e4a76454d8084136fa297dd748542420e09ee0df4ab8bbf2eb2aa505357853f5,0.32264010002836585
88,2,132639,132093,132639,132093,1032234,1.0041334514319458,2ff71575ba33875431f54823fc1f2214e018edcfc9d568edfb7c47b0f264b825,f6d9c72621806e2a77414715921b888f5830c8fa5e0513ea6c1112b463077837,0.5909867000300437
88,3,122079,119274,122079,119274,1572244,1.0235172795412244,2ff71575ba33875431f54823fc1f2214e018edcfc9d568edfb7c47b0f264b825,16fa8f873af349fc933eeefb77968504d85e96d68df8e5c44c845e634bff0f46,0.5983602000633255
88,4,112565,111170,110887,109290,1954436,1.014612498856254,2ff71575ba33875431f54823fc1f2214e018edcfc9d568edfb7c47b0f264b825,3f78fa4fb3f8f0e4575392b8d386a8bcf179e3e1517bb19d36de53f15b1f24ef,0.6059399999212474
88,5,112833,109702,112833,109702,2034888,1.0285409564091812,2ff71575ba33875431f54823fc1f2214e018edcfc9d568edfb7c47b0f264b825,e9b901bd0079a3962d3b73bfaa360b284ac874ff87c09dbdb4260f67d1124f9a,0.6666294001042843
89,1,693092,693092,693092,693092,0,1.0,9561e0638071147e99d937b802f61f8a67fe2b96985159c174b47a777fd6ce84,137963c26643e06da4dac2fdc3998fececcc67d6a8201593698ea4c92d8b37f4,1.0524518999736756
89,2,329513,329513,329513,329513,1467520,1.0,9561e0638071147e99d937b802f61f8a67fe2b96985159c174b47a777fd6ce84,38f4ac3bd06ba45b80e02532597181f246d0d7b2667b346d90c69da46c0191fb,1.01549060002435
89,3,225452,225450,225452,225450,2429184,1.0000088711465958,9561e0638071147e99d937b802f61f8a67fe2b96985159c174b47a777fd6ce84,e95675e0d9ff2ad04dee360ab2c87271d3c0d5b1e451821c6a6737bcb7c3032c,1.1426385999657214
89,4,165365,165365,165365,165365,1827200,1.0,9561e0638071147e99d937b802f61f8a67fe2b96985159c174b47a777fd6ce84,cac1980e231c3fa08c77f2d0eff7e602083a927cef45334ac0349e0004dee2f8,0.913920099963434
89,5,133148,133139,133148,133139,2186320,1.00006759852485,9561e0638071147e99d937b802f61f8a67fe2b96985159c174b47a777fd6ce84,bac1f34bb67aec6452ed57ea3aa1207e80ebb808067553951271f41f66c7c785,0.9098805000539869
90,1,1178363,1178363,1178363,1178363,21233592,1.0,a91d3ad4c40e53d5731b81b3eb72bcf922f5ef06094e860b5c5729619cb2d312,52828aaeac47b2ef8da5b3993a2c969b3366f0cf3a44bf11f2fe6f166b7128e9,0.29741399991326034
90,2,470442,462677,465442,456438,3196848,1.0197266660532207,a91d3ad4c40e53d5731b81b3eb72bcf922f5ef06094e860b5c5729619cb2d312,64cb2a736cbf51c7004dd6b0f9af3129dc862bc2b2aa162f923d748057dd75af,0.3086861000629142
90,3,342250,322129,336769,309173,5524224,1.0892574707364486,a91d3ad4c40e53d5731b81b3eb72bcf922f5ef06094e860b5c5729619cb2d312,68b84a45cb14ffa032020f7f1a2870746757eeaa0e6754582fb339a4f3d01756,0.49859689990989864
90,4,294798,259575,298789,258592,7550112,1.1554456441034526,a91d3ad4c40e53d5731b81b3eb72bcf922f5ef06094e860b5c5729619cb2d312,564f3dbe9a42b1ea4f9c3e9e2e9076ec9490006000be51831541d671e6eecbf5,0.39812449994497
90,5,267434,239128,272983,227333,8312448,1.2008067460509473,a91d3ad4c40e53d5731b81b3eb72bcf922f5ef06094e860b5c5729619cb2d312,327a2481ab1a679851f01f8f67befd3f1bb4091691db542ac9a3ae80f14cb57f,0.4291854000184685
91,1,9186769,9168820,9186769,9168820,53947008,1.001957612866214,6fa7e61f09003382ba36061d74d4be90ed3acbe750a3d46c3b6d1e1fc27579f3,83059801f17b3e1453a3883bd33063fd1742348321deba9e6d65bcaa13888b7b,19.547740599955432
91,2,4532609,4531465,4532609,4531465,52032556,1.0002524569868685,6fa7e61f09003382ba36061d74d4be90ed3acbe750a3d46c3b6d1e1fc27579f3,4ed5dc57ae7ad1c0f907169aef2f8f99b57cda49dfda335df0fb61856a393560,10.671757999924012
91,3,3042680,3029129,3042680,3029129,60113508,1.0044735631925876,6fa7e61f09003382ba36061d74d4be90ed3acbe750a3d46c3b6d1e1fc27579f3,3f0ee47e2bba08954e515770d74788936552b66825e99b156d6d1bc93c61ab4b,10.779689899994992
91,4,2314443,2289607,2314443,2289607,67112896,1.0108472764103185,6fa7e61f09003382ba36061d74d4be90ed3acbe750a3d46c3b6d1e1fc27579f3,1eca3b603f17847068c1d24bf1581436d42463ca21618051b35a927a6eb5cf09,11.302139799925499
91,5,1872567,1837577,1872567,1837577,71035764,1.0190413789462973,6fa7e61f09003382ba36061d74d4be90ed3acbe750a3d46c3b6d1e1fc27579f3,0d380bdf8cd214aa2168c9d862a0aa97c69021506963725ed725d6a2ac4adf6d,11.491319899912924
92,1,4815554,4333631,4815554,4333631,66000096,1.111205361047122,ddb267b7178d1b240f76fb7ed508799fbc7621b45156064b2a229c5c0d90996d,35b11588f2a2679e2c867d9bb4df228a8dd6e831edddf66fa52151ea365eee72,10.287163000088185
92,2,2017778,2013086,2017748,2013056,10740320,1.002330784637884,ddb267b7178d1b240f76fb7ed508799fbc7621b45156064b2a229c5c0d90996d,c8d8eccabcd59bd2dbc0ece7bbd4bdcddddff4636fdc83df04e771bc5dc724ba,5.111067599966191
92,3,1348585,1349050,1348713,1345074,21848256,1.002705427359387,ddb267b7178d1b240f76fb7ed508799fbc7621b45156064b2a229c5c0d90996d,be9093c1214d6cc3bceba07e2e65b7617bda7213c0a42e545dc20bae791a5a36,6.923738199984655
92,4,1018849,1013827,1015038,1005380,18267936,1.009606318009111,ddb267b7178d1b240f76fb7ed508799fbc7621b45156064b2a229c5c0d90996d,081039cf878679a8fc627837d4cd093aee4c9e0fdc39205ee728896904be789a,6.603937600040808
92,5,826308,807785,819013,801052,20375936,1.0224217653785272,ddb267b7178d1b240f76fb7ed508799fbc7621b45156064b2a229c5c0d90996d,03a7f76963c48d1806770728810a3a9dfc3946dfb592f28cf9897d30b609f381,6.8423982000676915
93,1,74205,74205,74205,74205,0,1.0,3a68ca960cc21b10a94b0524f5c16d2ee4995f2e5a75e667d58099571a7cdc36,4adf08b30954139c59001036b4da46d5c350f7c5749f8889fa068577b5aadb38,0.06959129997994751
93,2,37827,37827,37827,37827,8192,1.0,3a68ca960cc21b10a94b0524f5c16d2ee4995f2e5a75e667d58099571a7cdc36,a4ac0ac6c88c3400226c1bcaeb6a4713c246a07fdd6126c6c072bf85b419147f,0.06105729995761067
93,3,25103,25103,25103,25103,16384,1.0,3a68ca960cc21b10a94b0524f5c16d2ee4995f2e5a75e667d58099571a7cdc36,192e6119d9a339e633dfcf116795c0a95125f3e65a7714908087f1ef24d7568d,0.05992320005316287
93,4,19779,19779,19779,19779,24576,1.0,3a68ca960cc21b10a94b0524f5c16d2ee4995f2e5a75e667d58099571a7cdc36,367ed6d57d690a52cf1240b0c14e956b200ac6404afae91c9b90b9e09d2c9ad1,0.059865100076422095
93,5,15876,15876,15876,15876,32768,1.0,3a68ca960cc21b10a94b0524f5c16d2ee4995f2e5a75e667d58099571a7cdc36,1ef2d818145b3f1f362756af88b9e0d8a60dfd1bbfa0c451974942543b52ef67,0.06872530002146959
94,1,94892,94892,94892,94892,0,1.0,06e7b0eb1eecb9a98b6691dfe5f8039c6f7b21ab0f3ea8e6a072ade002a68fec,31327749f59682cc9fb9dcd47995cc217c277a372b6a72d33032903ba56c38ac,0.07572920003440231
94,2,47498,47498,47498,47498,106272,1.0,06e7b0eb1eecb9a98b6691dfe5f8039c6f7b21ab0f3ea8e6a072ade002a68fec,ecb4c64f85687fa7e4064d718e56f4add1226d2b4c4a25df039c52829aaaaf2e,0.06062869995366782
94,3,32728,32728,32728,32728,212544,1.0,06e7b0eb1eecb9a98b6691dfe5f8039c6f7b21ab0f3ea8e6a072ade002a68fec,87c5a25254d0ebca32bba01943c1548b0e1693e1f9e1657de032c8193b158911,0.0661856000078842
94,4,24668,24668,24668,24668,318528,1.0,06e7b0eb1eecb9a98b6691dfe5f8039c6f7b21ab0f3ea8e6a072ade002a68fec,ffad5e3dadae4b72ae83786a48e507cdf2ac447199462fe7059b6f6bdda1f770,0.07073489995673299
94,5,21804,21282,21804,21282,424800,1.0245277699464337,06e7b0eb1eecb9a98b6691dfe5f8039c6f7b21ab0f3ea8e6a072ade002a68fec,6cdb896123a2f465ef2c922e033a37aeef2b717db483e1b3a1e6c4f7c6ecefbd,0.06088320002891123
95,1,2084853,2084853,2084853,2084853,0,1.0,99875b1d3025c71f87e04818e28c08915928813f495d080ae6436879f6cb540f,ced999421ac154875d392b1953369f09dbeb2c2f92fa816820d4f797e1dd3884,1.2022660000948235
95,2,1042890,1042890,1042890,1042890,0,1.0,99875b1d3025c71f87e04818e28c08915928813f495d080ae6436879f6cb540f,3927b3366c578720236ebe32f2e138f4572204ef32cb2aabbeb627e71984e189,1.0295914999442175
95,3,695775,695775,695775,695775,0,1.0,99875b1d3025c71f87e04818e28c08915928813f495d080ae6436879f6cb540f,89d73ffbafbb3166aaa3c92701440c31dc3f2012ece2011ea17b41ebfd1868b2,0.8848805000307038
95,4,524422,524422,524422,524422,0,1.0,99875b1d3025c71f87e04818e28c08915928813f495d080ae6436879f6cb540f,0e1d17c8be9b5190ca59655fedf4b36a25d1d878fed622a5f176be8e9d2e6395,0.7697022999636829
95,5,420852,420852,420852,420852,0,1.0,99875b1d3025c71f87e04818e28c08915928813f495d080ae6436879f6cb540f,4fcbe8666d713465b0cd2f4d17706d108c650e118579c833e57aa4ffaa04885d,0.8417996000498533
96,1,84194,84194,84194,84194,0,1.0,c26df1f4c6e282279a2f86c24d13be04e5c0e8b24b36149899bf7e7a91cf579a,27a0553484623870c985b92430303b88ee9fbedac73dd55d6f763ace1bd395d2,0.1355930999852717
96,2,42443,42426,42443,42426,346520,1.0004006976853816,c26df1f4c6e282279a2f86c24d13be04e5c0e8b24b36149899bf7e7a91cf579a,f4e8799a50c23296a62d5b33b709ab8010344e253139d2e1e97600edcb07a11e,0.15647280006669462
96,3,30876,30876,30876,30876,123264,1.0,c26df1f4c6e282279a2f86c24d13be04e5c0e8b24b36149899bf7e7a91cf579a,e1ee1327ace7d01549c368d4356e0377bf50eccd35d50c873c08eed996888ec7,0.11073650000616908
96,4,24217,24217,24217,24217,234168,1.0,c26df1f4c6e282279a2f86c24d13be04e5c0e8b24b36149899bf7e7a91cf579a,96dbc5372b29923f575bc5b0a1b1e7dc7c89e4f464b501e029e6bbd4ca452dd6,0.14777650008909404
96,5,22137,21973,22137,21973,448896,1.0074637054566968,c26df1f4c6e282279a2f86c24d13be04e5c0e8b24b36149899bf7e7a91cf579a,857a75c676c2594730ae54464194da42a916a4b0ca30622c479322d5e75f80d3,0.13607959996443242
97,1,11491509,11491509,11491509,11491509,10584064,1.0,7dc5c8ebf92052dbdd1bf59794a8fcef74e3ab3c59d5f0b4e753bf38a741ffaf,6870d240f6c009c4debc04d95df8c193bb5e950a2d1e9474b8c1f5a83df04df0,2.4759185999864712
97,2,5153667,5153650,5153667,5153650,2490368,1.0000032986330076,7dc5c8ebf92052dbdd1bf59794a8fcef74e3ab3c59d5f0b4e753bf38a741ffaf,8b7621deb860a347dedd00f3445a9b540b401a75ca51977b1d56318d62f55ad4,1.180897600017488
97,3,3444086,3444086,3444086,3444086,82444288,1.0,7dc5c8ebf92052dbdd1bf59794a8fcef74e3ab3c59d5f0b4e753bf38a741ffaf,03a62902a92b8803050ce0a36280814098a19a570d52d95f064f4fe47bb55037,2.557061400031671
97,4,2622394,2622413,2622394,2622413,14221312,0.9999927547644097,7dc5c8ebf92052dbdd1bf59794a8fcef74e3ab3c59d5f0b4e753bf38a741ffaf,c487a1bb6e76322c2a4c2789867640a73ed5ab2bfff9f2cb556a1212ce47f97f,1.5454741000430658
97,5,2102348,2102250,2102348,2102250,21311488,1.0000466167201807,7dc5c8ebf92052dbdd1bf59794a8fcef74e3ab3c59d5f0b4e753bf38a741ffaf,81aec5410fc4da98097853ee3001023ba2b4673dcd7f23c1492dda62e1695650,1.919301199959591
98,1,177430,177430,177430,177430,0,1.0,8cc92ed83866234532487abacb106e0298a00cf309ef75fa12e413bfb17d58f8,21cae230b73bb9036a1b412890435d228f774fbd547c4a6db88a6204dec5c54d,0.11835540004540235
98,2,89620,89620,89620,89620,0,1.0,8cc92ed83866234532487abacb106e0298a00cf309ef75fa12e413bfb17d58f8,ba112afcc941e70784a649dd9ad6382bfba6cbe308e0251782271ee7ebf44539,0.1272023000055924
98,3,65476,65195,65476,65195,784240,1.0043101464836262,8cc92ed83866234532487abacb106e0298a00cf309ef75fa12e413bfb17d58f8,42864e8a766eb886ac1639fdbef7922af95356d06f2b6336ba568e5e2e6cb4a0,0.1701231999322772
98,4,53735,53405,53735,53405,961274,1.0061791967044285,8cc92ed83866234532487abacb106e0298a00cf309ef75fa12e413bfb17d58f8,c9255db1d2d680424c3580243dcd35589b7392ac04824389bd7f31f7dd677b73,0.19327270006760955
98,5,47355,45200,47355,45200,1166870,1.0476769911504424,8cc92ed83866234532487abacb106e0298a00cf309ef75fa12e413bfb17d58f8,7c85511b1e98f91ae1eeabf2206c7c63da4e442b5c83c00d96720cbb1c3b8132,0.2057901999214664
99,1,1622999,1618902,1622999,1618902,5484544,1.002530727616619,6a07bc2eba4657ec873f015cb53404696202df8fe912a94340cbdc674cbd7938,b828830aa8d610f075c3adba7874285e31ec9e7fbc1cbbd5cc77d56d668477cc,1.2080371000338346
99,2,807983,806886,807983,806886,5906432,1.0013595476932304,6a07bc2eba4657ec873f015cb53404696202df8fe912a94340cbdc674cbd7938,20f9021ac13f7cf7a5462e55659ddf13f8456d2a528c00720fcfdf56bd468c79,1.5983495999826118
99,3,540063,539170,540063,539170,6479872,1.0016562494204055,6a07bc2eba4657ec873f015cb53404696202df8fe912a94340cbdc674cbd7938,1e8d759161943440f4c5e8ee3bbe48e5d164e4f5bbabf9c8d2cbdb498726bed1,1.408138000057079
99,4,405336,403555,405336,403555,9838592,1.0044132770006566,6a07bc2eba4657ec873f015cb53404696202df8fe912a94340cbdc674cbd7938,b1bb65c6cecf5cf15d11042aabccb18446e1a2f44c0d1f9e90984aeba5f07796,1.236716300016269
99,5,332266,332266,332266,332266,7084052,1.0,6a07bc2eba4657ec873f015cb53404696202df8fe912a94340cbdc674cbd7938,6f5f744b2c939c4cdf5b3964c665c20eed8f074134ec92b0387abf18b4963b15,1.1932969999033958
100,1,151223,151223,151223,151223,0,1.0,bb78167d482a9e1663bb947945def049c2d66392c3897613ce5cb145d3a2eb19,f3ec5d77b463d7f83f226af99c6343b3021c804cf3d2b88142c661d52e4f7da9,0.14085620001424104
100,2,76850,76561,76850,76561,621700,1.003774767832186,bb78167d482a9e1663bb947945def049c2d66392c3897613ce5cb145d3a2eb19,99ed897118a3f55a2eaf0a3b76be554132f29ba367e8ff7d5e76d6cd9d2933de,0.1924471000675112
100,3,57811,57811,57811,57811,72192,1.0,bb78167d482a9e1663bb947945def049c2d66392c3897613ce5cb145d3a2eb19,ed6f0a00afdefe28244387bb194e7c04dc98dff1ac292be0b8d876b17faa5626,0.14819850004278123
100,4,49623,48347,49849,48102,1228630,1.036318656188932,bb78167d482a9e1663bb947945def049c2d66392c3897613ce5cb145d3a2eb19,6ea965f35805d7ecc57bcb915435769ac225c89c341f4d3482284d963fe4b2f0,0.1979060999583453
100,5,53383,48631,53225,48041,1580920,1.1079078287296267,bb78167d482a9e1663bb947945def049c2d66392c3897613ce5cb145d3a2eb19,b135cdc136571db4ef0eaa3b432f59251bc39a0f49bc3db5366ac8149b0bcdbf,0.19770980009343475
