case,cores,single,current,current_seconds,current_winner,previous,previous_seconds,previous_winner,ops,components,largest_component_fraction,critical_fraction,dominant_pipe_fraction,shared_input_fraction,tensor_bytes_per_cycle,fanout_max,oracle,oracle_gain,oracle_pool_seconds,fold,chosen,offline_cv,offline_seconds
case_001,2,233110,116868,1.109725100104697,structural_component_lpt,116868,2.624766645953059,structural_component_lpt,600,200,0.005,0.005,0.8844984802431611,1.0,12.454224924012157,1,116868,0,3.7344917460577562,4,current,116868,1.109725100104697
case_001,3,233110,78545,1.0897213999414816,structural_component_lpt,78545,2.5175447799265385,structural_component_lpt,600,200,0.005,0.005,0.8844984802431611,1.0,12.454224924012157,1,78545,0,3.60726617986802,4,current,78545,1.0897213999414816
case_001,4,233110,58984,1.141564500052482,structural_component_lpt,58984,2.031005833297968,structural_component_lpt,600,200,0.005,0.005,0.8844984802431611,1.0,12.454224924012157,1,58984,0,3.17257033335045,4,current,58984,1.141564500052482
case_001,5,233110,47502,1.1334493999602273,structural_component_lpt,47502,1.6499286144971848,structural_component_lpt,600,200,0.005,0.005,0.8844984802431611,1.0,12.454224924012157,1,47502,0,2.783378014457412,4,current,47502,1.1334493999602273
case_002,2,261945,138077,6.517295841127634,directed_split,138077,4.366767844185233,directed_split,1798,1,1.0,0.010785422284074106,0.8697921196833956,0.75,14.43994085413586,1,138077,0,10.884063685312867,3,current,138077,6.517295841127634
case_002,3,261945,95931,7.4065731558948755,local_reschedule,95931,5.2577595468610525,local_reschedule,1798,1,1.0,0.010785422284074106,0.8697921196833956,0.75,14.43994085413586,1,95931,0,12.664332702755928,3,current,95931,7.4065731558948755
case_002,4,261945,74618,6.17573781311512,directed_split,74618,3.613262999802828,directed_split,1798,1,1.0,0.010785422284074106,0.8697921196833956,0.75,14.43994085413586,1,74618,0,9.789000812917948,3,current,74618,6.17573781311512
case_002,5,261945,60651,6.790521023795009,directed_split,60651,4.54593288898468,directed_split,1798,1,1.0,0.010785422284074106,0.8697921196833956,0.75,14.43994085413586,1,60651,0,11.336453912779689,3,current,60651,6.790521023795009
case_003,2,602212,462800,105.48705548606813,region_boundary_13578_0,462800,68.50395506620407,region_boundary_13578_0,13455,10,0.9806020066889632,0.03702317204223665,0.5743493620914656,0.4354656097428031,11.871431357586118,9,462800,0,173.9910105522722,4,current,462800,105.48705548606813
case_003,3,602212,378576,108.12948506325483,directed_split,378576,78.74862955883145,directed_split,13455,10,0.9806020066889632,0.03702317204223665,0.5743493620914656,0.4354656097428031,11.871431357586118,9,378576,0,186.8781146220863,4,current,378576,108.12948506325483
case_003,4,602212,329107,107.02365427277982,grain_0.25,329107,75.50931271351874,grain_0.25,13455,10,0.9806020066889632,0.03702317204223665,0.5743493620914656,0.4354656097428031,11.871431357586118,9,329107,0,182.53296698629856,4,current,329107,107.02365427277982
case_003,5,602212,294109,112.34736599214375,grain_0.25,294109,75.83214966021478,grain_0.25,13455,10,0.9806020066889632,0.03702317204223665,0.5743493620914656,0.4354656097428031,11.871431357586118,9,294109,0,188.17951565235853,4,current,294109,112.34736599214375
case_004,2,392357,199074,1.397112900041975,structural_component_lpt,199074,3.4190467093139887,structural_component_lpt,777,111,0.009009009009009009,0.006338135370393435,0.8894009216589862,1.0,10.479345705152157,2,199074,0,4.816159609355964,3,current,199074,1.397112900041975
case_004,3,392357,134043,1.3026253998978063,structural_component_lpt,134043,2.645970232784748,structural_component_lpt,777,111,0.009009009009009009,0.006338135370393435,0.8894009216589862,1.0,10.479345705152157,2,134043,0,3.9485956326825544,3,current,134043,1.3026253998978063
case_004,4,392357,104188,1.44962279999163,structural_component_lpt,104188,3.2467778120189905,structural_component_lpt,777,111,0.009009009009009009,0.006338135370393435,0.8894009216589862,1.0,10.479345705152157,2,104188,0,4.6964006120106205,3,current,104188,1.44962279999163
case_004,5,392357,88341,1.4084279000526294,structural_component_lpt,88341,2.7405906040221453,structural_component_lpt,777,111,0.009009009009009009,0.006338135370393435,0.8894009216589862,1.0,10.479345705152157,2,88341,0,4.149018504074775,3,current,88341,1.4084279000526294
case_005,2,95618,91571,19.404766730964184,grain_1.0,91571,17.311176290735602,grain_1.0,4113,1,1.0,0.055235073550620135,0.5118257859821171,0.7398422944464309,25.778338621286416,7,91571,0,36.715943021699786,3,current,91571,19.404766730964184
case_005,3,95618,88392,20.830163119360805,directed_split,88392,18.439715890213847,directed_split,4113,1,1.0,0.055235073550620135,0.5118257859821171,0.7398422944464309,25.778338621286416,7,88392,0,39.26987900957465,3,current,88392,20.830163119360805
case_005,4,95618,87624,21.929961355403066,region_boundary_2838_0,87624,17.665960654616356,region_boundary_2838_0,4113,1,1.0,0.055235073550620135,0.5118257859821171,0.7398422944464309,25.778338621286416,7,87624,0,39.59592201001942,3,current,87624,21.929961355403066
case_005,5,95618,87840,22.237771911546588,region_boundary_2838_0,87840,20.898987216874957,region_boundary_2838_0,4113,1,1.0,0.055235073550620135,0.5118257859821171,0.7398422944464309,25.778338621286416,7,87840,0,43.136759128421545,3,current,87840,22.237771911546588
case_006,2,82837,42379,1.1211157999932766,structural_component_lpt,42379,2.189514083787799,structural_component_lpt,678,27,0.20058997050147492,0.032352270134611,0.7871321013004792,0.7803719738469694,36.115560118640204,11,42379,0,3.3106298837810755,1,current,42379,1.1211157999932766
case_006,3,82837,32925,1.3033075999701396,local_reschedule,31819,2.5406300090253353,local_reschedule,678,27,0.20058997050147492,0.032352270134611,0.7871321013004792,0.7803719738469694,36.115560118640204,11,31819,1106,3.843937608995475,1,current,32925,1.3033075999701396
case_006,4,82837,31129,1.2129876000108197,region_boundary_343_0,31094,2.485897606238723,local_reschedule,678,27,0.20058997050147492,0.032352270134611,0.7871321013004792,0.7803719738469694,36.115560118640204,11,31094,35,3.6988852062495425,1,current,31129,1.2129876000108197
case_006,5,82837,31729,1.328386400011368,region_repartition_1_0,32579,2.5809013191610575,grain_1.0,678,27,0.20058997050147492,0.032352270134611,0.7871321013004792,0.7803719738469694,36.115560118640204,11,31729,0,3.9092877191724256,1,current,31729,1.328386400011368
case_007,2,1012562,507494,26.401923587545753,structural_component_lpt,507494,26.443496899679303,structural_component_lpt,3885,555,0.0018018018018018018,0.0013245678110542975,0.7945945945945946,1.0,9.017034331628926,2,507494,0,52.845420487225056,4,current,507494,26.401923587545753
case_007,3,1012562,338094,26.771724985912442,structural_component_lpt,338094,25.085573632270098,structural_component_lpt,3885,555,0.0018018018018018018,0.0013245678110542975,0.7945945945945946,1.0,9.017034331628926,2,338094,0,51.85729861818254,4,current,338094,26.771724985912442
case_007,4,1012562,254398,25.767222611233592,structural_component_lpt,254398,19.776766760274768,structural_component_lpt,3885,555,0.0018018018018018018,0.0013245678110542975,0.7945945945945946,1.0,9.017034331628926,2,254398,0,45.54398937150836,4,current,254398,25.767222611233592
case_007,5,1012562,203834,25.991107573732734,structural_component_lpt,203834,22.367192938923836,structural_component_lpt,3885,555,0.0018018018018018018,0.0013245678110542975,0.7945945945945946,1.0,9.017034331628926,2,203834,0,48.35830051265657,4,current,203834,25.991107573732734
case_008,2,487605,244266,1.5579082999611273,structural_component_lpt,244266,4.3908996023237705,structural_component_lpt,864,108,0.009259259259259259,0.009259259259259259,0.5132978723404256,0.0,25.957890070921987,2,244266,0,5.948807902284898,2,current,244266,1.5579082999611273
case_008,3,487605,163359,1.5156202999642119,structural_component_lpt,163359,4.36020446382463,structural_component_lpt,864,108,0.009259259259259259,0.009259259259259259,0.5132978723404256,0.0,25.957890070921987,2,163359,0,5.875824763788842,2,current,163359,1.5156202999642119
case_008,4,487605,123060,1.4231172000290826,structural_component_lpt,123060,4.193136030808091,structural_component_lpt,864,108,0.009259259259259259,0.009259259259259259,0.5132978723404256,0.0,25.957890070921987,2,123060,0,5.616253230837174,2,current,123060,1.4231172000290826
case_008,5,487605,100603,1.5511363999685273,structural_component_lpt,100603,4.256716508418322,structural_component_lpt,864,108,0.009259259259259259,0.009259259259259259,0.5132978723404256,0.0,25.957890070921987,2,100603,0,5.807852908386849,2,current,100603,1.5511363999685273
case_009,2,153261,92259,40.59786695614457,structural_hybrid_work_1,132262,21.621042976155877,grain_1.0,5671,25,0.8418268383001234,0.053820644659522986,0.6480729346698928,0.5915419007500091,15.163994987901832,6,92259,0,62.21890993230045,4,current,92259,40.59786695614457
case_009,3,153261,92004,41.07842209748924,structural_hybrid_work_1,117616,25.619274413213134,directed_split,5671,25,0.8418268383001234,0.053820644659522986,0.6480729346698928,0.5915419007500091,15.163994987901832,6,92004,0,66.69769651070237,4,current,92004,41.07842209748924
case_009,4,153261,92192,39.60864528641105,directed_split,117873,26.880288230255246,directed_split,5671,25,0.8418268383001234,0.053820644659522986,0.6480729346698928,0.5915419007500091,15.163994987901832,6,92192,0,66.4889335166663,4,current,92192,39.60864528641105
case_009,5,153261,91903,40.02630488201976,structural_hybrid_work_1,120100,28.247484385967255,region_boundary_4929_0,5671,25,0.8418268383001234,0.053820644659522986,0.6480729346698928,0.5915419007500091,15.163994987901832,6,91903,0,68.27378926798701,4,current,91903,40.02630488201976
case_010,2,86969,45626,1.1436751999426633,structural_component_pipe,45626,2.2100222017616034,structural_component_pipe,667,36,0.19940029985007496,0.03142668771102631,0.5543723652927897,0.8193335728680112,25.546380836313507,13,45626,0,3.3536974017042667,4,current,45626,1.1436751999426633
case_010,3,86969,34518,1.2128612999804318,local_reschedule,39104,1.773951904848218,grain_1.0,667,36,0.19940029985007496,0.03142668771102631,0.5543723652927897,0.8193335728680112,25.546380836313507,13,34518,0,2.9868132048286498,4,current,34518,1.2128612999804318
case_010,4,86969,30262,1.1238476000726223,region_repartition_2_0,33256,2.3752479441463947,random_boundary,667,36,0.19940029985007496,0.03142668771102631,0.5543723652927897,0.8193335728680112,25.546380836313507,13,30262,0,3.499095544219017,4,current,30262,1.1238476000726223
case_010,5,86969,28842,1.2383271000580862,grain_0.25,28842,2.555865593254566,grain_0.25,667,36,0.19940029985007496,0.03142668771102631,0.5543723652927897,0.8193335728680112,25.546380836313507,13,28842,0,3.7941926933126524,4,current,28842,1.2383271000580862
case_011,2,184697,92646,1.1634724999312311,structural_component_lpt,92646,3.372195603325963,structural_component_lpt,688,16,0.0625,0.010096007314843036,0.8783907345321549,1.0,15.995123437976227,1,92646,0,4.535668103257194,4,current,92646,1.1634724999312311
case_011,3,184697,69625,1.253800299949944,structural_component_lpt,69625,3.4468317050486803,structural_component_lpt,688,16,0.0625,0.010096007314843036,0.8783907345321549,1.0,15.995123437976227,1,69625,0,4.700632004998624,4,current,69625,1.253800299949944
case_011,4,184697,46880,1.3344503999687731,structural_component_lpt,46880,2.8942015804350376,structural_component_lpt,688,16,0.0625,0.010096007314843036,0.8783907345321549,1.0,15.995123437976227,1,46880,0,4.228651980403811,4,current,46880,1.3344503999687731
case_011,5,184697,47047,1.4547642999095842,directed_split,47047,2.4536536578089,directed_split,688,16,0.0625,0.010096007314843036,0.8783907345321549,1.0,15.995123437976227,1,47047,0,3.908417957718484,4,current,47047,1.4547642999095842
case_012,2,59088,29489,1.9327172000193968,region_boundary_1039_0,29489,5.1940299943089485,region_boundary_1039_0,972,50,0.10082304526748971,0.03695674615464024,0.5245911309708151,0.6498339172395557,21.996283679157635,7,29489,0,7.126747194328345,1,current,29489,1.9327172000193968
case_012,3,59088,20230,1.7150847000302747,region_repartition_2_0,20230,3.4529920294880867,region_repartition_2_0,972,50,0.10082304526748971,0.03695674615464024,0.5245911309708151,0.6498339172395557,21.996283679157635,7,20230,0,5.168076729518361,1,current,20230,1.7150847000302747
case_012,4,59088,15724,2.037958599976264,region_boundary_157_0,15724,4.04251872561872,region_boundary_157_0,972,50,0.10082304526748971,0.03695674615464024,0.5245911309708151,0.6498339172395557,21.996283679157635,7,15724,0,6.080477325594984,1,current,15724,2.037958599976264
case_012,5,59088,13406,1.8328679000260308,structural_component_lpt,13406,5.2331095188856125,structural_component_lpt,972,50,0.10082304526748971,0.03695674615464024,0.5245911309708151,0.6498339172395557,21.996283679157635,7,13406,0,7.065977418911643,1,current,13406,1.8328679000260308
case_013,2,263949,132198,13.9469357393682,structural_component_lpt,132198,13.297433607280254,structural_component_lpt,1968,246,0.0040650406504065045,0.001302897644361059,0.8589743589743589,0.004048582995951417,19.718991036064207,1,132198,0,27.244369346648455,1,current,132198,13.9469357393682
case_013,3,263949,88351,14.116345904767513,structural_component_lpt,88351,13.40358193591237,structural_component_lpt,1968,246,0.0040650406504065045,0.001302897644361059,0.8589743589743589,0.004048582995951417,19.718991036064207,1,88351,0,27.519927840679884,1,current,88351,14.116345904767513
case_013,4,263949,66982,13.7853725515306,structural_component_lpt,66982,13.141944978386164,structural_component_lpt,1968,246,0.0040650406504065045,0.001302897644361059,0.8589743589743589,0.004048582995951417,19.718991036064207,1,66982,0,26.927317529916763,1,current,66982,13.7853725515306
case_013,5,263949,54363,12.63535769842565,structural_component_lpt,54363,12.665459923446178,structural_component_lpt,1968,246,0.0040650406504065045,0.001302897644361059,0.8589743589743589,0.004048582995951417,19.718991036064207,1,54363,0,25.30081762187183,1,current,54363,12.63535769842565
case_014,2,17698626,8909568,311.56475827656686,structural_component_round_robin,8909568,371.359644819051,structural_component_round_robin,35705,1340,0.0034729029547682397,0.0016934740012963807,0.9125174046197174,0.998140368294248,9.715294960495141,2,8909568,0,682.9244030956179,0,current,8909568,311.56475827656686
case_014,3,17698626,6002519,357.1129451543093,structural_component_pipe,6002519,407.54173647612333,structural_component_pipe,35705,1340,0.0034729029547682397,0.0016934740012963807,0.9125174046197174,0.998140368294248,9.715294960495141,2,6002519,0,764.6546816304326,0,current,6002519,357.1129451543093
case_014,4,17698626,4543360,313.94561481289566,structural_component_round_robin,4543360,361.9852443449199,structural_component_round_robin,35705,1340,0.0034729029547682397,0.0016934740012963807,0.9125174046197174,0.998140368294248,9.715294960495141,2,4543360,0,675.9308591578156,0,current,4543360,313.94561481289566
case_014,5,17698626,3694137,314.01190965250134,structural_component_round_robin,3694137,381.7868993766606,structural_component_round_robin,35705,1340,0.0034729029547682397,0.0016934740012963807,0.9125174046197174,0.998140368294248,9.715294960495141,2,3694137,0,695.7988090291619,0,current,3694137,314.01190965250134
case_015,2,177362,90480,1.8245754999807104,structural_component_lpt,90480,5.4683409743011,structural_component_lpt,1013,46,0.14313919052319843,0.040274434157687666,0.5165846384055132,0.8294708089028381,21.0361721728243,11,90480,0,7.29291647428181,3,current,90480,1.8245754999807104
case_015,3,177362,61018,2.0704903999576345,structural_component_pipe,61018,4.171139957383275,structural_component_pipe,1013,46,0.14313919052319843,0.040274434157687666,0.5165846384055132,0.8294708089028381,21.0361721728243,11,61018,0,6.2416303573409095,3,current,61018,2.0704903999576345
case_015,4,177362,48866,1.9287112000165507,structural_component_lpt,48866,5.520855784416199,structural_component_lpt,1013,46,0.14313919052319843,0.040274434157687666,0.5165846384055132,0.8294708089028381,21.0361721728243,11,48866,0,7.4495669844327495,3,current,48866,1.9287112000165507
case_015,5,177362,44068,2.0725204000482336,structural_component_lpt,44068,5.2258798480033875,structural_component_lpt,1013,46,0.14313919052319843,0.040274434157687666,0.5165846384055132,0.8294708089028381,21.0361721728243,11,44068,0,7.298400248051621,3,current,44068,2.0725204000482336
case_016,2,7715523,5440637,119.73983779363334,directed_split,5440637,100.2206537052989,directed_split,17995,1,1.0,0.08491796797786123,1.0,1.0,46.688406119268045,12,5440637,0,219.96049149893224,0,current,5440637,119.73983779363334
case_016,3,7715523,4478897,121.93213598057628,directed_split,4478897,99.778130447492,directed_split,17995,1,1.0,0.08491796797786123,1.0,1.0,46.688406119268045,12,4478897,0,221.71026642806828,0,current,4478897,121.93213598057628
case_016,4,7715523,4266542,122.72553174942732,directed_split,4266542,96.04565201513469,directed_split,17995,1,1.0,0.08491796797786123,1.0,1.0,46.688406119268045,12,4266542,0,218.771183764562,0,current,4266542,122.72553174942732
case_016,5,7715523,4158373,122.27789946831763,directed_split,4158373,108.08373861946166,directed_split,17995,1,1.0,0.08491796797786123,1.0,1.0,46.688406119268045,12,4158373,0,230.36163808777928,0,current,4158373,122.27789946831763
case_017,2,162810,81117,8.16204003430903,directed_split,81117,7.828065851703286,directed_split,1373,60,0.11798980335032774,0.033632917514988585,0.622040247016344,0.8755190443976842,13.47431412470051,8,81117,0,15.990105886012316,1,current,81117,8.16204003430903
case_017,3,162810,53799,7.105870356783271,region_repartition_2_0,53799,8.269366951659322,region_repartition_2_0,1373,60,0.11798980335032774,0.033632917514988585,0.622040247016344,0.8755190443976842,13.47431412470051,8,53799,0,15.375237308442593,1,current,53799,7.105870356783271
case_017,4,162810,41101,7.1014857199043036,region_repartition_2_0,41101,8.276203339919448,region_repartition_2_0,1373,60,0.11798980335032774,0.033632917514988585,0.622040247016344,0.8755190443976842,13.47431412470051,8,41101,0,15.377689059823751,1,current,41101,7.1014857199043036
case_017,5,162810,33081,8.792205795645714,region_repartition_2_0,33081,8.280238803476095,region_repartition_2_0,1373,60,0.11798980335032774,0.033632917514988585,0.622040247016344,0.8755190443976842,13.47431412470051,8,33081,0,17.07244459912181,1,current,33081,8.792205795645714
case_018,2,1004367,501235,17.818669594824314,directed_split,501235,15.694281237199903,directed_split,2727,126,0.021635496883021636,0.0032646065544886726,0.8960095050878603,0.8480845110749996,9.7687341278224,2,501235,0,33.51295083202422,1,current,501235,17.818669594824314
case_018,3,1004367,336388,20.790859216824174,directed_split,336388,19.513343151658773,directed_split,2727,126,0.021635496883021636,0.0032646065544886726,0.8960095050878603,0.8480845110749996,9.7687341278224,2,336388,0,40.30420236848295,1,current,336388,20.790859216824174
case_018,4,1004367,253676,20.64489928819239,structural_component_lpt,253676,20.249349169433117,structural_component_lpt,2727,126,0.021635496883021636,0.0032646065544886726,0.8960095050878603,0.8480845110749996,9.7687341278224,2,253676,0,40.89424845762551,1,current,253676,20.64489928819239
case_018,5,1004367,203806,21.422647716477513,region_repartition_2_0,203806,20.599564094096422,region_repartition_2_0,2727,126,0.021635496883021636,0.0032646065544886726,0.8960095050878603,0.8480845110749996,9.7687341278224,2,203806,0,42.022211810573936,1,current,203806,21.422647716477513
case_019,2,81144,40136,1.0341206999728456,region_boundary_1018_0,40136,2.60202925093472,region_boundary_1018_0,647,31,0.26275115919629055,0.1379069348002525,0.5459915231310307,0.580010264878495,17.145414374605465,2,40136,0,3.6361499509075657,0,current,40136,1.0341206999728456
case_019,3,81144,27848,1.1255936999805272,region_boundary_1018_0,27848,2.8648871779441833,region_boundary_1018_0,647,31,0.26275115919629055,0.1379069348002525,0.5459915231310307,0.580010264878495,17.145414374605465,2,27848,0,3.9904808779247105,0,current,27848,1.1255936999805272
case_019,4,81144,24465,1.0413084001047537,region_boundary_1018_0,25256,1.9571526125073433,region_boundary_549_0,647,31,0.26275115919629055,0.1379069348002525,0.5459915231310307,0.580010264878495,17.145414374605465,2,24465,0,2.998461012612097,0,current,24465,1.0413084001047537
case_019,5,81144,23450,1.207967899972573,directed_split,23450,1.9874681569635868,directed_split,647,31,0.26275115919629055,0.1379069348002525,0.5459915231310307,0.580010264878495,17.145414374605465,2,23450,0,3.1954360569361597,0,current,23450,1.207967899972573
case_020,2,532746,266580,33.70305010303855,structural_component_lpt,266580,34.97290086001158,structural_component_lpt,7008,288,0.003995433789954338,0.003424657534246575,1.0,1.0,56.10958904109589,2,266580,0,68.67595096305013,1,current,266580,33.70305010303855
case_020,3,532746,177950,38.37339797988534,structural_component_lpt,177950,29.46001187339425,structural_component_lpt,7008,288,0.003995433789954338,0.003424657534246575,1.0,1.0,56.10958904109589,2,177950,0,67.83340985327959,1,current,177950,38.37339797988534
case_020,4,532746,133704,36.48022636398673,structural_component_lpt,133704,32.198134208098054,structural_component_lpt,7008,288,0.003995433789954338,0.003424657534246575,1.0,1.0,56.10958904109589,2,133704,0,68.67836057208478,1,current,133704,36.48022636398673
case_020,5,532746,107650,36.09406760893762,structural_component_lpt,107650,28.17351039685309,structural_component_lpt,7008,288,0.003995433789954338,0.003424657534246575,1.0,1.0,56.10958904109589,2,107650,0,64.26757800579071,1,current,107650,36.09406760893762
case_021,2,6567937,3168548,32.63503815419972,directed_split,3168548,23.59308839403093,directed_split,3920,80,0.0125,0.0007947976878612717,0.8876961189099918,1.0,7.243233324158179,1,3168548,0,56.22812654823065,3,current,3168548,32.63503815419972
case_021,3,6567937,2124156,35.80320024676621,grain_1.0,2124156,24.52293019928038,grain_1.0,3920,80,0.0125,0.0007947976878612717,0.8876961189099918,1.0,7.243233324158179,1,2124156,0,60.32613044604659,3,current,2124156,35.80320024676621
case_021,4,6567937,1550324,34.974353056401014,structural_memory_lpt,1611899,21.50126708857715,region_boundary_459_0,3920,80,0.0125,0.0007947976878612717,0.8876961189099918,1.0,7.243233324158179,1,1550324,0,56.475620144978166,3,current,1550324,34.974353056401014
case_021,5,6567937,1249916,40.700626811012626,directed_split,1313319,23.649000426754355,directed_split,3920,80,0.0125,0.0007947976878612717,0.8876961189099918,1.0,7.243233324158179,1,1249916,0,64.34962723776698,3,current,1249916,40.700626811012626
case_022,2,56780,28303,2.3317997999256477,structural_component_pipe,28303,7.117866285145283,structural_component_pipe,1356,32,0.13495575221238937,0.03390756517730618,0.9234433422683581,0.8656270487964784,34.556384558911404,10,28303,0,9.44966608507093,0,current,28303,2.3317997999256477
case_022,3,56780,18978,2.4297884999541566,structural_component_lpt,18978,7.1335343681275845,structural_component_lpt,1356,32,0.13495575221238937,0.03390756517730618,0.9234433422683581,0.8656270487964784,34.556384558911404,10,18978,0,9.563322868081741,0,current,18978,2.4297884999541566
case_022,4,56780,14336,2.4005671000340953,structural_component_lpt,14336,6.666342651471496,structural_component_lpt,1356,32,0.13495575221238937,0.03390756517730618,0.9234433422683581,0.8656270487964784,34.556384558911404,10,14336,0,9.066909751505591,0,current,14336,2.4005671000340953
case_022,5,56780,11479,2.245570100028999,directed_split,11479,6.719360858201981,directed_split,1356,32,0.13495575221238937,0.03390756517730618,0.9234433422683581,0.8656270487964784,34.556384558911404,10,11479,0,8.96493095823098,0,current,11479,2.245570100028999
case_023,2,122614,61065,1.800472299917601,structural_component_lpt,61065,5.094008611515164,structural_component_lpt,1011,43,0.12561819980217606,0.031728122038182066,0.5232206526154263,0.5753359654659289,19.09995336312076,7,61065,0,6.894480911432765,2,current,61065,1.800472299917601
case_023,3,122614,40682,1.7728227000916377,structural_component_lpt,40682,5.118682628497481,structural_component_lpt,1011,43,0.12561819980217606,0.031728122038182066,0.5232206526154263,0.5753359654659289,19.09995336312076,7,40682,0,6.891505328589119,2,current,40682,1.7728227000916377
case_023,4,122614,30516,1.6921917999861762,structural_component_lpt,30516,5.075666967779398,structural_component_lpt,1011,43,0.12561819980217606,0.031728122038182066,0.5232206526154263,0.5753359654659289,19.09995336312076,7,30516,0,6.767858767765574,2,current,30516,1.6921917999861762
case_023,5,122614,24940,1.9564162999158725,structural_component_pipe,24940,5.040840074419975,structural_component_pipe,1011,43,0.12561819980217606,0.031728122038182066,0.5232206526154263,0.5753359654659289,19.09995336312076,7,24940,0,6.997256374335848,2,current,24940,1.9564162999158725
case_024,2,2555343,1803647,30.001189816743135,grain_0.25,1803647,27.891308253630996,grain_0.25,5959,1,1.0,0.08491796797786123,1.0,1.0,46.79135116516198,12,1803647,0,57.89249807037413,3,current,1803647,30.001189816743135
case_024,3,2555343,1483888,29.532953960821033,directed_split,1483888,27.794584715738893,directed_split,5959,1,1.0,0.08491796797786123,1.0,1.0,46.79135116516198,12,1483888,0,57.327538676559925,3,current,1483888,29.532953960821033
case_024,4,2555343,1413568,29.19908127374947,directed_split,1413568,22.362391838803887,directed_split,5959,1,1.0,0.08491796797786123,1.0,1.0,46.79135116516198,12,1413568,0,51.56147311255336,3,current,1413568,29.19908127374947
case_024,5,2555343,1378992,31.326928017660975,directed_split,1378992,28.006029484793544,directed_split,5959,1,1.0,0.08491796797786123,1.0,1.0,46.79135116516198,12,1378992,0,59.33295750245452,3,current,1378992,31.326928017660975
case_025,2,4863026,2431840,256.91284109279513,structural_component_lpt,2431840,251.9173333980143,structural_component_lpt,18662,2666,0.00037509377344336085,0.0002757446118286328,0.7945945945945946,1.0,8.999266032724398,2,2431840,0,508.83017449080944,1,current,2431840,256.91284109279513
case_025,3,4863026,1622164,255.76419060118496,structural_component_lpt,1622164,246.24978647753596,structural_component_lpt,18662,2666,0.00037509377344336085,0.0002757446118286328,0.7945945945945946,1.0,8.999266032724398,2,1622164,0,502.0139770787209,1,current,1622164,255.76419060118496
case_025,4,4863026,1217444,254.95160405524075,structural_component_lpt,1217444,256.4610758256167,structural_component_lpt,18662,2666,0.00037509377344336085,0.0002757446118286328,0.7945945945945946,1.0,8.999266032724398,2,1217444,0,511.41267988085747,1,current,1217444,254.95160405524075
case_025,5,4863026,975282,253.2495682965964,structural_component_lpt,975282,224.36268017999828,structural_component_lpt,18662,2666,0.00037509377344336085,0.0002757446118286328,0.7945945945945946,1.0,8.999266032724398,2,975282,0,477.6122484765947,1,current,975282,253.2495682965964
case_026,2,99203,51839,0.9996700000483543,region_boundary_854_0,51839,2.955663461238146,region_boundary_854_0,636,31,0.3113207547169811,0.038645311381531856,0.6332140300644238,0.8114775223671776,33.334717251252684,10,51839,0,3.9553334612865,0,current,51839,0.9996700000483543
case_026,3,99203,42174,1.1626142000313848,region_boundary_938_0,50092,2.1284536477178335,directed_split,636,31,0.3113207547169811,0.038645311381531856,0.6332140300644238,0.8114775223671776,33.334717251252684,10,42174,0,3.2910678477492183,0,current,42174,1.1626142000313848
case_026,4,99203,42089,1.1360264000250027,region_repartition_1_0,50038,2.327751312404871,directed_split,636,31,0.3113207547169811,0.038645311381531856,0.6332140300644238,0.8114775223671776,33.334717251252684,10,42089,0,3.4637777124298736,0,current,42089,1.1360264000250027
case_026,5,99203,43946,1.2205426000291482,region_repartition_2_0,50757,1.4904836174100637,directed_split,636,31,0.3113207547169811,0.038645311381531856,0.6332140300644238,0.8114775223671776,33.334717251252684,10,43946,0,2.711026217439212,0,current,43946,1.2205426000291482
case_027,2,2363952,1116984,9.43078549951315,structural_memory_batches,1157230,7.232874810695648,directed_split,1424,16,0.0625,0.00836448954677247,0.8858538074164505,1.0,7.686250572256982,1,1116984,0,16.663660310208797,0,current,1116984,9.43078549951315
case_027,3,2363952,804739,11.50374480895698,directed_split,816499,6.427865367382765,grain_0.25,1424,16,0.0625,0.00836448954677247,0.8858538074164505,1.0,7.686250572256982,1,804739,0,17.931610176339746,0,current,804739,11.50374480895698
case_027,4,2363952,559196,9.7811283711344,structural_memory_lpt,644890,7.409526551142335,grain_0.25,1424,16,0.0625,0.00836448954677247,0.8858538074164505,1.0,7.686250572256982,1,559196,0,17.190654922276735,0,current,559196,9.7811283711344
case_027,5,2363952,558753,11.51351574063301,structural_memory_lpt,644890,5.196317821741104,grain_0.25,1424,16,0.0625,0.00836448954677247,0.8858538074164505,1.0,7.686250572256982,1,558753,0,16.709833562374115,0,current,558753,11.51351574063301
case_028,2,43836040,20808183,193.37105559185147,grain_1.0,20808183,123.66986957006156,grain_1.0,19584,153,0.006535947712418301,0.006027231552592343,0.9517575322812052,0.5333142693737489,2.4054069260415787,2,20808183,0,317.04092516191304,3,current,20808183,193.37105559185147
case_028,3,43836040,13957556,178.829605916515,directed_split,13957556,125.23853906989098,directed_split,19584,153,0.006535947712418301,0.006027231552592343,0.9517575322812052,0.5333142693737489,2.4054069260415787,2,13957556,0,304.06814498640597,3,current,13957556,178.829605916515
case_028,4,43836040,10676362,185.94676604494452,local_reschedule,10676362,134.3998791538179,local_reschedule,19584,153,0.006535947712418301,0.006027231552592343,0.9517575322812052,0.5333142693737489,2.4054069260415787,2,10676362,0,320.3466451987624,3,current,10676362,185.94676604494452
case_028,5,43836040,9004662,183.52695473097265,region_boundary_8758_0,9004662,139.3636333718896,region_boundary_8758_0,19584,153,0.006535947712418301,0.006027231552592343,0.9517575322812052,0.5333142693737489,2.4054069260415787,2,9004662,0,322.89058810286224,3,current,9004662,183.52695473097265
case_029,2,37555,19740,1.3090004000114277,structural_component_lpt,19740,2.302534718066454,structural_component_lpt,861,21,0.047619047619047616,0.010857676403894892,1.0,0.9998372925479987,29.856582633053222,5,19740,0,3.6115351180778816,1,current,19740,1.3090004000114277
case_029,3,37555,12743,1.26424029993359,structural_component_lpt,12743,3.2115961089730263,structural_component_lpt,861,21,0.047619047619047616,0.010857676403894892,1.0,0.9998372925479987,29.856582633053222,5,12743,0,4.475836408906616,1,current,12743,1.26424029993359
case_029,4,37555,11028,1.3199237000662833,structural_component_lpt,11028,3.1026186756789684,structural_component_lpt,861,21,0.047619047619047616,0.010857676403894892,1.0,0.9998372925479987,29.856582633053222,5,11028,0,4.422542375745252,1,current,11028,1.3199237000662833
case_029,5,37555,9383,1.255979000008665,structural_component_lpt,9383,2.9228165224194527,structural_component_lpt,861,21,0.047619047619047616,0.010857676403894892,1.0,0.9998372925479987,29.856582633053222,5,9383,0,4.178795522428118,1,current,9383,1.255979000008665
case_030,2,2808034,1399339,86.91161340102553,directed_split,1399339,79.71908880770206,directed_split,10070,486,0.005660377358490566,0.00046932399125185106,0.8722012551746583,0.8151476251604621,13.6327109397726,1,1399339,0,166.6307022087276,0,current,1399339,86.91161340102553
case_030,3,2808034,932367,84.30239642597735,directed_split,932367,83.01845727674663,directed_split,10070,486,0.005660377358490566,0.00046932399125185106,0.8722012551746583,0.8151476251604621,13.6327109397726,1,932367,0,167.32085370272398,0,current,932367,84.30239642597735
case_030,4,2808034,700342,81.90998287498951,structural_component_lpt,700342,91.67531522363424,structural_component_lpt,10070,486,0.005660377358490566,0.00046932399125185106,0.8722012551746583,0.8151476251604621,13.6327109397726,1,700342,0,173.58529809862375,0,current,700342,81.90998287498951
case_030,5,2808034,560306,86.8363097384572,directed_split,560306,90.87631009146571,directed_split,10070,486,0.005660377358490566,0.00046932399125185106,0.8722012551746583,0.8151476251604621,13.6327109397726,1,560306,0,177.71261982992291,0,current,560306,86.8363097384572
case_031,2,1414369,712262,50.105165930464864,structural_component_lpt,712262,50.661563482135534,structural_component_lpt,6135,107,0.34995925020374896,0.0083939937654169,0.8579089781725304,0.9404701531476277,11.561020548152158,9,712262,0,100.7667294126004,0,current,712262,50.105165930464864
case_031,3,1414369,473822,50.17245869524777,structural_component_lpt,473822,50.29910449869931,structural_component_lpt,6135,107,0.34995925020374896,0.0083939937654169,0.8579089781725304,0.9404701531476277,11.561020548152158,9,473822,0,100.47156319394708,0,current,473822,50.17245869524777
case_031,4,1414369,356417,52.51955673098564,directed_split,356417,55.33382787182927,directed_split,6135,107,0.34995925020374896,0.0083939937654169,0.8579089781725304,0.9404701531476277,11.561020548152158,9,356417,0,107.85338460281491,0,current,356417,52.51955673098564
case_031,5,1414369,284848,52.99186907336116,structural_component_lpt,284848,44.917089788243175,structural_component_lpt,6135,107,0.34995925020374896,0.0083939937654169,0.8579089781725304,0.9404701531476277,11.561020548152158,9,284848,0,97.90895886160433,0,current,284848,52.99186907336116
case_032,2,41443,20900,1.5312421000562608,region_boundary_1145_0,20900,4.357044097036123,region_boundary_1145_0,827,25,0.22853688029020555,0.02595990485898743,0.7700758862838374,0.6147387124045337,28.189738362215426,9,20900,0,5.888286197092384,3,current,20900,1.5312421000562608
case_032,3,41443,14009,1.4079525000415742,directed_split,14009,4.227656684815884,directed_split,827,25,0.22853688029020555,0.02595990485898743,0.7700758862838374,0.6147387124045337,28.189738362215426,9,14009,0,5.635609184857458,3,current,14009,1.4079525000415742
case_032,4,41443,10933,1.5029746000654995,directed_split,10933,2.993190299719572,directed_split,827,25,0.22853688029020555,0.02595990485898743,0.7700758862838374,0.6147387124045337,28.189738362215426,9,10933,0,4.496164899785072,3,current,10933,1.5029746000654995
case_032,5,41443,10280,1.589308699942194,region_boundary_1612_0,18512,2.186881707981229,grain_0.25,827,25,0.22853688029020555,0.02595990485898743,0.7700758862838374,0.6147387124045337,28.189738362215426,9,10280,0,3.7761904079234228,3,current,10280,1.589308699942194
case_033,2,1774196,888544,27.72547520697117,directed_split,888544,29.081947922706604,directed_split,3465,95,0.01847041847041847,0.0032809936723693462,0.899985938598547,0.7958900620670945,11.191110069525818,4,888544,0,56.80742312967777,3,current,888544,27.72547520697117
case_033,3,1774196,590697,27.5938411783427,region_repartition_2_0,590697,31.277272874489427,region_repartition_2_0,3465,95,0.01847041847041847,0.0032809936723693462,0.899985938598547,0.7958900620670945,11.191110069525818,4,590697,0,58.87111405283213,3,current,590697,27.5938411783427
case_033,4,1774196,443447,28.968060983344913,structural_component_lpt,443447,29.7558473367244,structural_component_lpt,3465,95,0.01847041847041847,0.0032809936723693462,0.899985938598547,0.7958900620670945,11.191110069525818,4,443447,0,58.72390832006931,3,current,443447,28.968060983344913
case_033,5,1774196,353592,31.330277351662517,directed_split,353592,31.935358652845025,directed_split,3465,95,0.01847041847041847,0.0032809936723693462,0.899985938598547,0.7958900620670945,11.191110069525818,4,353592,0,63.26563600450754,3,current,353592,31.330277351662517
case_034,2,842996,419167,29.139062261208892,structural_component_lpt,419167,29.29344968125224,structural_component_lpt,3745,155,0.025100133511348464,0.0038946485389507223,0.7935041880446895,0.7776694924174906,15.287257074342559,8,419167,0,58.43251194246113,3,current,419167,29.139062261208892
case_034,3,842996,278067,29.91662535816431,structural_component_lpt,278067,30.944849276915193,structural_component_lpt,3745,155,0.025100133511348464,0.0038946485389507223,0.7935041880446895,0.7776694924174906,15.287257074342559,8,278067,0,60.8614746350795,3,current,278067,29.91662535816431
case_034,4,842996,205314,32.15501760877669,directed_split,205314,33.478135047480464,directed_split,3745,155,0.025100133511348464,0.0038946485389507223,0.7935041880446895,0.7776694924174906,15.287257074342559,8,205314,0,65.63315265625715,3,current,205314,32.15501760877669
case_034,5,842996,167930,32.5970436707139,directed_split,167930,32.619323294609785,directed_split,3745,155,0.025100133511348464,0.0038946485389507223,0.7935041880446895,0.7776694924174906,15.287257074342559,8,167930,0,65.21636696532369,3,current,167930,32.5970436707139
case_035,2,169571,95406,21.536972273141146,structural_component_lpt,95406,20.162715435028076,structural_component_lpt,3857,16,0.6300233341975628,0.0834542287519226,0.6982450352011877,0.7212947051738822,21.15643301099946,14,95406,0,41.69968770816922,3,current,95406,21.536972273141146
case_035,3,169571,95782,23.216754384338856,structural_hybrid_work_1,125507,17.495525881648064,directed_split,3857,16,0.6300233341975628,0.0834542287519226,0.6982450352011877,0.7212947051738822,21.15643301099946,14,95782,0,40.71228026598692,3,current,95782,23.216754384338856
case_035,4,169571,94869,25.85923571884632,directed_split,125981,17.781677473336458,grain_0.5,3857,16,0.6300233341975628,0.0834542287519226,0.6982450352011877,0.7212947051738822,21.15643301099946,14,94869,0,43.64091319218278,3,current,94869,25.85923571884632
case_035,5,169571,95983,24.961178820580244,structural_hybrid_work_1,126070,15.591931596398354,grain_0.5,3857,16,0.6300233341975628,0.0834542287519226,0.6982450352011877,0.7212947051738822,21.15643301099946,14,95983,0,40.5531104169786,3,current,95983,24.961178820580244
case_036,2,931510,466068,20.821211678907275,structural_component_lpt,466068,16.5368494912982,structural_component_lpt,2400,800,0.00125,0.00125,0.8844984802431611,1.0,12.450942249240121,1,466068,0,37.358061170205474,4,current,466068,20.821211678907275
case_036,3,931510,311345,19.862264474853873,structural_component_lpt,311345,18.130641484633088,structural_component_lpt,2400,800,0.00125,0.00125,0.8844984802431611,1.0,12.450942249240121,1,311345,0,37.99290595948696,4,current,311345,19.862264474853873
case_036,4,931510,233584,18.951054271310568,structural_component_lpt,233584,17.458064381033182,structural_component_lpt,2400,800,0.00125,0.00125,0.8844984802431611,1.0,12.450942249240121,1,233584,0,36.40911865234375,4,current,233584,18.951054271310568
case_036,5,931510,187182,20.16484611108899,structural_component_lpt,187182,19.47655631788075,structural_component_lpt,2400,800,0.00125,0.00125,0.8844984802431611,1.0,12.450942249240121,1,187182,0,39.64140242896974,4,current,187182,20.16484611108899
case_037,2,210001,105374,1.3553560000145808,structural_component_lpt,105374,2.6006450075656176,structural_component_lpt,780,20,0.05,0.0037906742703790676,0.8788996980878899,1.0,15.629654478362966,1,105374,0,3.9560010075801983,1,current,105374,1.3553560000145808
case_037,3,210001,74038,1.5646581000182778,structural_component_lpt,74038,4.088137585669756,structural_component_lpt,780,20,0.05,0.0037906742703790676,0.8788996980878899,1.0,15.629654478362966,1,74038,0,5.652795685688034,1,current,74038,1.5646581000182778
case_037,4,210001,53320,1.4304872999200597,structural_component_lpt,53320,3.23777262121439,structural_component_lpt,780,20,0.05,0.0037906742703790676,0.8788996980878899,1.0,15.629654478362966,1,53320,0,4.6682599211344495,1,current,53320,1.4304872999200597
case_037,5,210001,43800,1.6893043000018224,structural_component_lpt,43800,5.0579655189067125,structural_component_lpt,780,20,0.05,0.0037906742703790676,0.8788996980878899,1.0,15.629654478362966,1,43800,0,6.747269818908535,1,current,43800,1.6893043000018224
case_038,2,1364555,674500,52.71922857128084,structural_component_lpt,674500,59.70097327418625,structural_component_lpt,5907,130,0.019637717961740308,0.005864242190388913,0.8876080537200491,0.9849726570635382,11.534774138919705,2,674500,0,112.42020184546709,1,current,674500,52.71922857128084
case_038,3,1364555,450730,54.961540479213,directed_split,450730,57.0980097707361,directed_split,5907,130,0.019637717961740308,0.005864242190388913,0.8876080537200491,0.9849726570635382,11.534774138919705,2,450730,0,112.0595502499491,1,current,450730,54.961540479213
case_038,4,1364555,338163,56.05045558512211,directed_split,338163,53.659095637500286,directed_split,5907,130,0.019637717961740308,0.005864242190388913,0.8876080537200491,0.9849726570635382,11.534774138919705,2,338163,0,109.7095512226224,1,current,338163,56.05045558512211
case_038,5,1364555,274658,56.34265740402043,directed_split,274658,53.32367363572121,directed_split,5907,130,0.019637717961740308,0.005864242190388913,0.8876080537200491,0.9849726570635382,11.534774138919705,2,274658,0,109.66633103974164,1,current,274658,56.34265740402043
case_039,2,1435262,708557,52.053322076797485,directed_split,841140,39.64547332935035,directed_split,5250,70,0.014285714285714285,0.0005310573731626364,0.9333333333333333,1.0,17.41278601910181,1,708557,0,91.69879540614784,0,current,708557,52.053322076797485
case_039,3,1435262,482318,53.036868304014206,directed_split,649664,42.923809204250574,directed_split,5250,70,0.014285714285714285,0.0005310573731626364,0.9333333333333333,1.0,17.41278601910181,1,482318,0,95.96067750826478,0,current,482318,53.036868304014206
case_039,4,1435262,395323,53.57251254469156,structural_memory_lpt,564871,46.03072799369693,region_repartition_3_0,5250,70,0.014285714285714285,0.0005310573731626364,0.9333333333333333,1.0,17.41278601910181,1,395323,0,99.60324053838849,0,current,395323,53.57251254469156
case_039,5,1435262,431161,55.393181450665,structural_memory_lpt,511084,40.66971883364022,grain_2.0,5250,70,0.014285714285714285,0.0005310573731626364,0.9333333333333333,1.0,17.41278601910181,1,431161,0,96.06290028430521,0,current,431161,55.393181450665
case_040,2,253454,120926,18.670189501717687,directed_split,120926,19.636383013799787,directed_split,3083,28,0.7116445021083361,0.05414428848291868,0.623905442307111,0.43808756615092176,29.364604011111,14,120926,0,38.30657251551747,1,current,120926,18.670189501717687
case_040,3,253454,109777,21.813939476385713,directed_split,145657,13.985292388126254,directed_split,3083,28,0.7116445021083361,0.05414428848291868,0.623905442307111,0.43808756615092176,29.364604011111,14,109777,0,35.79923186451197,1,current,109777,21.813939476385713
case_040,4,253454,109607,18.761347452178597,structural_hybrid_work_0.5,142257,13.50707109645009,region_boundary_6297_0,3083,28,0.7116445021083361,0.05414428848291868,0.623905442307111,0.43808756615092176,29.364604011111,14,109607,0,32.26841854862869,1,current,109607,18.761347452178597
case_040,5,253454,108131,21.32200931943953,directed_split,142985,13.653582038357854,local_reschedule,3083,28,0.7116445021083361,0.05414428848291868,0.623905442307111,0.43808756615092176,29.364604011111,14,108131,0,34.975591357797384,1,current,108131,21.32200931943953
case_041,2,6003957,2990398,172.51421609707177,structural_component_lpt,2990398,193.91818847507238,structural_component_lpt,16594,494,0.010967819693865252,0.0002717211621115825,0.9065429902244967,0.9966894268570247,10.085687968150035,7,2990398,0,366.43240457214415,0,current,2990398,172.51421609707177
case_041,3,6003957,1991911,190.91731403954327,structural_component_lpt,1991911,187.22649966925383,structural_component_lpt,16594,494,0.010967819693865252,0.0002717211621115825,0.9065429902244967,0.9966894268570247,10.085687968150035,7,1991911,0,378.1438137087971,0,current,1991911,190.91731403954327
case_041,4,6003957,1490603,182.3121707327664,structural_component_pipe,1490603,197.8735384773463,structural_component_pipe,16594,494,0.010967819693865252,0.0002717211621115825,0.9065429902244967,0.9966894268570247,10.085687968150035,7,1490603,0,380.1857092101127,0,current,1490603,182.3121707327664
case_041,5,6003957,1201884,173.96372761018574,structural_component_lpt,1201884,195.0238020196557,structural_component_lpt,16594,494,0.010967819693865252,0.0002717211621115825,0.9065429902244967,0.9966894268570247,10.085687968150035,7,1201884,0,368.98752962984145,0,current,1201884,173.96372761018574
case_042,2,1686740,845091,38.41876889951527,structural_component_round_robin,845091,41.593061776831746,structural_component_round_robin,4733,104,0.054510881047961125,0.003114894400422552,0.8761570586191895,0.9657828129018287,11.860150282011636,10,845091,0,80.01183067634702,0,current,845091,38.41876889951527
case_042,3,1686740,559018,42.89815211109817,directed_split,559018,46.79110490716994,directed_split,4733,104,0.054510881047961125,0.003114894400422552,0.8761570586191895,0.9657828129018287,11.860150282011636,10,559018,0,89.68925701826811,0,current,559018,42.89815211109817
case_042,4,1686740,419432,41.546841748058796,directed_split,419432,46.0799100920558,directed_split,4733,104,0.054510881047961125,0.003114894400422552,0.8761570586191895,0.9657828129018287,11.860150282011636,10,419432,0,87.6267518401146,0,current,419432,41.546841748058796
case_042,5,1686740,336330,44.14977351389825,region_repartition_2_0,336330,50.76140668801963,region_repartition_2_0,4733,104,0.054510881047961125,0.003114894400422552,0.8761570586191895,0.9657828129018287,11.860150282011636,10,336330,0,94.91118020191789,0,current,336330,44.14977351389825
case_043,2,677656,353710,68.62206544913352,directed_split,353710,76.63752695918083,directed_split,9309,38,0.5274465570952841,0.03188744569651796,0.6009241022153151,0.8776264923172392,13.335519206864493,9,353710,0,145.25959240831435,4,current,353710,68.62206544913352
case_043,3,677656,267112,81.49537146836519,structural_hybrid_work_1,343054,52.94970097206533,directed_split,9309,38,0.5274465570952841,0.03188744569651796,0.6009241022153151,0.8776264923172392,13.335519206864493,9,267112,0,134.44507244043052,4,current,267112,81.49537146836519
case_043,4,677656,266590,77.77499635145068,directed_split,294918,55.734339559450746,directed_split,9309,38,0.5274465570952841,0.03188744569651796,0.6009241022153151,0.8776264923172392,13.335519206864493,9,266590,0,133.50933591090143,4,current,266590,77.77499635145068
case_043,5,677656,264401,72.06647999212146,region_repartition_2_0,294404,58.017040722072124,grain_0.25,9309,38,0.5274465570952841,0.03188744569651796,0.6009241022153151,0.8776264923172392,13.335519206864493,9,264401,0,130.08352071419358,4,current,264401,72.06647999212146
case_044,2,154407,119062,7.739094909280539,local_reschedule,146270,4.862136406823993,local_reschedule,1364,11,0.09090909090909091,0.09090909090909091,0.8816475495307612,0.9763591792874173,24.205137927765666,2,119062,0,12.601231316104531,3,current,119062,7.739094909280539
case_044,3,154407,123085,8.02076442912221,directed_split,143812,5.065925313159823,multilevel,1364,11,0.09090909090909091,0.09090909090909091,0.8816475495307612,0.9763591792874173,24.205137927765666,2,123085,0,13.086689742282033,3,current,123085,8.02076442912221
case_044,4,154407,120120,7.74126435816288,directed_split,143812,5.4146599266678095,multilevel,1364,11,0.09090909090909091,0.09090909090909091,0.8816475495307612,0.9763591792874173,24.205137927765666,2,120120,0,13.15592428483069,3,current,120120,7.74126435816288
case_044,5,154407,131771,8.156967215240002,directed_split,143812,5.171906761825085,multilevel,1364,11,0.09090909090909091,0.09090909090909091,0.8816475495307612,0.9763591792874173,24.205137927765666,2,131771,0,13.328873977065086,3,current,131771,8.156967215240002
case_045,2,125614,63059,7.045554371550679,structural_component_lpt,63059,6.746676383540034,structural_component_lpt,1651,68,0.016959418534221685,0.014536644457904301,1.0,1.0,56.11450795371226,2,63059,0,13.792230755090714,0,current,63059,7.045554371550679
case_045,3,125614,42601,6.646962571889162,structural_component_lpt,42601,6.589846039190888,structural_component_lpt,1651,68,0.016959418534221685,0.014536644457904301,1.0,1.0,56.11450795371226,2,42601,0,13.23680861108005,0,current,42601,6.646962571889162
case_045,4,125614,31878,6.329928278923035,structural_component_lpt,31878,6.882757380604744,structural_component_lpt,1651,68,0.016959418534221685,0.014536644457904301,1.0,1.0,56.11450795371226,2,31878,0,13.212685659527779,0,current,31878,6.329928278923035
case_045,5,125614,26164,6.955476393923163,structural_component_lpt,26164,6.945221731439233,structural_component_lpt,1651,68,0.016959418534221685,0.014536644457904301,1.0,1.0,56.11450795371226,2,26164,0,13.900698125362396,0,current,26164,6.955476393923163
case_046,2,276455,152419,1.9607464000582695,local_reschedule,152419,3.6479149647057056,local_reschedule,992,8,0.125,0.125,0.9191734607815575,0.9341965748803136,18.30123699746978,2,152419,0,5.608661364763975,1,current,152419,1.9607464000582695
case_046,3,276455,128115,1.9652451000874862,directed_split,152587,3.595084508880973,greedy,992,8,0.125,0.125,0.9191734607815575,0.9341965748803136,18.30123699746978,2,128115,0,5.560329608968459,1,current,128115,1.9652451000874862
case_046,4,276455,116069,1.9386840999359265,directed_split,157369,3.4585614278912544,random_migrate,992,8,0.125,0.125,0.9191734607815575,0.9341965748803136,18.30123699746978,2,116069,0,5.397245527827181,1,current,116069,1.9386840999359265
case_046,5,276455,111389,2.0152800999348983,directed_split,111389,3.6949307024478912,directed_split,992,8,0.125,0.125,0.9191734607815575,0.9341965748803136,18.30123699746978,2,111389,0,5.7102108023827896,1,current,111389,2.0152800999348983
case_047,2,326508,276535,83.73008402064443,grain_1.0,276535,74.72910150140524,grain_1.0,13710,1,1.0,0.048386706363614355,0.6278169099314985,0.37299633052400466,12.03303076513446,7,276535,0,158.45918552204967,2,current,276535,83.73008402064443
case_047,3,326508,241969,90.77252006344497,grain_0.5,241969,85.4152602609247,grain_0.5,13710,1,1.0,0.048386706363614355,0.6278169099314985,0.37299633052400466,12.03303076513446,7,241969,0,176.18778032436967,2,current,241969,90.77252006344497
case_047,4,326508,225654,88.4906212836504,directed_split,225654,83.36155807971954,directed_split,13710,1,1.0,0.048386706363614355,0.6278169099314985,0.37299633052400466,12.03303076513446,7,225654,0,171.85217936336994,2,current,225654,88.4906212836504
case_047,5,326508,222583,87.38552086800337,directed_split,222583,75.33480990864336,directed_split,13710,1,1.0,0.048386706363614355,0.6278169099314985,0.37299633052400466,12.03303076513446,7,222583,0,162.72033077664673,2,current,222583,87.38552086800337
case_048,2,222220,197496,7.267940316349268,grain_0.25,197496,4.5115307085216045,grain_0.25,1728,1,1.0,0.29260851476910277,0.5375121342393565,0.3708938958803653,7.787261745173269,3,197496,0,11.779471024870872,0,current,197496,7.267940316349268
case_048,3,222220,197613,7.561120215803385,grain_0.25,197613,4.3842516131699085,grain_0.25,1728,1,1.0,0.29260851476910277,0.5375121342393565,0.3708938958803653,7.787261745173269,3,197613,0,11.945371828973293,0,current,197613,7.561120215803385
case_048,4,222220,197613,7.053668614476919,grain_0.25,197613,4.496282259002328,grain_0.25,1728,1,1.0,0.29260851476910277,0.5375121342393565,0.3708938958803653,7.787261745173269,3,197613,0,11.549950873479247,0,current,197613,7.053668614476919
case_048,5,222220,197613,7.490908721461892,grain_0.25,197613,5.08379777148366,grain_0.25,1728,1,1.0,0.29260851476910277,0.5375121342393565,0.3708938958803653,7.787261745173269,3,197613,0,12.574706492945552,0,current,197613,7.490908721461892
case_049,2,196276,156968,27.900154093280435,directed_split,156968,19.86666169203818,directed_split,4303,11,0.918429003021148,0.03415665118558536,0.6344882245509784,0.2629570371924671,14.977528821229884,8,156968,0,47.76681578531861,2,current,156968,27.900154093280435
case_049,3,196276,132866,30.327111097052693,grain_0.25,132866,18.73853379674256,grain_0.25,4303,11,0.918429003021148,0.03415665118558536,0.6344882245509784,0.2629570371924671,14.977528821229884,8,132866,0,49.06564489379525,2,current,132866,30.327111097052693
case_049,4,196276,123251,28.95788754336536,grain_0.25,123251,21.32655674032867,grain_0.25,4303,11,0.918429003021148,0.03415665118558536,0.6344882245509784,0.2629570371924671,14.977528821229884,8,123251,0,50.28444428369403,2,current,123251,28.95788754336536
case_049,5,196276,117489,30.452363904565573,directed_split,117489,23.08636245690286,directed_split,4303,11,0.918429003021148,0.03415665118558536,0.6344882245509784,0.2629570371924671,14.977528821229884,8,117489,0,53.538726361468434,2,current,117489,30.452363904565573
case_050,2,149690,108323,30.289683578535914,structural_hybrid_work_1,115543,17.976109620183706,directed_split,4555,23,0.8805708013172339,0.03683804530178715,0.7196661973578453,0.7197181334168493,19.58430027133602,8,108323,0,48.26579319871962,4,current,108323,30.289683578535914
case_050,3,149690,104366,33.073407949879766,grain_0.25,104366,21.520868364721537,grain_0.25,4555,23,0.8805708013172339,0.03683804530178715,0.7196661973578453,0.7197181334168493,19.58430027133602,8,104366,0,54.5942763146013,4,current,104366,33.073407949879766
case_050,4,149690,98003,34.35362425819039,directed_split,98003,23.084925457835197,directed_split,4555,23,0.8805708013172339,0.03683804530178715,0.7196661973578453,0.7197181334168493,19.58430027133602,8,98003,0,57.43854971602559,4,current,98003,34.35362425819039
case_050,5,149690,99382,32.87405588105321,directed_split,99382,21.62371983192861,directed_split,4555,23,0.8805708013172339,0.03683804530178715,0.7196661973578453,0.7197181334168493,19.58430027133602,8,99382,0,54.49777571298182,4,current,99382,32.87405588105321
case_051,2,607628,429872,4.619681194424629,grain_0.25,429872,5.304070297628641,grain_0.25,1416,1,1.0,0.08491796797786123,1.0,1.0,47.28515516900573,12,429872,0,9.92375149205327,0,current,429872,4.619681194424629
case_051,3,607628,352843,5.745700571686029,grain_0.25,352843,5.329703511670232,grain_0.25,1416,1,1.0,0.08491796797786123,1.0,1.0,47.28515516900573,12,352843,0,11.075404083356261,0,current,352843,5.745700571686029
case_051,4,607628,336378,6.050490168854594,directed_split,336378,3.710572563111782,directed_split,1416,1,1.0,0.08491796797786123,1.0,1.0,47.28515516900573,12,336378,0,9.761062731966376,0,current,336378,6.050490168854594
case_051,5,607628,328989,5.3841751832515,directed_split,328989,5.767980836331844,directed_split,1416,1,1.0,0.08491796797786123,1.0,1.0,47.28515516900573,12,328989,0,11.152156019583344,0,current,328989,5.3841751832515
case_052,2,180301,90903,2.022821099963039,structural_component_lpt,90903,5.03882535174489,structural_component_lpt,1008,52,0.11904761904761904,0.01795486054976656,0.6933466586322953,0.35713615556685807,14.82183781347521,6,90903,0,7.061646451707929,4,current,90903,2.022821099963039
case_052,3,180301,60160,2.025095700053498,structural_component_lpt,60160,5.87696791999042,structural_component_lpt,1008,52,0.11904761904761904,0.01795486054976656,0.6933466586322953,0.35713615556685807,14.82183781347521,6,60160,0,7.9020636200439185,4,current,60160,2.025095700053498
case_052,4,180301,45777,2.112916999962181,structural_component_lpt,45777,6.1314318515360355,structural_component_lpt,1008,52,0.11904761904761904,0.01795486054976656,0.6933466586322953,0.35713615556685807,14.82183781347521,6,45777,0,8.244348851498216,4,current,45777,2.112916999962181
case_052,5,180301,37846,2.0084674999816343,structural_component_lpt,37846,3.6616944428533316,structural_component_lpt,1008,52,0.11904761904761904,0.01795486054976656,0.6933466586322953,0.35713615556685807,14.82183781347521,6,37846,0,5.670161942834966,4,current,37846,2.0084674999816343
case_053,2,1472686,774757,85.5078558512032,structural_component_pipe,774757,101.9007626362145,structural_component_pipe,11670,39,0.8443016281062553,0.03655699311794307,0.7789853815706814,0.6550927571992028,10.110372417301623,9,774757,0,187.4086184874177,0,current,774757,85.5078558512032
case_053,3,1472686,509253,103.30022963136435,region_repartition_2_0,509253,103.08016254380345,region_repartition_2_0,11670,39,0.8443016281062553,0.03655699311794307,0.7789853815706814,0.6550927571992028,10.110372417301623,9,509253,0,206.3803921751678,0,current,509253,103.30022963136435
case_053,4,1472686,491606,105.17280067875981,region_repartition_3_0,538539,65.02513054944575,local_reschedule,11670,39,0.8443016281062553,0.03655699311794307,0.7789853815706814,0.6550927571992028,10.110372417301623,9,491606,0,170.19793122820556,0,current,491606,105.17280067875981
case_053,5,1472686,474708,101.16860939189792,directed_split,474708,74.18439332582057,directed_split,11670,39,0.8443016281062553,0.03655699311794307,0.7789853815706814,0.6550927571992028,10.110372417301623,9,474708,0,175.35300271771848,0,current,474708,101.16860939189792
case_054,2,815051,510200,128.226392025128,directed_split,510200,92.24879780970514,directed_split,15751,24,0.97708082026538,0.019993339166489307,0.5657924815349082,0.18141916332443872,12.5271695004769,9,510200,0,220.47518983483315,0,current,510200,128.226392025128
case_054,3,815051,402111,116.01877906359732,directed_split,402111,94.66986870579422,directed_split,15751,24,0.97708082026538,0.019993339166489307,0.5657924815349082,0.18141916332443872,12.5271695004769,9,402111,0,210.68864776939154,0,current,402111,116.01877906359732
case_054,4,815051,362394,132.79138424433768,region_boundary_15600_0,362394,102.10813435167074,region_boundary_15600_0,15751,24,0.97708082026538,0.019993339166489307,0.5657924815349082,0.18141916332443872,12.5271695004769,9,362394,0,234.89951859600842,0,current,362394,132.79138424433768
case_054,5,815051,333071,133.6195802204311,directed_split,333071,100.79290069267154,directed_split,15751,24,0.97708082026538,0.019993339166489307,0.5657924815349082,0.18141916332443872,12.5271695004769,9,333071,0,234.41248091310263,0,current,333071,133.6195802204311
case_055,2,118835,56902,2.1885441999183968,directed_split,56902,6.759991820901632,directed_split,1236,24,0.14805825242718446,0.05320799419160075,0.5277159998471473,0.6882076165269814,22.004723145706752,8,56902,0,8.948536020820029,2,current,56902,2.1885441999183968
case_055,3,118835,38966,2.140688000014052,directed_split,38966,7.006923817098141,directed_split,1236,24,0.14805825242718446,0.05320799419160075,0.5277159998471473,0.6882076165269814,22.004723145706752,8,38966,0,9.147611817112193,2,current,38966,2.140688000014052
case_055,4,118835,32118,2.2271205000579357,structural_component_lpt,32118,6.13454264588654,structural_component_lpt,1236,24,0.14805825242718446,0.05320799419160075,0.5277159998471473,0.6882076165269814,22.004723145706752,8,32118,0,8.361663145944476,2,current,32118,2.2271205000579357
case_055,5,118835,24831,2.2329689000034705,directed_split,24831,6.757200689986348,directed_split,1236,24,0.14805825242718446,0.05320799419160075,0.5277159998471473,0.6882076165269814,22.004723145706752,8,24831,0,8.990169589989819,2,current,24831,2.2329689000034705
case_056,2,277285,231882,57.98519470356405,directed_split,231882,39.824871646240354,directed_split,7678,19,0.9721281583745767,0.0364406622295202,0.6524488751064411,0.5525762213013371,14.427541787255716,9,231882,0,97.8100663498044,4,current,231882,57.98519470356405
case_056,3,277285,199699,55.468595165759325,grain_0.25,199699,40.10290518030524,grain_0.25,7678,19,0.9721281583745767,0.0364406622295202,0.6524488751064411,0.5525762213013371,14.427541787255716,9,199699,0,95.57150034606457,4,current,199699,55.468595165759325
case_056,4,277285,189615,56.15678692422807,grain_0.25,189615,46.78255217894912,grain_0.25,7678,19,0.9721281583745767,0.0364406622295202,0.6524488751064411,0.5525762213013371,14.427541787255716,9,189615,0,102.93933910317719,4,current,189615,56.15678692422807
case_056,5,277285,186638,50.68009775131941,grain_0.25,186638,46.364502400159836,grain_0.25,7678,19,0.9721281583745767,0.0364406622295202,0.6524488751064411,0.5525762213013371,14.427541787255716,9,186638,0,97.04460015147924,4,current,186638,50.68009775131941
case_057,2,59726,30047,1.5133262999588624,region_boundary_1339_0,30047,3.3087512720376253,region_boundary_1339_0,865,21,0.223121387283237,0.13288006880101255,0.7718207928343096,0.9603788608031184,25.811705908124686,6,30047,0,4.822077571996488,4,current,30047,1.5133262999588624
case_057,3,59726,20691,1.5696903000352904,region_repartition_2_0,20691,4.224649924784899,region_repartition_2_0,865,21,0.223121387283237,0.13288006880101255,0.7718207928343096,0.9603788608031184,25.811705908124686,6,20691,0,5.794340224820189,4,current,20691,1.5696903000352904
case_057,4,59726,16471,1.49411600001622,region_repartition_2_0,16471,4.321961609646678,region_repartition_2_0,865,21,0.223121387283237,0.13288006880101255,0.7718207928343096,0.9603788608031184,25.811705908124686,6,16471,0,5.816077609662898,4,current,16471,1.49411600001622
case_057,5,59726,14319,1.66900330001954,region_boundary_1319_0,22616,3.226296404376626,region_boundary_271_0,865,21,0.223121387283237,0.13288006880101255,0.7718207928343096,0.9603788608031184,25.811705908124686,6,14319,0,4.895299704396166,4,current,14319,1.66900330001954
case_058,2,4539717,2268326,190.995732113719,directed_split,2658985,281.2463957853615,random_boundary,16575,255,0.00392156862745098,0.00015977554320472046,0.933588203167668,1.0,15.959227680149066,1,2268326,0,472.2421278990805,4,current,2268326,190.995732113719
case_058,3,4539717,1532367,183.14055340364575,directed_split,1910788,321.6399128418416,local_reschedule,16575,255,0.00392156862745098,0.00015977554320472046,0.933588203167668,1.0,15.959227680149066,1,1532367,0,504.78046624548733,4,current,1532367,183.14055340364575
case_058,4,4539717,1152464,194.76403134875,local_reschedule,1624923,308.9394502937794,region_boundary_5099_0,16575,255,0.00392156862745098,0.00015977554320472046,0.933588203167668,1.0,15.959227680149066,1,1152464,0,503.70348164252937,4,current,1152464,194.76403134875
case_058,5,4539717,1002440,183.0439865346998,directed_split,1524911,311.63344384916127,local_reschedule,16575,255,0.00392156862745098,0.00015977554320472046,0.933588203167668,1.0,15.959227680149066,1,1002440,0,494.67743038386106,4,current,1002440,183.0439865346998
case_059,2,829473,369318,16.699013905599713,structural_component_lpt,369318,15.29641218855977,structural_component_lpt,2752,64,0.015625,0.002524001828710759,0.8783907345321549,1.0,14.707711063700092,1,369318,0,31.995426094159484,2,current,369318,16.699013905599713
case_059,3,829473,254823,19.196732027456164,directed_split,254823,20.35013633593917,directed_split,2752,64,0.015625,0.002524001828710759,0.8783907345321549,1.0,14.707711063700092,1,254823,0,39.54686836339533,2,current,254823,19.196732027456164
case_059,4,829473,185216,17.64218478836119,structural_component_lpt,185216,16.9604705106467,structural_component_lpt,2752,64,0.015625,0.002524001828710759,0.8783907345321549,1.0,14.707711063700092,1,185216,0,34.60265529900789,2,current,185216,17.64218478836119
case_059,5,829473,150782,17.915748355910182,structural_component_lpt,150782,18.89492883719504,structural_component_lpt,2752,64,0.015625,0.002524001828710759,0.8783907345321549,1.0,14.707711063700092,1,150782,0,36.81067719310522,2,current,150782,17.915748355910182
case_060,2,888789,441525,45.33182342350483,structural_component_lpt,441525,51.26753134839237,structural_component_lpt,5281,89,0.03465252793031623,0.004278651721573682,0.7247464456097028,0.9619331328309337,19.12714699865462,10,441525,0,96.5993547718972,1,current,441525,45.33182342350483
case_060,3,888789,295983,43.67905004695058,structural_component_lpt,295983,50.25348993577063,structural_component_lpt,5281,89,0.03465252793031623,0.004278651721573682,0.7247464456097028,0.9619331328309337,19.12714699865462,10,295983,0,93.93253998272121,1,current,295983,43.67905004695058
case_060,4,888789,223107,43.9878565967083,structural_component_lpt,223107,51.74814433977008,structural_component_lpt,5281,89,0.03465252793031623,0.004278651721573682,0.7247464456097028,0.9619331328309337,19.12714699865462,10,223107,0,95.73600093647838,1,current,223107,43.9878565967083
case_060,5,888789,180081,46.071565395221114,structural_component_lpt,180081,51.91728323698044,structural_component_lpt,5281,89,0.03465252793031623,0.004278651721573682,0.7247464456097028,0.9619331328309337,19.12714699865462,10,180081,0,97.98884863220155,1,current,180081,46.071565395221114
case_061,2,77191,39298,2.1691745000425726,structural_component_pipe,39298,4.5082881059497595,structural_component_pipe,1115,40,0.14977578475336323,0.11618936058488508,0.7215736963283111,0.3868310185355381,16.780526719715635,6,39298,0,6.677462605992332,4,current,39298,2.1691745000425726
case_061,3,77191,28342,2.2031986999791116,structural_component_pipe,28342,6.377760462462902,structural_component_pipe,1115,40,0.14977578475336323,0.11618936058488508,0.7215736963283111,0.3868310185355381,16.780526719715635,6,28342,0,8.580959162442014,4,current,28342,2.2031986999791116
case_061,4,77191,24024,2.11548560007941,structural_component_lpt,24024,5.328355556353927,structural_component_lpt,1115,40,0.14977578475336323,0.11618936058488508,0.7215736963283111,0.3868310185355381,16.780526719715635,6,24024,0,7.443841156433336,4,current,24024,2.11548560007941
case_061,5,77191,21941,2.3113957000896335,region_boundary_2393_0,27573,4.130979243665934,directed_split,1115,40,0.14977578475336323,0.11618936058488508,0.7215736963283111,0.3868310185355381,16.780526719715635,6,21941,0,6.442374943755567,4,current,21941,2.3113957000896335
case_062,2,2854809,1463796,104.97347440384328,local_reschedule,1463796,83.49547012522817,local_reschedule,19636,1,1.0,0.0010361703145175432,0.8695860101066458,0.75,14.466850520476319,1,1463796,0,188.46894452907145,3,current,1463796,104.97347440384328
case_062,3,2854809,982412,103.30106843262911,region_boundary_1250_0,982412,92.87914712354541,region_boundary_1250_0,19636,1,1.0,0.0010361703145175432,0.8695860101066458,0.75,14.466850520476319,1,982412,0,196.18021555617452,3,current,982412,103.30106843262911
case_062,4,2854809,744188,100.27317383699119,local_reschedule,744188,92.29568460397422,local_reschedule,19636,1,1.0,0.0010361703145175432,0.8695860101066458,0.75,14.466850520476319,1,744188,0,192.5688584409654,3,current,744188,100.27317383699119
case_062,5,2854809,605685,89.32005308009684,region_boundary_1250_0,605685,91.3784513566643,region_boundary_1250_0,19636,1,1.0,0.0010361703145175432,0.8695860101066458,0.75,14.466850520476319,1,605685,0,180.69850443676114,3,current,605685,89.32005308009684
case_063,2,1070397,552512,35.33341035991907,greedy,552512,30.63951462879777,greedy,7360,1,1.0,0.0027002891648239494,0.8696206837897602,0.75,14.462323524408912,1,552512,0,65.97292498871684,4,current,552512,35.33341035991907
case_063,3,1070397,371366,34.73365565389395,greedy,371366,27.389530083164573,greedy,7360,1,1.0,0.0027002891648239494,0.8696206837897602,0.75,14.462323524408912,1,371366,0,62.12318573705852,4,current,371366,34.73365565389395
case_063,4,1070397,283231,35.5880524571985,directed_split,283231,31.02710304223001,directed_split,7360,1,1.0,0.0027002891648239494,0.8696206837897602,0.75,14.462323524408912,1,283231,0,66.61515549942851,4,current,283231,35.5880524571985
case_063,5,1070397,229053,34.52577132731676,local_reschedule,229053,30.871381882578135,local_reschedule,7360,1,1.0,0.0027002891648239494,0.8696206837897602,0.75,14.462323524408912,1,229053,0,65.3971532098949,4,current,229053,34.52577132731676
case_064,2,19116,19089,1.2540491999825463,random_split,19089,2.628103407099843,random_split,906,1,1.0,0.15304528891202498,0.6829776158250911,0.39632811184099714,12.506246746486205,4,19089,0,3.8821526070823893,1,current,19089,1.2540491999825463
case_064,3,19116,19089,1.1705932000186294,random_split,19089,1.9395068883895874,random_split,906,1,1.0,0.15304528891202498,0.6829776158250911,0.39632811184099714,12.506246746486205,4,19089,0,3.110100088408217,1,current,19089,1.1705932000186294
case_064,4,19116,19076,1.229277400067076,directed_split,19076,2.2859187722206116,directed_split,906,1,1.0,0.15304528891202498,0.6829776158250911,0.39632811184099714,12.506246746486205,4,19076,0,3.5151961722876877,1,current,19076,1.229277400067076
case_064,5,19116,19083,1.1409741999814287,multilevel,19083,2.3645729515701532,multilevel,906,1,1.0,0.15304528891202498,0.6829776158250911,0.39632811184099714,12.506246746486205,4,19083,0,3.505547151551582,1,current,19083,1.1409741999814287
case_065,2,53068,26410,1.1236028999555856,directed_split,26410,3.354193380102515,directed_split,704,42,0.08664772727272728,0.021894146560974766,0.5108864965903978,0.44637661817696517,20.41569455502094,5,26410,0,4.477796280058101,2,current,26410,1.1236028999555856
case_065,3,53068,17964,1.163730000029318,structural_component_lpt,17964,3.5058201514184475,structural_component_lpt,704,42,0.08664772727272728,0.021894146560974766,0.5108864965903978,0.44637661817696517,20.41569455502094,5,17964,0,4.6695501514477655,2,current,17964,1.163730000029318
case_065,4,53068,13800,1.2603858000366017,structural_component_lpt,13800,3.6794059816747904,structural_component_lpt,704,42,0.08664772727272728,0.021894146560974766,0.5108864965903978,0.44637661817696517,20.41569455502094,5,13800,0,4.939791781711392,2,current,13800,1.2603858000366017
case_065,5,53068,10949,1.227469899924472,directed_split,10949,3.4248014204204082,directed_split,704,42,0.08664772727272728,0.021894146560974766,0.5108864965903978,0.44637661817696517,20.41569455502094,5,10949,0,4.65227132034488,2,current,10949,1.227469899924472
case_066,2,359070,242005,46.129369378089905,local_reschedule,242005,30.473591586574912,local_reschedule,5962,28,0.6164038913116404,0.07320999961396712,0.6124161797732397,0.7644667204093792,12.302536235997794,9,242005,0,76.60296096466482,1,current,242005,46.129369378089905
case_066,3,359070,176353,41.16152846440673,directed_split,176353,27.56209204904735,directed_split,5962,28,0.6164038913116404,0.07320999961396712,0.6124161797732397,0.7644667204093792,12.302536235997794,9,176353,0,68.72362051345408,1,current,176353,41.16152846440673
case_066,4,359070,162001,41.6738965138793,grain_0.25,162001,30.72269800119102,grain_0.25,5962,28,0.6164038913116404,0.07320999961396712,0.6124161797732397,0.7644667204093792,12.302536235997794,9,162001,0,72.39659451507032,1,current,162001,41.6738965138793
case_066,5,359070,140194,41.888664254918694,grain_0.25,140194,29.002762474119663,grain_0.25,5962,28,0.6164038913116404,0.07320999961396712,0.6124161797732397,0.7644667204093792,12.302536235997794,9,140194,0,70.89142672903836,1,current,140194,41.888664254918694
case_067,2,63834834,32203165,73.88835776410997,local_reschedule,32203165,40.21580225229263,local_reschedule,8804,71,0.014084507042253521,0.014084507042253521,0.9614757137560253,0.7618635851479182,0.9980729762333735,2,32203165,0,114.1041600164026,3,current,32203165,73.88835776410997
case_067,3,63834834,21585693,72.72874363139272,grain_0.25,21585693,48.114103792235255,grain_0.25,8804,71,0.014084507042253521,0.014084507042253521,0.9614757137560253,0.7618635851479182,0.9980729762333735,2,21585693,0,120.84284742362797,3,current,21585693,72.72874363139272
case_067,4,63834834,16358776,76.50464714877307,directed_split,16358776,49.46107230708003,directed_split,8804,71,0.014084507042253521,0.014084507042253521,0.9614757137560253,0.7618635851479182,0.9980729762333735,2,16358776,0,125.9657194558531,3,current,16358776,76.50464714877307
case_067,5,63834834,13455316,76.66601826436818,local_reschedule,13455316,50.67834637872875,local_reschedule,8804,71,0.014084507042253521,0.014084507042253521,0.9614757137560253,0.7618635851479182,0.9980729762333735,2,13455316,0,127.34436464309692,3,current,13455316,76.66601826436818
case_068,2,362095,243395,37.05104052089155,grain_0.5,243395,23.875700967386365,grain_0.5,5351,32,0.7804148757241637,0.11966161214669747,0.6168966089396405,0.3969796793692203,17.744713308915124,9,243395,0,60.92674148827791,4,current,243395,37.05104052089155
case_068,3,362095,224168,33.176543828099966,local_reschedule,224168,23.303002825006843,local_reschedule,5351,32,0.7804148757241637,0.11966161214669747,0.6168966089396405,0.3969796793692203,17.744713308915124,9,224168,0,56.47954665310681,4,current,224168,33.176543828099966
case_068,4,362095,225518,36.61579751223326,directed_split,225518,26.043951673433185,directed_split,5351,32,0.7804148757241637,0.11966161214669747,0.6168966089396405,0.3969796793692203,17.744713308915124,9,225518,0,62.65974918566644,4,current,225518,36.61579751223326
case_068,5,362095,226325,35.58862015046179,directed_split,226325,22.979230558499694,directed_split,5351,32,0.7804148757241637,0.11966161214669747,0.6168966089396405,0.3969796793692203,17.744713308915124,9,226325,0,58.56785070896149,4,current,226325,35.58862015046179
case_069,2,25144,21862,1.506148700020276,directed_split,21862,3.7311807554215193,directed_split,1032,1,1.0,0.07189787873099306,0.5216819973718791,0.7569748430989927,26.616794943995995,6,21862,0,5.237329455441795,0,current,21862,1.506148700020276
case_069,3,25144,21862,1.4588724999921396,directed_split,21862,3.689725810661912,directed_split,1032,1,1.0,0.07189787873099306,0.5216819973718791,0.7569748430989927,26.616794943995995,6,21862,0,5.148598310654052,0,current,21862,1.4588724999921396
case_069,4,25144,21862,1.5926602999679744,directed_split,21862,3.455074816942215,directed_split,1032,1,1.0,0.07189787873099306,0.5216819973718791,0.7569748430989927,26.616794943995995,6,21862,0,5.047735116910189,0,current,21862,1.5926602999679744
case_069,5,25144,24830,1.4063739000121132,directed_split,24830,2.7816421296447515,directed_split,1032,1,1.0,0.07189787873099306,0.5216819973718791,0.7569748430989927,26.616794943995995,6,24830,0,4.188016029656865,0,current,24830,1.4063739000121132
case_070,2,117300,58498,2.137890400015749,structural_component_pipe,58498,4.858609851449728,structural_component_pipe,1191,38,0.23929471032745592,0.029155818937617768,0.6604433065316514,0.5768188292232136,15.162133394703911,14,58498,0,6.996500251465477,4,current,58498,2.137890400015749
case_070,3,117300,39333,2.2083732000319287,structural_component_lpt,39333,5.680318085476756,structural_component_lpt,1191,38,0.23929471032745592,0.029155818937617768,0.6604433065316514,0.5768188292232136,15.162133394703911,14,39333,0,7.888691285508685,4,current,39333,2.2083732000319287
case_070,4,117300,30080,2.01618779997807,structural_component_lpt,30080,5.601515967398882,structural_component_lpt,1191,38,0.23929471032745592,0.029155818937617768,0.6604433065316514,0.5768188292232136,15.162133394703911,14,30080,0,7.617703767376952,4,current,30080,2.01618779997807
case_070,5,117300,25374,2.1877113999798894,structural_component_lpt,25374,4.663327291607857,structural_component_lpt,1191,38,0.23929471032745592,0.029155818937617768,0.6604433065316514,0.5768188292232136,15.162133394703911,14,25374,0,6.851038691587746,4,current,25374,2.1877113999798894
case_071,2,18919,18901,1.0135789999039844,multilevel,18901,2.222032720223069,multilevel,741,1,1.0,0.09783719346049047,0.5336341961852861,0.7519513376756204,27.587448910081743,6,18901,0,3.2356117201270536,1,current,18901,1.0135789999039844
case_071,3,18919,18757,0.9608735999790952,directed_split,18757,2.2478637024760246,directed_split,741,1,1.0,0.09783719346049047,0.5336341961852861,0.7519513376756204,27.587448910081743,6,18757,0,3.20873730245512,1,current,18757,0.9608735999790952
case_071,4,18919,18449,1.0858320000115782,region_boundary_739_0,18449,2.415765827521682,region_boundary_739_0,741,1,1.0,0.09783719346049047,0.5336341961852861,0.7519513376756204,27.587448910081743,6,18449,0,3.50159782753326,1,current,18449,1.0858320000115782
case_071,5,18919,18757,1.0110095998970792,directed_split,18757,2.0675584748387337,directed_split,741,1,1.0,0.09783719346049047,0.5336341961852861,0.7519513376756204,27.587448910081743,6,18757,0,3.078568074735813,1,current,18757,1.0110095998970792
case_072,2,23897828,11841342,279.8570448756218,local_reschedule,12769723,276.8406271971762,multilevel,29666,476,0.2069709431672622,0.001297597816359791,0.9306633104258015,0.996053729710414,7.770465792073507,9,11841342,0,556.697672072798,3,current,11841342,279.8570448756218
case_072,3,23897828,7929522,305.4602858759463,directed_split,8956496,289.3506772071123,local_reschedule,29666,476,0.2069709431672622,0.001297597816359791,0.9306633104258015,0.996053729710414,7.770465792073507,9,7929522,0,594.8109630830586,3,current,7929522,305.4602858759463
case_072,4,23897828,5990048,353.9033976867795,directed_split,7126265,293.9505778271705,region_boundary_22433_0,29666,476,0.2069709431672622,0.001297597816359791,0.9306633104258015,0.996053729710414,7.770465792073507,9,5990048,0,647.85397551395,3,current,5990048,353.9033976867795
case_072,5,23897828,4830220,363.85866411589086,directed_split,6027316,284.07901611737907,directed_split,29666,476,0.2069709431672622,0.001297597816359791,0.9306633104258015,0.996053729710414,7.770465792073507,9,4830220,0,647.9376802332699,3,current,4830220,363.85866411589086
case_073,2,10081626,5168597,38.46436536312103,directed_split,5168597,22.85014803148806,directed_split,4836,39,0.02564102564102564,0.02564102564102564,0.9501598372566115,0.95884312238235,1.3516494161655452,2,5168597,0,61.314513394609094,2,current,5168597,38.46436536312103
case_073,3,10081626,3836078,32.807995507493615,directed_split,3836078,19.822457663714886,directed_split,4836,39,0.02564102564102564,0.02564102564102564,0.9501598372566115,0.95884312238235,1.3516494161655452,2,3836078,0,52.6304531712085,2,current,3836078,32.807995507493615
case_073,4,10081626,3249411,36.494518265128136,grain_1.0,3249411,23.143988464027643,grain_1.0,4836,39,0.02564102564102564,0.02564102564102564,0.9501598372566115,0.95884312238235,1.3516494161655452,2,3249411,0,59.63850672915578,2,current,3249411,36.494518265128136
case_073,5,10081626,3017992,36.15908221527934,local_reschedule,3017992,20.474597200751305,local_reschedule,4836,39,0.02564102564102564,0.02564102564102564,0.9501598372566115,0.95884312238235,1.3516494161655452,2,3017992,0,56.633679416030645,2,current,3017992,36.15908221527934
case_074,2,1682239,831774,29.453089168295264,directed_split,831774,26.63604380004108,directed_split,3609,73,0.07453588251593239,0.0017386227363030728,0.8883929073642007,0.7201721365823072,10.564408350788932,11,831774,0,56.089132968336344,3,current,831774,29.453089168295264
case_074,3,1682239,551928,29.266624752432108,directed_split,551928,29.755103381350636,directed_split,3609,73,0.07453588251593239,0.0017386227363030728,0.8883929073642007,0.7201721365823072,10.564408350788932,11,551928,0,59.021728133782744,3,current,551928,29.266624752432108
case_074,4,1682239,414717,31.152007581666112,region_repartition_2_0,414717,32.978672076016665,region_repartition_2_0,3609,73,0.07453588251593239,0.0017386227363030728,0.8883929073642007,0.7201721365823072,10.564408350788932,11,414717,0,64.13067965768278,3,current,414717,31.152007581666112
case_074,5,1682239,335011,30.267651561647654,directed_split,335011,30.338513363152742,directed_split,3609,73,0.07453588251593239,0.0017386227363030728,0.8883929073642007,0.7201721365823072,10.564408350788932,11,335011,0,60.606164924800396,3,current,335011,30.267651561647654
case_075,2,1441809,1008737,43.13807191699743,grain_0.25,1008737,41.05105412006378,grain_0.25,7410,1,1.0,0.1040418221872182,0.6320811788743166,0.3697706648378762,6.309638279172231,6,1008737,0,84.18912603706121,0,current,1008737,43.13807191699743
case_075,3,1441809,778382,45.15499088540673,directed_split,778382,42.10543759353459,directed_split,7410,1,1.0,0.1040418221872182,0.6320811788743166,0.3697706648378762,6.309638279172231,6,778382,0,87.26042847894132,0,current,778382,45.15499088540673
case_075,4,1441809,698816,44.924774730578065,directed_split,698816,39.76897817105055,directed_split,7410,1,1.0,0.1040418221872182,0.6320811788743166,0.3697706648378762,6.309638279172231,6,698816,0,84.69375290162861,0,current,698816,44.924774730578065
case_075,5,1441809,709725,46.987561823800206,grain_0.25,709725,42.722925525158644,grain_0.25,7410,1,1.0,0.1040418221872182,0.6320811788743166,0.3697706648378762,6.309638279172231,6,709725,0,89.71048734895885,0,current,709725,46.987561823800206
case_076,2,6185113,3065214,279.035392254591,structural_component_lpt,3065214,331.126610012725,structural_component_lpt,32528,809,0.003750614854894245,0.00039578295684967037,0.8648505355768072,0.9597025665627249,13.65842675275921,2,3065214,0,610.162002267316,0,current,3065214,279.035392254591
case_076,3,6185113,2050028,276.3525307700038,structural_component_lpt,2050028,350.7394724264741,structural_component_lpt,32528,809,0.003750614854894245,0.00039578295684967037,0.8648505355768072,0.9597025665627249,13.65842675275921,2,2050028,0,627.0920031964779,0,current,2050028,276.3525307700038
case_076,4,6185113,1540201,289.6079237163067,structural_component_lpt,1540201,332.82027788832784,structural_component_lpt,32528,809,0.003750614854894245,0.00039578295684967037,0.8648505355768072,0.9597025665627249,13.65842675275921,2,1540201,0,622.4282016046345,0,current,1540201,289.6079237163067
case_076,5,6185113,1236760,304.54562766104937,directed_split,1236760,348.11487849615514,directed_split,32528,809,0.003750614854894245,0.00039578295684967037,0.8648505355768072,0.9597025665627249,13.65842675275921,2,1236760,0,652.6605061572045,0,current,1236760,304.54562766104937
case_077,2,495320,248734,30.426640367135406,structural_component_lpt,248734,30.743923844769597,structural_component_lpt,4486,41,0.4672313865358894,0.028291292172482874,0.7524407782958206,0.20100875185638362,14.540394654378549,9,248734,0,61.170564211905,4,current,248734,30.426640367135406
case_077,3,495320,168976,30.942241359502077,structural_component_lpt,168976,30.885335689410567,structural_component_lpt,4486,41,0.4672313865358894,0.028291292172482874,0.7524407782958206,0.20100875185638362,14.540394654378549,9,168976,0,61.827577048912644,4,current,168976,30.942241359502077
case_077,4,495320,127832,28.890890756621957,structural_component_lpt,127832,30.456338673830032,structural_component_lpt,4486,41,0.4672313865358894,0.028291292172482874,0.7524407782958206,0.20100875185638362,14.540394654378549,9,127832,0,59.34722943045199,4,current,127832,28.890890756621957
case_077,5,495320,115141,31.855678901076317,directed_split,115141,27.146996643394232,directed_split,4486,41,0.4672313865358894,0.028291292172482874,0.7524407782958206,0.20100875185638362,14.540394654378549,9,115141,0,59.00267554447055,4,current,115141,31.855678901076317
case_078,2,2296143,1179848,2.03326349996496,local_reschedule,1179848,3.6856334675103426,local_reschedule,1024,8,0.125,0.11527080344332855,0.9517575322812052,0.9562467954195863,3.356348637015782,2,1179848,0,5.7188969674753025,4,current,1179848,2.03326349996496
case_078,3,2296143,840459,2.0231179000111297,random_boundary,840459,3.7251386269927025,random_boundary,1024,8,0.125,0.11527080344332855,0.9517575322812052,0.9562467954195863,3.356348637015782,2,840459,0,5.748256527003832,4,current,840459,2.0231179000111297
case_078,4,2296143,621588,1.9583045999752358,region_repartition_2_0,733614,3.9496504813432693,random_boundary,1024,8,0.125,0.11527080344332855,0.9517575322812052,0.9562467954195863,3.356348637015782,2,621588,0,5.907955081318505,4,current,621588,1.9583045999752358
case_078,5,2296143,635493,2.0469953999854624,directed_split,689105,3.9453702326864004,grain_0.25,1024,8,0.125,0.11527080344332855,0.9517575322812052,0.9562467954195863,3.356348637015782,2,635493,0,5.992365632671863,4,current,635493,2.0469953999854624
case_079,2,31052251,14956594,212.29545450396836,greedy,14956594,143.22960446029902,greedy,18720,288,0.003472222222222222,0.00017936078131870674,0.8866902728598208,1.0,7.1070378856256795,1,14956594,0,355.5250589642674,4,current,14956594,212.29545450396836
case_079,3,31052251,10106197,197.46167740412056,structural_memory_batches,10110322,149.27204957418144,region_boundary_1139_0,18720,288,0.003472222222222222,0.00017936078131870674,0.8866902728598208,1.0,7.1070378856256795,1,10106197,0,346.733726978302,4,current,10106197,197.46167740412056
case_079,4,31052251,7609995,200.1762691102922,directed_split,7654780,144.83730993047357,grain_1.0,18720,288,0.003472222222222222,0.00017936078131870674,0.8866902728598208,1.0,7.1070378856256795,1,7609995,0,345.01357904076576,4,current,7609995,200.1762691102922
case_079,5,31052251,6022007,218.3692396506667,directed_split,6193893,150.87484379671514,grain_1.0,18720,288,0.003472222222222222,0.00017936078131870674,0.8866902728598208,1.0,7.1070378856256795,1,6022007,0,369.24408344738185,4,current,6022007,218.3692396506667
case_080,2,292138,145757,2.756951899966225,directed_split,171205,5.657111316919327,region_boundary_284_0,1098,18,0.05555555555555555,0.002409840937576721,0.9337132224677288,1.0,20.680854362910416,1,145757,0,8.414063216885552,3,current,145757,2.756951899966225
case_080,3,292138,100325,2.7382760000182316,structural_memory_lpt,139696,5.59346491843462,region_boundary_784_0,1098,18,0.05555555555555555,0.002409840937576721,0.9337132224677288,1.0,20.680854362910416,1,100325,0,8.331740918452851,3,current,100325,2.7382760000182316
case_080,4,292138,111314,2.94687480002176,structural_memory_lpt,127654,6.175763517618179,grain_1.0,1098,18,0.05555555555555555,0.002409840937576721,0.9337132224677288,1.0,20.680854362910416,1,111314,0,9.12263831763994,3,current,111314,2.94687480002176
case_080,5,292138,113455,3.241101299994625,structural_memory_lpt,119713,6.203993279486895,grain_1.0,1098,18,0.05555555555555555,0.002409840937576721,0.9337132224677288,1.0,20.680854362910416,1,113455,0,9.44509457948152,3,current,113455,3.241101299994625
case_081,2,151795,76860,20.009726367890835,structural_component_lpt,76860,15.508241644129157,structural_component_lpt,3485,85,0.011764705882352941,0.002682484758609326,1.0,0.9998372925479987,29.856582633053222,5,76860,0,35.51796801201999,3,current,76860,20.009726367890835
case_081,3,151795,51943,19.448277017101645,structural_component_lpt,51943,18.377119686454535,structural_component_lpt,3485,85,0.011764705882352941,0.002682484758609326,1.0,0.9998372925479987,29.856582633053222,5,51943,0,37.82539670355618,3,current,51943,19.448277017101645
case_081,4,151795,39588,18.979008795693517,structural_component_lpt,39588,18.651162445545197,structural_component_lpt,3485,85,0.011764705882352941,0.002682484758609326,1.0,0.9998372925479987,29.856582633053222,5,39588,0,37.63017124123871,3,current,39588,18.979008795693517
case_081,5,151795,30943,18.859693311154842,structural_component_lpt,30943,17.226037804037333,structural_component_lpt,3485,85,0.011764705882352941,0.002682484758609326,1.0,0.9998372925479987,29.856582633053222,5,30943,0,36.085731115192175,3,current,30943,18.859693311154842
case_082,2,721041,497483,21.4099442306906,directed_split,497483,21.755069451406598,directed_split,4113,1,1.0,0.05895212040073213,0.6121965889908613,0.3925488077456807,6.02573455700214,7,497483,0,43.1650136820972,0,current,497483,21.4099442306906
case_082,3,721041,378014,22.64354177005589,directed_split,378014,18.976345047354698,directed_split,4113,1,1.0,0.05895212040073213,0.6121965889908613,0.3925488077456807,6.02573455700214,7,378014,0,41.61988681741059,0,current,378014,22.64354177005589
case_082,4,721041,328283,22.906507432460785,directed_split,328283,15.207915335893631,directed_split,4113,1,1.0,0.05895212040073213,0.6121965889908613,0.3925488077456807,6.02573455700214,7,328283,0,38.114422768354416,0,current,328283,22.906507432460785
case_082,5,721041,312290,22.52443098463118,local_reschedule,312290,20.134058829396963,local_reschedule,4113,1,1.0,0.05895212040073213,0.6121965889908613,0.3925488077456807,6.02573455700214,7,312290,0,42.658489814028144,0,current,312290,22.52443098463118
case_083,2,1057993,543456,25.183300744742155,region_repartition_3_0,543456,16.346733594313264,region_repartition_3_0,3844,31,0.03225806451612903,0.03225806451612903,0.9191734607815575,0.7855772608143525,15.268938122919822,2,543456,0,41.53003433905542,0,current,543456,25.183300744742155
case_083,3,1057993,436908,24.784992896020412,region_repartition_2_0,436908,13.342671699821949,region_repartition_2_0,3844,31,0.03225806451612903,0.03225806451612903,0.9191734607815575,0.7855772608143525,15.268938122919822,2,436908,0,38.12766459584236,0,current,436908,24.784992896020412
case_083,4,1057993,417384,25.635069552809,directed_split,417384,15.647495873272419,directed_split,3844,31,0.03225806451612903,0.03225806451612903,0.9191734607815575,0.7855772608143525,15.268938122919822,2,417384,0,41.28256542608142,0,current,417384,25.635069552809
case_083,5,1057993,391729,26.186233619228005,region_repartition_2_0,391729,14.013488784432411,region_repartition_2_0,3844,31,0.03225806451612903,0.03225806451612903,0.9191734607815575,0.7855772608143525,15.268938122919822,2,391729,0,40.19972240366042,0,current,391729,26.186233619228005
case_084,2,2507412,1254320,76.92538088560104,directed_split,1254320,70.44044405221939,directed_split,8616,1077,0.0009285051067780873,0.0009285051067780873,0.5051546391752577,0.0,15.258591065292096,2,1254320,0,147.36582493782043,3,current,1254320,76.92538088560104
case_084,3,2507412,836116,75.19333186373115,directed_split,836116,69.28249398060143,directed_split,8616,1077,0.0009285051067780873,0.0009285051067780873,0.5051546391752577,0.0,15.258591065292096,2,836116,0,144.47582584433258,3,current,836116,75.19333186373115
case_084,4,2507412,629028,69.95107381232083,structural_component_lpt,629028,68.29853094741702,structural_component_lpt,8616,1077,0.0009285051067780873,0.0009285051067780873,0.5051546391752577,0.0,15.258591065292096,2,629028,0,138.24960475973785,3,current,629028,69.95107381232083
case_084,5,2507412,503472,66.91457380354404,structural_component_lpt,503472,64.46974426135421,structural_component_lpt,8616,1077,0.0009285051067780873,0.0009285051067780873,0.5051546391752577,0.0,15.258591065292096,2,503472,0,131.38431806489825,3,current,503472,66.91457380354404
case_085,2,3187899,2334501,140.80371460318565,grain_0.25,2334501,114.51072887517512,grain_0.25,19737,1,1.0,0.03859370869680148,0.5979633196128041,0.37667382070144967,5.8999986479940665,9,2334501,0,255.31444347836077,4,current,2334501,140.80371460318565
case_085,3,3187899,1626396,132.67197467572987,grain_0.25,1626396,126.55828055180609,grain_0.25,19737,1,1.0,0.03859370869680148,0.5979633196128041,0.37667382070144967,5.8999986479940665,9,1626396,0,259.23025522753596,4,current,1626396,132.67197467572987
case_085,4,3187899,1324330,145.61024894937873,grain_0.25,1324330,135.18273543566465,grain_0.25,19737,1,1.0,0.03859370869680148,0.5979633196128041,0.37667382070144967,5.8999986479940665,9,1324330,0,280.7929843850434,4,current,1324330,145.61024894937873
case_085,5,3187899,1169044,141.87460941262543,grain_0.25,1169044,137.34013065695763,grain_0.25,19737,1,1.0,0.03859370869680148,0.5979633196128041,0.37667382070144967,5.8999986479940665,9,1169044,0,279.21474006958306,4,current,1169044,141.87460941262543
case_086,2,118403,102016,24.721857571974397,directed_split,102016,22.99091841094196,directed_split,5274,1,1.0,0.043843247987179,0.5035677490746747,0.7417088619420414,25.399664211851796,8,102016,0,47.712775982916355,2,current,102016,24.721857571974397
case_086,3,118403,97297,25.360366286709905,grain_1.0,97297,25.587742133066058,grain_1.0,5274,1,1.0,0.043843247987179,0.5035677490746747,0.7417088619420414,25.399664211851796,8,97297,0,50.94810841977596,2,current,97297,25.360366286709905
case_086,4,118403,98592,26.782029585912824,directed_split,98592,23.281025353819132,directed_split,5274,1,1.0,0.043843247987179,0.5035677490746747,0.7417088619420414,25.399664211851796,8,98592,0,50.063054939731956,2,current,98592,26.782029585912824
case_086,5,118403,99507,28.310688039287925,directed_split,99507,25.18201550282538,directed_split,5274,1,1.0,0.043843247987179,0.5035677490746747,0.7417088619420414,25.399664211851796,8,99507,0,53.492703542113304,2,current,99507,28.310688039287925
case_087,2,3974071,1987606,247.3514994326979,structural_component_pipe,1987606,320.57706586271524,structural_component_pipe,27556,196,0.4606256350704021,0.01833374142997062,0.8027767252657693,0.7103788612468582,10.83677043044961,9,1987606,0,567.9285652954131,0,current,1987606,247.3514994326979
case_087,3,3974071,1374901,248.6164991557598,structural_component_lpt,1374901,329.21300619095564,structural_component_lpt,27556,196,0.4606256350704021,0.01833374142997062,0.8027767252657693,0.7103788612468582,10.83677043044961,9,1374901,0,577.8295053467155,0,current,1374901,248.6164991557598
case_087,4,3974071,1046846,241.28333469107747,structural_component_lpt,1046846,316.1359972525388,structural_component_lpt,27556,196,0.4606256350704021,0.01833374142997062,0.8027767252657693,0.7103788612468582,10.83677043044961,9,1046846,0,557.4193319436163,0,current,1046846,241.28333469107747
case_087,5,3974071,833349,255.24044565670192,structural_component_lpt,833349,330.82647860236466,structural_component_lpt,27556,196,0.4606256350704021,0.01833374142997062,0.8027767252657693,0.7103788612468582,10.83677043044961,9,833349,0,586.0669242590666,0,current,833349,255.24044565670192
case_088,2,243623,163881,22.328686209395528,region_boundary_4720_0,163881,14.058466520160437,region_boundary_4720_0,3309,31,0.8455726805681475,0.11790292370277151,0.6351078462934239,0.4006044607674356,17.913796130995934,9,163881,0,36.387152729555964,1,current,163881,22.328686209395528
case_088,3,243623,153688,20.426760064437985,grain_0.5,153688,11.656935829669237,grain_0.5,3309,31,0.8455726805681475,0.11790292370277151,0.6351078462934239,0.4006044607674356,17.913796130995934,9,153688,0,32.08369589410722,1,current,153688,20.426760064437985
case_088,4,243623,153194,20.209313191473484,region_placement_0,153194,15.32225656695664,region_placement_0,3309,31,0.8455726805681475,0.11790292370277151,0.6351078462934239,0.4006044607674356,17.913796130995934,9,153194,0,35.53156975843012,1,current,153194,20.209313191473484
case_088,5,243623,151301,20.264280365779996,local_reschedule,151301,15.61496802046895,local_reschedule,3309,31,0.8455726805681475,0.11790292370277151,0.6351078462934239,0.4006044607674356,17.913796130995934,9,151301,0,35.879248386248946,1,current,151301,20.264280365779996
case_089,2,693092,346832,25.711657159030437,structural_component_lpt,346832,26.079566206783056,structural_component_lpt,5120,40,0.025,0.023282967032967034,0.842948717948718,0.5930047694753577,12.356227106227106,2,346832,0,51.791223365813494,3,current,346832,25.711657159030437
case_089,3,693092,243614,25.462934624403715,structural_component_lpt,243614,17.874435484409332,structural_component_lpt,5120,40,0.025,0.023282967032967034,0.842948717948718,0.5930047694753577,12.356227106227106,2,243614,0,43.33737010881305,3,current,243614,25.462934624403715
case_089,4,693092,178160,25.497980792075396,structural_component_lpt,178160,27.04221847653389,structural_component_lpt,5120,40,0.025,0.023282967032967034,0.842948717948718,0.5930047694753577,12.356227106227106,2,178160,0,52.540199268609285,3,current,178160,25.497980792075396
case_089,5,693092,147432,25.02821479178965,structural_component_lpt,147432,24.827166130766273,structural_component_lpt,5120,40,0.025,0.023282967032967034,0.842948717948718,0.5930047694753577,12.356227106227106,2,147432,0,49.85538092255592,3,current,147432,25.02821479178965
case_090,2,1178363,625263,9.888113280758262,region_repartition_3_0,625263,6.368767781183124,region_repartition_3_0,1664,13,0.07692307692307693,0.07105515843379921,0.934119278779473,0.981751184418319,4.6623279632988375,2,625263,0,16.256881061941385,2,current,625263,9.888113280758262
case_090,3,1178363,550183,9.079612009227276,region_boundary_1435_0,550183,6.60668621212244,region_boundary_1435_0,1664,13,0.07692307692307693,0.07105515843379921,0.934119278779473,0.981751184418319,4.6623279632988375,2,550183,0,15.686298221349716,2,current,550183,9.079612009227276
case_090,4,1178363,527825,8.715650303289294,region_placement_0,527825,5.766219194978476,region_placement_0,1664,13,0.07692307692307693,0.07105515843379921,0.934119278779473,0.981751184418319,4.6623279632988375,2,527825,0,14.48186949826777,2,current,527825,8.715650303289294
case_090,5,1178363,509204,9.537286520004272,directed_split,509204,6.327515726909041,directed_split,1664,13,0.07692307692307693,0.07105515843379921,0.934119278779473,0.981751184418319,4.6623279632988375,2,509204,0,15.864802246913314,2,current,509204,9.537286520004272
case_091,2,9186769,4571759,288.93964010477066,structural_component_lpt,4571759,862.6602316237986,structural_component_lpt,31554,513,0.004658680357482411,0.005741107447037094,0.9060119619855403,0.9924794359576968,9.90057086250778,4,4571759,0,1151.5998717285693,2,current,4571759,288.93964010477066
case_091,3,9186769,3070918,282.5541688799858,directed_split,3070918,864.2981308680028,directed_split,31554,513,0.004658680357482411,0.005741107447037094,0.9060119619855403,0.9924794359576968,9.90057086250778,4,3070918,0,1146.8522997479886,2,current,3070918,282.5541688799858
case_091,4,9186769,2315897,286.6601854376495,structural_component_lpt,2315897,855.9367509260774,structural_component_lpt,31554,513,0.004658680357482411,0.005741107447037094,0.9060119619855403,0.9924794359576968,9.90057086250778,4,2315897,0,1142.5969363637269,2,current,2315897,286.6601854376495
case_091,5,9186769,1880163,288.8641585242003,structural_component_round_robin,1880163,846.1307574715465,structural_component_round_robin,31554,513,0.004658680357482411,0.005741107447037094,0.9060119619855403,0.9924794359576968,9.90057086250778,4,1880163,0,1134.9949159957469,2,current,1880163,288.8641585242003
case_092,2,4815554,2412929,159.5747605636716,region_placement_0,2412929,100.01211801357567,region_placement_0,17608,142,0.007042253521126761,0.007042253521126761,0.9191734607815575,0.444388402341541,14.444479641413281,2,2412929,0,259.58687857724726,4,current,2412929,159.5747605636716
case_092,3,4815554,2109464,152.4129993263632,multilevel,2109464,105.08193822205067,multilevel,17608,142,0.007042253521126761,0.007042253521126761,0.9191734607815575,0.444388402341541,14.444479641413281,2,2109464,0,257.4949375484139,4,current,2109464,152.4129993263632
case_092,4,4815554,2037129,141.93849057890475,region_placement_0,2037129,105.94522635266185,region_placement_0,17608,142,0.007042253521126761,0.007042253521126761,0.9191734607815575,0.444388402341541,14.444479641413281,2,2037129,0,247.8837169315666,4,current,2037129,141.93849057890475
case_092,5,4815554,1661234,167.72028519026935,structural_memory_lpt,2005925,98.1899569761008,multilevel,17608,142,0.007042253521126761,0.007042253521126761,0.9191734607815575,0.444388402341541,14.444479641413281,2,1661234,0,265.91024216637015,4,current,1661234,167.72028519026935
case_093,2,74205,37827,0.9925409000134096,structural_component_lpt,37827,2.90669272094965,structural_component_lpt,552,69,0.014492753623188406,0.004645113340765515,0.8589743589743589,0.014285714285714285,19.78743961352657,1,37827,0,3.8992336209630594,4,current,37827,0.9925409000134096
case_093,3,74205,25103,1.113978200010024,structural_component_lpt,25103,2.8640939947217703,structural_component_lpt,552,69,0.014492753623188406,0.004645113340765515,0.8589743589743589,0.014285714285714285,19.78743961352657,1,25103,0,3.9780721947317943,4,current,25103,1.113978200010024
case_093,4,74205,19779,1.068076099967584,structural_component_lpt,19779,2.7890196274966,structural_component_lpt,552,69,0.014492753623188406,0.004645113340765515,0.8589743589743589,0.014285714285714285,19.78743961352657,1,19779,0,3.857095727464184,4,current,19779,1.068076099967584
case_093,5,74205,15876,1.1679054000414908,structural_component_lpt,15876,2.7652900349348783,structural_component_lpt,552,69,0.014492753623188406,0.004645113340765515,0.8589743589743589,0.014285714285714285,19.78743961352657,1,15876,0,3.933195434976369,4,current,15876,1.1679054000414908
case_094,2,94892,47498,1.0521560000488535,structural_component_round_robin,47498,2.906557898968458,structural_component_round_robin,647,40,0.06800618238021638,0.02309408702119747,0.6595760505764224,0.45250865639215154,23.510301227222016,2,47498,0,3.9587138990173116,4,current,47498,1.0521560000488535
case_094,3,94892,32728,1.186938599916175,structural_component_lpt,32728,2.5116810761392117,structural_component_lpt,647,40,0.06800618238021638,0.02309408702119747,0.6595760505764224,0.45250865639215154,23.510301227222016,2,32728,0,3.6986196760553867,4,current,32728,1.186938599916175
case_094,4,94892,24495,1.1365124000003561,region_boundary_1565_0,24495,3.1167593728750944,region_boundary_1565_0,647,40,0.06800618238021638,0.02309408702119747,0.6595760505764224,0.45250865639215154,23.510301227222016,2,24495,0,4.2532717728754506,4,current,24495,1.1365124000003561
case_094,5,94892,21804,1.1968805000651628,structural_component_lpt,21804,2.1240662410855293,structural_component_lpt,647,40,0.06800618238021638,0.02309408702119747,0.6595760505764224,0.45250865639215154,23.510301227222016,2,21804,0,3.320946741150692,4,current,21804,1.1968805000651628
case_095,2,2084853,1042787,27.196049196645617,directed_split,1042787,25.06682568602264,directed_split,3696,462,0.0021645021645021645,0.0021645021645021645,0.5132978723404256,0.0,25.957890070921987,2,1042787,0,52.26287488266826,3,current,1042787,27.196049196645617
case_095,3,2084853,695775,25.57274831086397,structural_component_lpt,695775,21.766040736809373,structural_component_lpt,3696,462,0.0021645021645021645,0.0021645021645021645,0.5132978723404256,0.0,25.957890070921987,2,695775,0,47.338789047673345,3,current,695775,25.57274831086397
case_095,4,2084853,524422,25.57658876478672,structural_component_lpt,524422,21.108610788360238,structural_component_lpt,3696,462,0.0021645021645021645,0.0021645021645021645,0.5132978723404256,0.0,25.957890070921987,2,524422,0,46.68519955314696,3,current,524422,25.57658876478672
case_095,5,2084853,420852,24.429133992642164,structural_component_lpt,420852,22.71173432469368,structural_component_lpt,3696,462,0.0021645021645021645,0.0021645021645021645,0.5132978723404256,0.0,25.957890070921987,2,420852,0,47.140868317335844,3,current,420852,24.429133992642164
case_096,2,84194,43782,1.8513062000274658,directed_split,43782,5.253397010266781,directed_split,1198,50,0.3313856427378965,0.10096061067392842,0.5696121105559964,0.8440597355654903,25.854922057593758,14,43782,0,7.104703210294247,3,current,43782,1.8513062000274658
case_096,3,84194,34182,2.1694310000166297,region_placement_0,35718,2.710534192621708,directed_split,1198,50,0.3313856427378965,0.10096061067392842,0.5696121105559964,0.8440597355654903,25.854922057593758,14,34182,0,4.879965192638338,3,current,34182,2.1694310000166297
case_096,4,84194,27087,2.1701896999729797,structural_hybrid_work_1,29883,4.009844392538071,region_repartition_3_0,1198,50,0.3313856427378965,0.10096061067392842,0.5696121105559964,0.8440597355654903,25.854922057593758,14,27087,0,6.18003409251105,3,current,27087,2.1701896999729797
case_096,5,84194,27053,2.107815199997276,region_repartition_1_0,29146,3.2663529459387064,region_boundary_609_0,1198,50,0.3313856427378965,0.10096061067392842,0.5696121105559964,0.8440597355654903,25.854922057593758,14,27053,0,5.3741681459359825,3,current,27053,2.107815199997276
case_097,2,11491509,5247114,62.23220777325332,region_boundary_5781_0,5247114,38.06483080238104,region_boundary_5781_0,6592,64,0.015625,0.0020544554455445545,0.8855445544554456,1.0,7.327964796479648,1,5247114,0,100.29703857563436,4,current,5247114,62.23220777325332
case_097,3,11491509,3509566,66.40040436014533,directed_split,3509566,41.921969862654805,directed_split,6592,64,0.015625,0.0020544554455445545,0.8855445544554456,1.0,7.327964796479648,1,3509566,0,108.32237422280014,4,current,3509566,66.40040436014533
case_097,4,11491509,2622226,66.73324730060995,directed_split,2705741,42.05499383434653,directed_split,6592,64,0.015625,0.0020544554455445545,0.8855445544554456,1.0,7.327964796479648,1,2622226,0,108.78824113495648,4,current,2622226,66.73324730060995
case_097,5,11491509,2101905,70.88403449207544,directed_split,2179047,43.53582468256354,directed_split,6592,64,0.015625,0.0020544554455445545,0.8855445544554456,1.0,7.327964796479648,1,2101905,0,114.41985917463899,4,current,2101905,70.88403449207544
case_098,2,177430,93465,8.150812787935138,local_reschedule,98402,4.895786227658391,local_reschedule,1365,27,0.28498168498168497,0.037683961399356654,0.9039095096029378,0.627996079734981,42.17302510597399,13,93465,0,13.046599015593529,3,current,93465,8.150812787935138
case_098,3,177430,79351,6.308067951351404,grain_1.0,79351,4.29474788159132,grain_1.0,1365,27,0.28498168498168497,0.037683961399356654,0.9039095096029378,0.627996079734981,42.17302510597399,13,79351,0,10.602815832942724,3,current,79351,6.308067951351404
case_098,4,177430,79805,6.786582063883543,grain_1.0,79805,4.883533803746104,grain_1.0,1365,27,0.28498168498168497,0.037683961399356654,0.9039095096029378,0.627996079734981,42.17302510597399,13,79805,0,11.670115867629647,3,current,79805,6.786582063883543
case_098,5,177430,73104,7.5516273137182,directed_split,73104,5.16936388425529,directed_split,1365,27,0.28498168498168497,0.037683961399356654,0.9039095096029378,0.627996079734981,42.17302510597399,13,73104,0,12.72099119797349,3,current,73104,7.5516273137182
case_099,2,1622999,808380,53.84960551187396,directed_split,808380,59.38296686857939,directed_split,6296,202,0.01858322744599746,0.0016239475371852955,0.9168373363122945,0.7629584722643226,8.456911948254342,2,808380,0,113.23257238045335,0,current,808380,53.84960551187396
case_099,3,1622999,540127,56.0199871212244,directed_split,540127,58.047693407163024,directed_split,6296,202,0.01858322744599746,0.0016239475371852955,0.9168373363122945,0.7629584722643226,8.456911948254342,2,540127,0,114.06768052838743,0,current,540127,56.0199871212244
case_099,4,1622999,405336,57.7928392291069,structural_component_lpt,405336,53.83312133140862,structural_component_lpt,6296,202,0.01858322744599746,0.0016239475371852955,0.9168373363122945,0.7629584722643226,8.456911948254342,2,405336,0,111.62596056051552,0,current,405336,57.7928392291069
case_099,5,1622999,334609,56.003422947600484,directed_split,334609,56.38489348068833,directed_split,6296,202,0.01858322744599746,0.0016239475371852955,0.9168373363122945,0.7629584722643226,8.456911948254342,2,334609,0,112.38831642828882,0,current,334609,56.003422947600484
case_100,2,151223,80622,6.055788744240999,structural_component_lpt,80622,7.781585099175572,structural_component_lpt,1394,43,0.19727403156384504,0.02935046152537326,0.6198659479956005,0.9611977816819035,26.337378390039074,14,80622,0,13.837373843416572,0,current,80622,6.055788744240999
case_100,3,151223,58758,7.434581723064184,region_boundary_687_0,83808,4.910089801996946,grain_1.0,1394,43,0.19727403156384504,0.02935046152537326,0.6198659479956005,0.9611977816819035,26.337378390039074,14,58758,0,12.34467152506113,0,current,58758,7.434581723064184
case_100,4,151223,58793,7.716608429327607,region_repartition_1_0,75379,3.509430045261979,directed_split,1394,43,0.19727403156384504,0.02935046152537326,0.6198659479956005,0.9611977816819035,26.337378390039074,14,58793,0,11.226038474589586,0,current,58793,7.716608429327607
case_100,5,151223,59649,7.335293108597398,region_repartition_1_0,75870,5.583839185535908,directed_split,1394,43,0.19727403156384504,0.02935046152537326,0.6198659479956005,0.9611977816819035,26.337378390039074,14,59649,0,12.919132294133306,0,current,59649,7.335293108597398
