case,problem,cores,method,makespan,baseline_makespan,speedup,original_graph_copy_bytes,scheduled_copy_bytes,added_copy_bytes,partition_added_copy_bytes,spill_added_copy_bytes,cache_hit_rate,cache_hit_bytes,cache_miss_bytes,cache_hits,cache_accesses,physical_ddr_bytes_derived,peak_L1,peak_UB,evaluation_seconds,solver_seconds,official_task_count,executed_task_count_derived,subgraph_count,status,plan_sha256,reused_singlecore
case_001,1,5,component_round_robin,47502,233110,4.9073723211654245,1639552,1644160,4608,4608,0,0.0,0,0,0,0,1644160,13440,8192,0.48251770000206307,0.0,,5,5,ok,8bbb5cdc53db45251b1d0840f587de58fd1d232ff41cadc1bab3b9d244fbe497,False
case_001,1,5,component_pipe_lpt,88140,233110,2.6447696845926933,1639552,1868800,229248,229248,0,0.0,0,0,0,0,1868800,9344,8192,0.8681987999880221,0.0,,200,200,ok,4b38214170a55c2e88aa0bf4b84836cf01b72824bf853b0d49e987b8024092e6,False
case_001,1,5,weighted_window_20_s1.0,165140,233110,1.4115901659198256,1639552,5964800,4325248,4325248,0,0.0,0,0,0,0,5964800,9344,8192,2.5297706999990623,0.0,,600,600,ok,9f81b2a6659ca10dbeddb70892a95931945c63759744b280a8964c97f03f7b8d,False
case_001,1,5,weighted_window_15_s0.65,130500,233110,1.7862835249042146,1639552,4326400,2686848,2686848,0,0.0,0,0,0,0,4326400,9344,8192,1.9844789000053424,0.0,,400,400,ok,a599b5565dcc3db3b4451c1bd48aeb6f27875e2c8c456ba1bb9dacfb02d16258,False
case_001,1,5,critical_cut_b0.16_s1.0,138717,233110,1.6804717518400774,1639552,4645888,3006336,3006336,0,0.0,0,0,0,0,4645888,9344,8192,2.2274845000065397,0.0,,439,439,ok,0687d81aeacd78066c178347cd580765ae4d9591fc267a69ec27c059f7b49210,False
case_001,1,5,critical_cut_b0.06_s0.35,123437,233110,1.8884937255442047,1639552,3933184,2293632,2293632,0,0.0,0,0,0,0,3933184,9344,8192,1.7258349000185262,0.0,,368,368,ok,a5998e62dfc2757255a5d4d0c96f433f4cfb266ab78517d404d66ef8082b0d31,False
case_001,1,5,component_group3,62833,233110,3.7099931564623687,1639552,1715584,76032,76032,0,0.0,0,0,0,0,1715584,13440,8192,0.6497566000034567,0.0,,67,67,ok,ecd2c8ed4a0da9a572e02d82af31968fb617436f1f73099a98c7a47541a17302,False
case_001,1,5,component_group4,56880,233110,4.098277074542898,1639552,1696000,56448,56448,0,0.0,0,0,0,0,1696000,13440,8192,0.30563980000442825,0.0,,50,50,ok,ef392180c028b7a19aa7dcb3ee4444f44dc3a70208646adf49ecaf4417c2934d,False
case_001,1,5,component_group5,54796,233110,4.25414263814877,1639552,1684480,44928,44928,0,0.0,0,0,0,0,1684480,13440,8192,0.600607400003355,0.0,,40,40,ok,de403611ecaa31a292b296eeaed7f7f4154cfab2f90beee70c31f2cb2b787a21,False
case_001,1,5,component_group6,55855,233110,4.1734849163011365,1639552,1677568,38016,38016,0,0.0,0,0,0,0,1677568,13440,8192,0.5862664000014775,0.0,,34,34,ok,aaefd41c7462e468b294c4498190d89c6befb164bdf696d649dd28d7b4728b78,False
case_001,1,5,component_group8,51670,233110,4.511515386104122,1639552,1667200,27648,27648,0,0.0,0,0,0,0,1667200,13440,8192,0.6435759000014514,0.0,,25,25,ok,ed78317e6e49c1ace44a7b49b824a24f16c81a8dc1d0a9d7fa5bbfb41eff5496,False
case_001,1,5,membatch_70,50628,233110,4.604369123805009,1639552,1661440,21888,21888,0,0.0,0,0,0,0,1661440,13440,8192,0.8272869999927934,0.0,,20,20,ok,4346780813478b15e20c99e6425a43158821605615c1caf4a00aa0dec5ce1f9e,False
case_001,1,5,whole_graph,233110,233110,1.0,1639552,1639552,0,0,0,0.0,0,0,0,0,1639552,13440,8192,0.009439999994356185,0.0,,1,1,ok,3cb96911ec6cbc5122786637040ecf2c1c0796c44466a1b1408d3e452bf1556d,True
case_002,1,5,component_round_robin,261945,261945,1.0,1224192,1224192,0,0,0,0.0,0,0,0,0,1224192,7680,13824,7.949999417178333e-05,0.0,,1,1,ok,d2461fc04aee470915e433ef02ffe477fb2123a652e74c57fc35458cccf1f0eb,True
case_002,1,5,chain_heft,104494,261945,2.506794648496564,1224192,2440704,1216512,1216512,0,0.0,0,0,0,0,2440704,7680,4608,1.7885805999976583,0.0,,397,397,ok,22896ca1c7a1e66f6ff5fef59561dcabba60b97394aeeeff03225b3b4f5f0a2f,False
case_002,1,5,window8_heft,86435,261945,3.030543182738474,1224192,1864704,640512,640512,0,0.0,0,0,0,0,1864704,7680,13824,2.691228100011358,0.0,,208,208,ok,b9ead3c232ffe09458f0f9ccd9be61f68df49d442b95f3ad623a2361d67cad67,False
case_002,1,5,window10_heft,63234,261945,4.142470822658696,1224192,1403904,179712,179712,0,0.0,0,0,0,0,1403904,7680,10752,1.5526963000011165,0.0,,58,58,ok,195e08ebd879dd8c657248bbf66ba57e73eaf9679dd9343cefec110e545cca99,False
case_002,1,5,window16_heft,94019,261945,2.78608579116987,1224192,1251840,27648,27648,0,0.0,0,0,0,0,1251840,7680,12288,1.9859241000085603,0.0,,10,10,ok,2290d2227150d1c3c031e633afef344a1053debb2edc3422e6e1f0c928e9224c,False
case_002,1,5,scene_a_peft,99964,261945,2.620393341602977,1224192,1273344,49152,49152,0,0.0,0,0,0,0,1273344,7680,12288,3.2323520999925677,0.0,,17,17,ok,2dab2b7832baab9a0e1eafac72abfe2d01c96efd2a6371a87d63630661a9af5b,False
case_002,1,5,pipe_lane_pack,110946,261945,2.361013466010492,1224192,2440704,1216512,1216512,0,0.0,0,0,0,0,2440704,7680,4608,2.517501299997093,0.0,,397,397,ok,50efcac6a9f940e2403e82491fa7346da1dc758ba79d540d09d4c01142beae19,False
case_002,1,5,scene_a_spine,93767,261945,2.7935734320176606,1224192,1273344,49152,49152,0,0.0,0,0,0,0,1273344,7680,12288,2.109446799993748,0.0,,17,17,ok,0d406716b2502d46c59f46cd167a77f6b6b21863d997903e17da1319a6ef8c0c,False
case_002,1,5,window2_heft,185351,261945,1.4132375870645424,1224192,6666240,5442048,5442048,0,0.0,0,0,0,0,6666240,7680,7680,5.6888240999833215,0.0,,871,871,ok,10ed0cdface2b3f3ad275be9a685f189c5f5960db95179e53e435e807bf5ac95,False
case_002,1,5,window12_heft,66832,261945,3.919454752214508,1224192,1281024,56832,56832,0,0.0,0,0,0,0,1281024,7680,9216,1.7285187999950722,0.0,,18,18,ok,31d637a8e94d09b66589ddf09242f01e072570a8e8a7f903ad6e92ccb264f5e7,False
case_002,1,5,window4_heft,121028,261945,2.16433387315332,1224192,3437568,2213376,2213376,0,0.0,0,0,0,0,3437568,7680,10752,4.363878200005274,0.0,,420,420,ok,3df2b8e5d87314586718131e823c6e27b2839d22d88ab014acbe7ca8e7bc6299,False
case_002,1,5,hybrid20_10,60113,261945,4.357543293463976,1224192,1368576,144384,144384,0,0.0,0,0,0,0,1368576,7680,10752,0.7161133000045083,0.0,,48,48,ok,1f2f78892acf48032a4041010d44bdcf3253d125b36efa5068fea3e72c8938dc,False
case_002,1,5,bundle_pack,60860,261945,4.304058494906342,1224192,1857024,632832,632832,0,0.0,0,0,0,0,1857024,7680,13824,2.430441999982577,0.0,,13,13,ok,aa91b506f989855a53c18aad7b5c44ff6ce32be1294560defb23a01f80d9c406,False
case_002,1,5,weighted_window_20_s1.0,173136,261945,1.5129435819240367,1224192,6515712,5291520,5291520,0,0.0,0,0,0,0,6515712,7680,9216,7.571433600009186,0.0,,822,822,ok,0ab93bd3dbdaf0c15c273334f936aa2c45466da32427e0767cff30a892ff437a,False
case_002,1,5,weighted_window_15_s0.65,157626,261945,1.661813406417723,1224192,6789120,5564928,5564928,0,0.0,0,0,0,0,6789120,7680,12288,8.589518900000257,0.0,,911,911,ok,139de1a387827ca2b4c04bbdebd480994bfd4486e262f813c503935abb82ebd2,False
case_002,1,5,weighted_window_10_s0.35,151958,261945,1.723798681214546,1224192,5901312,4677120,4677120,0,0.0,0,0,0,0,5901312,7680,9216,5.821191199996974,0.0,,622,622,ok,2bc6b361cab7bb59dd2fcba03b32035021679b09bdaea113f6e30a700569ca9f,False
case_002,1,5,critical_cut_b0.16_s1.0,164366,261945,1.5936690069722448,1224192,5429760,4205568,4205568,0,0.0,0,0,0,0,5429760,7680,13824,7.212010500021279,0.0,,635,635,ok,f51f1dacb0c13484c45afe80e8ecd78c643eb4cafbb4cbad97da61671ecf1d36,False
case_002,1,5,critical_cut_b0.06_s0.35,176636,261945,1.482964967503793,1224192,6136320,4912128,4912128,0,0.0,0,0,0,0,6136320,7680,13824,6.740821500017773,0.0,,727,727,ok,282086a38b36ec5bb897f8ff04454a6c5eac8e5a6a3fb3df8fa16063976c0e07,False
case_002,1,5,win_w5,94159,261945,2.781943308658758,1224192,2938368,1714176,1714176,0,0.0,0,0,0,0,2938368,7680,10752,2.5809752000204753,0.0,,259,259,ok,a53d1bd01d0779d7e1cae85f43119342a2b43381af7a47b49563db71e9bc77c4,False
case_002,1,5,win_w7,87776,261945,2.9842439846882973,1224192,1881600,657408,657408,0,0.0,0,0,0,0,1881600,7680,12288,2.412507999979425,0.0,,212,212,ok,1f8ca7faaa39bbc0d702f52fe64491db2d295e7e4d198a349b8d1eac934cc3c2,False
case_002,1,5,stageU4_k5,154361,261945,1.6969636112748687,1224192,4896768,3672576,3672576,0,0.0,0,0,0,0,4896768,7680,13824,5.583792499994161,0.0,,598,598,ok,66d3dd98f3a6bca1715f974b34d0e21de09517767ec8b1923f0d5a2df068fc46,False
case_002,1,5,stageC5_k4,198913,261945,1.3168822550562307,1224192,6425088,5200896,5200896,0,0.0,0,0,0,0,6425088,7680,13824,6.459099200001219,0.0,,797,797,ok,653039364478bbc30c3d91df2697d9bceb4c5a093b343628fe8e0a2e5a6e054d,False
case_002,1,5,stageU12_k5,182784,261945,1.4330849527310925,1224192,6425088,5200896,5200896,0,0.0,0,0,0,0,6425088,7680,13824,6.358328700007405,0.0,,797,797,ok,ae6dddbb42bb9bd869af593c203934f6435db5459a4dc0f235b2c7f1e571fca2,False
case_003,1,5,component_round_robin,545883,602212,1.103188778547784,1284264,1677480,393216,393216,0,0.0,0,0,0,0,1677480,194816,47270,164.54611739999382,0.0,,5,5,ok,59954578039c8f465807e8a46c2a2bc30ecefc49e315d29096d717c0e8ec2779,False
case_003,1,5,component_pipe_balance,539607,602212,1.1160196216876357,1284264,1677480,393216,393216,0,0.0,0,0,0,0,1677480,129280,47270,167.93891260001692,0.0,,5,5,ok,81192fdc18241b8a389ab2323475ba340abb29ec1a2867f02c48a7d43f6f46aa,False
case_003,1,5,chain_heft,616575,602212,0.9767051859060131,1284264,21378062,20093798,20093798,0,0.0,0,0,0,0,21378062,43008,16384,350.0091788999853,0.0,,9903,9903,ok,14646b9bd27f6aac0e7643ecf71171d1596c8b4a3de904c40ad7c3d598e53424,False
case_003,1,5,window10_heft,211232,602212,2.8509506135434024,1284264,10020712,8736448,8736448,0,0.0,0,0,0,0,10020712,108544,18560,23.21557450000546,0.0,,541,541,ok,76116231ad79a7fd0af873596c604aed9123060190f3b2bdc1405234ddd12553,False
case_003,1,5,window16_heft,287876,602212,2.0919145743306147,1284264,7610210,6325946,6325946,0,0.0,0,0,0,0,7610210,108544,119840,15.182414299983066,0.0,,217,217,ok,c23d5a62e382d112f11d6a5b521f134a503601377071133f0e73567ebf3c5638,False
case_003,1,5,component_pipe_lpt,539607,602212,1.1160196216876357,1284264,2070696,786432,786432,0,0.0,0,0,0,0,2070696,129280,47270,175.65440519998083,0.0,,10,10,ok,fc2bdc9004bcb513b47a8229ecce28bc5261d9ba651710eede1e25fdc9815d0f,False
case_003,1,5,component_comm,539607,602212,1.1160196216876357,1284264,2070696,786432,786432,0,0.0,0,0,0,0,2070696,129280,47270,176.19601810001768,0.0,,10,10,ok,64caeb293b2cb763f3d12693f4673a1490f405284d39612c9a05ec6770058930,False
case_003,1,5,window2_heft,438638,602212,1.372913427473224,1284264,18372454,17088190,17088190,0,0.0,0,0,0,0,18372454,43008,16384,225.33536659998936,0.0,,5213,5213,ok,532803f554fee5d9933abe32013a4463c1fd8644cfaec7b421e1d722f9ae1a3e,False
case_003,1,5,window12_heft,288730,602212,2.0857271499324628,1284264,8284658,7000394,7000394,0,0.0,0,0,0,0,8284658,108544,101408,13.82469979999587,0.0,,325,325,ok,56afeb4cab45a7b3595da2fd9b6d0bfc07b61e2731685de8dbd6e39c37efe52e,False
case_003,1,5,window4_heft,342986,602212,1.755791781588753,1284264,12403100,11118836,11118836,0,0.0,0,0,0,0,12403100,43008,20994,41.14386959999683,0.0,,1700,1700,ok,433f05d6def4ea99f903166bae6797f06058279fe8cc94de14429b63536b6491,False
case_003,1,5,hybrid20_10,235468,602212,2.5575109993714644,1284264,7602096,6317832,6317832,0,0.0,0,0,0,0,7602096,108544,101408,14.573924300028011,0.0,,192,192,ok,f6ef5af04f8a00302139514f03c097815f82f69daa2df0659d4ea2ab2262a46e,False
case_003,1,5,hybrid32_16,366716,602212,1.642175416398521,1284264,5371000,4086736,4086736,0,0.0,0,0,0,0,5371000,108544,120448,14.77544569998281,0.0,,92,92,ok,27a4aa4e8c8ac2c89af0775b800bd18a17f6df6100c325a435d450ed9c00a7e1,False
case_003,1,5,component_group3,552712,602212,1.0895583956925126,1284264,1579176,294912,294912,0,0.0,0,0,0,0,1579176,194816,47270,113.41034919998492,0.0,,4,4,ok,3537aa9f14a621a2ac27ac04691aefb63ed925d6840262b246724550e608dd88,False
case_003,1,5,component_group4,564961,602212,1.065935524753036,1284264,1480872,196608,196608,0,0.0,0,0,0,0,1480872,194816,47270,61.42930650000926,0.0,,3,3,ok,7ffcbc846d0fe3eacc2011523461f3a087f020aced8308be49f63d388b84244b,False
case_003,1,5,component_group5,570898,602212,1.0548504286229765,1284264,1382568,98304,98304,0,0.0,0,0,0,0,1382568,194816,47270,56.2882188000076,0.0,,2,2,ok,87493a64d21b17e3aa6dd675e07177271de3b1732a08171ddf0d6df0fb2900e3,False
case_003,1,5,component_group6,577218,602212,1.0433007979654134,1284264,1382568,98304,98304,0,0.0,0,0,0,0,1382568,194816,47270,99.98482820001664,0.0,,2,2,ok,fa24560fe3f88af49aa81164e9e881a1bcdb6bfd5b90f519de7fff3deffe6573,False
case_003,1,5,component_group8,589858,602212,1.0209440238159015,1284264,1382568,98304,98304,0,0.0,0,0,0,0,1382568,194816,47270,63.23928779998096,0.0,,2,2,ok,16473c6ab9ecdf6bb0f8ba1b5ce9f777bdb023985a99ebbb6ba43fc6a546bb42,False
case_003,1,5,pipevec_merge,539607,602212,1.1160196216876357,1284264,2070696,786432,786432,0,0.0,0,0,0,0,2070696,129280,47270,47.21437659999356,0.0,,10,10,ok,44fb0a680a220bc54eb561a353cce9d4fd6ad796b40806c146138510af7ff61e,False
case_003,1,5,whole_graph,602212,602212,1.0,1284264,1284264,0,0,0,0.0,0,0,0,0,1284264,194816,47270,0.004430900007719174,0.0,,1,1,ok,3bd9bd8ec00207f156b5b349af6623ab8c3e115daef3501b96f4f16e7f26825c,True
case_004,1,5,component_round_robin,88341,392357,4.441391879195391,792576,1234944,442368,442368,0,0.0,0,0,0,0,1234944,125952,12288,0.6562070999934804,0.0,,5,5,ok,c29c478ab175fdbeee8fa1af08fbae48f7d861be9221d298c468b246093763c8,False
case_004,1,5,component_batches_128,95846,392357,4.093618930367464,792576,1787904,995328,995328,0,0.0,0,0,0,0,1787904,125952,12288,0.38954699999885634,0.0,,10,10,ok,a087f7af26179e885694fe0f1612df853e1cb4182df53503aead553199a538ab,False
case_004,1,5,component_pipe_lpt,247003,392357,1.5884705853775056,792576,12957696,12165120,12165120,0,0.0,0,0,0,0,12957696,46080,12288,1.1795173999853432,0.0,,111,111,ok,632adc1ded14bf311cdffffbe37725d0d0a0c782142a0e5fa9ccab25e329db84,False
case_004,1,5,scene_a_peft,244722,392357,1.6032763707390427,792576,12988416,12195840,12195840,0,0.0,0,0,0,0,12988416,46080,12288,1.4345408999943174,0.0,,113,113,ok,8d4acfca410d28179534dd752732960df9d960194692e2af27ad8ecf0396dd8d,False
case_004,1,5,scene_a_spine,248382,392357,1.5796515045373658,792576,12988416,12195840,12195840,0,0.0,0,0,0,0,12988416,46080,12288,0.9916482999979053,0.0,,113,113,ok,f79ba29a93a402996f7cdd632a182e0d8ffc5fa298991eff0211db1613e3eecb,False
case_004,1,5,weighted_window_20_s1.0,401010,392357,0.9784219844891648,792576,19095552,18302976,18302976,0,0.0,0,0,0,0,19095552,46080,12288,2.6417175000242423,0.0,,555,555,ok,29689f0ee699ce4e54cfa3321e7c40d32940f0e238dfd1c3e55cb0f4e53c4a72,False
case_004,1,5,weighted_window_15_s0.65,435565,392357,0.900800110201692,792576,20459520,19666944,19666944,0,0.0,0,0,0,0,20459520,46080,12288,3.766806799976621,0.0,,666,666,ok,b3c9750bb0583569fde91a5c1d65f8b9c1aad00f8de441a32646f1790eef9f57,False
case_004,1,5,weighted_window_10_s0.35,370532,392357,1.05890179525655,792576,17731584,16939008,16939008,0,0.0,0,0,0,0,17731584,46080,12288,2.123292300006142,0.0,,444,444,ok,83b59f1274ab6eeab824e08b270d19a61b07810ea8dd0e194b9433436fe33f9e,False
case_004,1,5,critical_cut_b0.16_s1.0,329314,392357,1.1914373515854169,792576,16214016,15421440,15421440,0,0.0,0,0,0,0,16214016,46080,12288,2.5073228999972343,0.0,,386,386,ok,9e9c0ce0197355da72958d28ba5178a956c20a355514f9467f8d6154cde2d1e5,False
case_004,1,5,critical_cut_b0.06_s0.35,348819,392357,1.1248154486997555,792576,17095680,16303104,16303104,0,0.0,0,0,0,0,17095680,46080,12288,3.120299600006547,0.0,,425,425,ok,e2d5bc51eb49e343a7cf957de5a9f294857cfe827dc3aefbb2354a83b71b3b8c,False
case_004,1,5,component_group3,138765,392357,2.827492523330811,792576,4773888,3981312,3981312,0,0.0,0,0,0,0,4773888,125952,12288,0.9737468000093941,0.0,,37,37,ok,8e06890dcbbe5a8a0bc057d1e4c01ff48f502c3f516424f9803cf83637d0aec7,False
case_004,1,5,component_group4,125652,392357,3.122568681755961,792576,3778560,2985984,2985984,0,0.0,0,0,0,0,3778560,125952,12288,0.6027789000072517,0.0,,28,28,ok,27db38556fe349f29f0ab084150ace116cdbb43f5cecfd9e0b48002dfd307d13,False
case_004,1,5,component_group5,121675,392357,3.224631189644545,792576,3225600,2433024,2433024,0,0.0,0,0,0,0,3225600,125952,12288,0.8273022000212222,0.0,,23,23,ok,3eafe03f1ce36988cfe608d087276253fcf0304873e5416b26d887d23dcb267f,False
case_004,1,5,component_group6,112591,392357,3.4847989626169054,792576,2783232,1990656,1990656,0,0.0,0,0,0,0,2783232,125952,12288,1.0950688000011723,0.0,,19,19,ok,e633e8ded95e631c68df60f8a61efcdd27ecb5619dcad1976448f9b9753139c6,False
case_004,1,5,component_group8,105086,392357,3.7336752754886473,792576,2230272,1437696,1437696,0,0.0,0,0,0,0,2230272,125952,12288,0.7768725999922026,0.0,,14,14,ok,f5c17fdb448cd8727f398cb3ff2ed57aa13974927b0098c566892a53a5c3a5ab,False
case_004,1,5,membatch_70,125866,392357,3.1172596253158122,792576,3999744,3207168,3207168,0,0.0,0,0,0,0,3999744,125952,12288,0.6552811000146903,0.0,,30,30,ok,b952beeac77c9cb8f22b568857933d654148438135ad21f896cd158c33b1797f,False
case_004,1,5,whole_graph,392357,392357,1.0,792576,792576,0,0,0,0.0,0,0,0,0,792576,125952,12288,0.0004579999949783087,0.0,,1,1,ok,5199c720dffcc77f628f83c61c341ac0266b0ba5b4b4838587a4a7aac23ca5a9,True
case_005,1,5,component_round_robin,95618,95618,1.0,333414,333414,0,0,0,0.0,0,0,0,0,333414,82176,42438,0.00014489999739453197,0.0,,1,1,ok,fc4cabc3445636d965dcd8aaf94bd5fcb0eb9c9fd0e623b860874cb3504f5d00,True
case_005,1,5,chain_heft,188361,95618,0.5076316222572613,333414,6888682,6555268,6555268,0,0.0,0,0,0,0,6888682,13824,9216,34.673815199988894,0.0,,3049,3049,ok,ab3cc916613a66a6bebf5cc3ef90a6504f22b4604d06d6c03ce9f96b96f14724,False
case_005,1,5,window8_heft,72389,95618,1.3208912956388401,333414,2793414,2460000,2460000,0,0.0,0,0,0,0,2793414,28032,107040,3.911397100018803,0.0,,174,174,ok,f93827faac050eef81f7275ae5866fc145cf6f64df0263735a12c830c914bb7f,False
case_005,1,5,window10_heft,68430,95618,1.3973111208534268,333414,2352938,2019524,2019524,0,0.0,0,0,0,0,2352938,28032,108288,4.1532571999996435,0.0,,123,123,ok,a8dbd4d07a55584ccfd7b70e4d38f99c90457ca7ed3f8ba8157d4119ac962a64,False
case_005,1,5,window16_heft,62867,95618,1.5209569408433679,333414,1885248,1551834,1551834,0,0.0,0,0,0,0,1885248,28032,108288,3.4887423000182025,0.0,,59,59,ok,c2fce3ed80070a3f8c50f20c0d6ce80aa9e1713fcadb5d153e70c488b6dda961,False
case_005,1,5,pipe_lane_pack,234930,95618,0.40700634231473204,333414,6888682,6555268,6555268,0,0.0,0,0,0,0,6888682,13824,9216,35.13637540000491,0.0,,3049,3049,ok,e37a808da8a8a3627481660646efd81c1dc81c9ac2e4925d7d3f424e911aad38,False
case_005,1,5,window2_heft,140788,95618,0.6791629968463221,333414,5563500,5230086,5230086,0,0.0,0,0,0,0,5563500,13824,9216,19.925696999998763,0.0,,1803,1803,ok,9d29c2f6db2cbc1ee59598e8beba1677248131e65722cb7f6ee875b7b6670750,False
case_005,1,5,window12_heft,71973,95618,1.3285259750184097,333414,2281664,1948250,1948250,0,0.0,0,0,0,0,2281664,28032,107040,4.614063699991675,0.0,,101,101,ok,2dadf0ad599e79193b1631895c15f848efd083f8b6c3f892d668e8b548559f7d,False
case_005,1,5,window4_heft,93613,95618,1.021417965453516,333414,3657588,3324174,3324174,0,0.0,0,0,0,0,3657588,13824,16898,13.315237600007094,0.0,,552,552,ok,5c077de3222eb8969849698b2f80b78c07f6dc4fcd550f8cdd60933a19ec8605,False
case_005,1,5,hybrid20_10,62444,95618,1.5312600089680353,333414,1860254,1526840,1526840,0,0.0,0,0,0,0,1860254,28032,108288,4.870244499994442,0.0,,66,66,ok,35ae8e8d4b98425c9a7587451726b3e7e185c3375a98bf302fdc3a0f86d50aba,False
case_005,1,5,hybrid32_16,61789,95618,1.5474922720872648,333414,1854784,1521370,1521370,0,0.0,0,0,0,0,1854784,28032,108288,4.894218999979785,0.0,,52,52,ok,fea07d5941f853ee3edf5f007c3919e0d23750fe9b29c04c0985ff35ec266440,False
case_005,1,5,window10_lowcomm,66371,95618,1.4406593241023942,333414,2352938,2019524,2019524,0,0.0,0,0,0,0,2352938,28032,108288,5.43765199999325,0.0,,123,123,ok,51132434ef83f9392c35c53b3d9aeffb339aa1f9d5483956e498b9f5a09febcf,False
case_005,1,5,weighted_window_20_s1.0,70693,95618,1.3525808778804125,333414,2140674,1807260,1807260,0,0.0,0,0,0,0,2140674,26880,79584,5.703371399984462,0.0,,124,124,ok,44011c9fddde873a8d8e1083b68364752c7032f4e4d29a2e824036024438eaa9,False
case_005,1,5,weighted_window_15_s0.65,65518,95618,1.4594157330809854,333414,2193676,1860262,1860262,0,0.0,0,0,0,0,2193676,28416,51714,4.950501000013901,0.0,,97,97,ok,e38fd2611a935e6fda075c53edaf370da729fbbba45191beb1c828d31687da68,False
case_005,1,5,weighted_window_10_s0.35,77356,95618,1.236077356636848,333414,1487696,1154282,1154282,0,0.0,0,0,0,0,1487696,44160,74256,5.067651100020157,0.0,,69,69,ok,061312103f4ae27bea03b56f11ab29c9843ee62d3eea4d9e1f958838f7bf8410,False
case_005,1,5,critical_cut_b0.16_s1.0,91245,95618,1.0479259137486985,333414,596192,262778,262778,0,0.0,0,0,0,0,596192,55104,38212,5.813916900020558,0.0,,23,23,ok,e32754f3128938bf8a792f7db4e5bb91357b73c985848c92893c8314d06c7c71,False
case_005,1,5,critical_cut_b0.06_s0.35,78748,95618,1.2142276629247728,333414,1016530,683116,683116,0,0.0,0,0,0,0,1016530,51648,113168,5.638637199997902,0.0,,29,29,ok,0917820bee4fe5ef56fca86cfadd2de75acff0cceae275bb785e98079f31eb45,False
case_005,1,5,win_w5,80258,95618,1.1913827905006356,333414,3259766,2926352,2926352,0,0.0,0,0,0,0,3259766,18432,107040,8.623960199998692,0.0,,357,357,ok,faf894dc9cac6defd6f89b9c1c8d43bdaaf6a37aed69edf72e85fa75fafe64e8,False
case_005,1,5,win_w7,72720,95618,1.3148789878987899,333414,2715132,2381718,2381718,0,0.0,0,0,0,0,2715132,28032,107040,8.145107399992412,0.0,,202,202,ok,4b1f61b3a4a18bc7e4b7d86a5b02bff2c4865856a01b6bf8f3f9cb0705e8dd8c,False
case_005,1,5,win_w14,60296,95618,1.5858100039803635,333414,2188978,1855564,1855564,0,0.0,0,0,0,0,2188978,28032,107712,6.720516900008079,0.0,,86,86,ok,09bba570bee20b1adfa3938d86ad3174889acd980b80e3a53141e73d8b4116ba,False
case_005,1,5,win_w23,58427,95618,1.6365379019973643,333414,1694752,1361338,1361338,0,0.0,0,0,0,0,1694752,14112,23090,5.194035900000017,0.0,,38,38,ok,631475d6f7aed6e187f37337026eb54ff90ecde95202ee66086e7181ebc600df,False
case_005,1,5,stageU4_k5,82212,95618,1.1630662190434486,333414,1075216,741802,741802,0,0.0,0,0,0,0,1075216,52704,40516,4.582103799999459,0.0,,24,24,ok,6710461552e2a698c2a0efffaf9c374732a3a181654e725edebf85969cb1d146,False
case_005,1,5,stageC5_k4,88577,95618,1.0794901611027694,333414,716784,383370,383370,0,0.0,0,0,0,0,716784,62592,23908,4.709906200005207,0.0,,29,29,ok,6efc595b37011c5422d641b4085297f8978c1e56a53d79f3aeb3d75cb851d608,False
case_005,1,5,stageU12_k5,72170,95618,1.3248995427462935,333414,2483470,2150056,2150056,0,0.0,0,0,0,0,2483470,14784,30848,5.682806700002402,0.0,,122,122,ok,a5ef36df179fcc912ff5ac75d3a22ebf35b68d825a5591be88a9ca782dfbf6c2,False
case_006,1,5,component_round_robin,38696,82837,2.1407122183171388,543348,624244,80896,80896,0,0.0,0,0,0,0,624244,196608,61448,0.5288407999905758,0.0,,5,5,ok,7589dbe31d8234bb214e64633768e28ab5024a4faf029198c01c1ab9110d71fb,False
case_006,1,5,component_lpt,31749,82837,2.609121547135343,543348,620788,77440,77440,0,0.0,0,0,0,0,620788,196608,57348,0.6643166999856476,0.0,,5,5,ok,e0c3bd988f01065264ddb71ebe6ec492a2fdf7c9f131011307b76d65db398f6f,False
case_006,1,5,component_pipe_balance,31733,82837,2.6104370844231557,543348,606964,63616,63616,0,0.0,0,0,0,0,606964,196608,61448,0.6361971999867819,0.0,,5,5,ok,0e56a6185140a7ff4492ec23528e0962a4f13a221879ac47a297c60232723852,False
case_006,1,5,chain_heft,50011,82837,1.656375597368579,543348,1932472,1389124,1389124,0,0.0,0,0,0,0,1932472,16384,32768,1.0323679000139236,0.0,,300,300,ok,b8d2441e41aab0681a2666ad7e3d095d8e7f2618b43738f55c4d9b681f46efe4,False
case_006,1,5,window8_heft,27728,82837,2.9874855741488746,543348,1054552,511204,511204,0,0.0,0,0,0,0,1054552,32768,40966,0.34958560002269223,0.0,,51,51,ok,3cfe4246f5751ef184736c00f57639fbb8c0f7190f9833b66aac9ebe348ae650,False
case_006,1,5,window10_heft,32313,82837,2.5635812211803297,543348,1189660,646312,646312,0,0.0,0,0,0,0,1189660,32768,40966,0.44131200000992976,0.0,,58,58,ok,d3599ab2bfa9d4d338dc881e76e5130c2c9abc1e713b00d8658f55da6a1c5d89,False
case_006,1,5,window16_heft,31832,82837,2.6023184217139983,543348,634640,91292,91292,0,0.0,0,0,0,0,634640,196608,57348,0.5652521000010893,0.0,,29,29,ok,fddb9f7e556819486c2debc0fbfcf1cd545a4dd90ac48dbd551b53f914361762,False
case_006,1,5,component_pipe_lpt,31546,82837,2.625911367526786,543348,634612,91264,91264,0,0.0,0,0,0,0,634612,196608,57348,0.4264614999992773,0.0,,27,27,ok,bc1983803af53df65ebbc926d29adc82c903fe7adcdca8b1c04440f05ed66646,False
case_006,1,5,component_comm,35107,82837,2.3595579229213546,543348,634612,91264,91264,0,0.0,0,0,0,0,634612,196608,57348,0.7079917999799363,0.0,,27,27,ok,fa20f1aefdc7419df276c6a92fc0473b0fb691a0ad2c83176cdc350b41b3cd64,False
case_006,1,5,scene_a_peft,27356,82837,3.0281108349173858,543348,814920,271572,271572,0,0.0,0,0,0,0,814920,32768,57348,0.42578339998726733,0.0,,46,46,ok,972dd6904012be4f239c30501900878ecf875231bd48716221288a59369c0935,False
case_006,1,5,pipe_lane_pack,52742,82837,1.5706078646998598,543348,1932472,1389124,1389124,0,0.0,0,0,0,0,1932472,16384,32768,1.3440300000074785,0.0,,300,300,ok,588d8dac6136f13224b58bb1a5e62139de6ebdc2dadc253da8236589f9cf31cb,False
case_006,1,5,scene_a_spine,21188,82837,3.909618652067208,543348,814920,271572,271572,0,0.0,0,0,0,0,814920,32768,57348,0.6700143000052776,0.0,,46,46,ok,f3c7ef58cf6bf10e73ab3a4adb43f6a682c04391a24f426dbdb68ec2ad99f98c,False
case_006,1,5,bundle_pack,22921,82837,3.614022075825662,543348,814940,271592,271592,0,0.0,0,0,0,0,814940,32768,57348,0.6821574999776203,0.0,,39,39,ok,2b79136ecb85f82ab00b7974a2d2be5cc008e207eeeb5784f8678d457eff4cf2,False
case_006,1,5,weighted_window_20_s1.0,116043,82837,0.7138474530992822,543348,6252306,5708958,5708958,0,0.0,0,0,0,0,6252306,16384,32774,2.024464900023304,0.0,,369,369,ok,8b82a625c1f718bfe2d902b01c62285d547d6ac2cb309d798acc1169411c4147,False
case_006,1,5,weighted_window_15_s0.65,108186,82837,0.7656905699443551,543348,5810628,5267280,5267280,0,0.0,0,0,0,0,5810628,16384,32774,1.574045199988177,0.0,,301,301,ok,dcb491c9072a01b0f5f9923f2aefdcc4b9b78cb3f0bea4177ab4c274510c16fe,False
case_006,1,5,weighted_window_10_s0.35,94980,82837,0.8721520320067383,543348,5097930,4554582,4554582,0,0.0,0,0,0,0,5097930,16384,32774,1.1590841000142973,0.0,,252,252,ok,483bfe7d7be040e06442c71dbff6d61fd00717896bdb21c9d926cb0ab9c7bd23,False
case_006,1,5,critical_cut_b0.16_s1.0,36440,82837,2.273243688254665,543348,1782846,1239498,1239498,0,0.0,0,0,0,0,1782846,32768,40966,0.8672501999826636,0.0,,101,101,ok,11b66210e5d9c0c6b9e96666db246fb3f48c4ce5344015e45c78090575f95b70,False
case_006,1,5,critical_cut_b0.06_s0.35,56568,82837,1.4643791542921794,543348,3005994,2462646,2462646,0,0.0,0,0,0,0,3005994,16384,32776,0.43487589998403564,0.0,,161,161,ok,1d640e296c718cab23c9d036a195dd522ad707103b0db4f9d567ad98addf9a11,False
case_006,1,5,win_w5,36190,82837,2.2889472229897763,543348,1628752,1085404,1085404,0,0.0,0,0,0,0,1628752,19200,40964,0.8485675000119954,0.0,,123,123,ok,31d1665094f784a52bf7222c249dc80309941eeb6846d1d2b1f2335394c82d09,False
case_006,1,5,win_w7,26763,82837,3.0952060680790643,543348,1460540,917192,917192,0,0.0,0,0,0,0,1460540,32768,40966,0.873683899990283,0.0,,63,63,ok,19601561bc259248caba6837491a34751eccf48f893a7f8d7284e5e2f4a83a0f,False
case_006,1,5,stageU4_k5,56171,82837,1.474728952662406,543348,2989020,2445672,2445672,0,0.0,0,0,0,0,2989020,16384,32776,1.4544644000125118,0.0,,229,229,ok,4a478bc84c9104929daf137bc8e5f0159fab18dc236bc0e03ad2bb91b99e012a,False
case_006,1,5,stageC5_k4,62573,82837,1.3238457481661419,543348,2979474,2436126,2436126,0,0.0,0,0,0,0,2979474,16384,32776,1.2209396999969613,0.0,,258,258,ok,e732390162ed34327eeb733e8df70652bd3d565937074c959d3cdc854b58555e,False
case_006,1,5,stageU12_k5,106934,82837,0.7746553949164905,543348,5560726,5017378,5017378,0,0.0,0,0,0,0,5560726,16384,32774,1.8840146000147797,0.0,,509,509,ok,d2b4b882af314bb9e4c45df88dd8d2ea214a769b1f0d0d4fce7a43b15a0d0304,False
case_006,1,5,component_group3,39087,82837,2.1192979763092588,543348,580340,36992,36992,0,0.0,0,0,0,0,580340,196608,98312,0.31265609999536537,0.0,,9,9,ok,adbb7c2941c70bb29933b64527297fc8ff2919a0c3b4da489de7a0bad31a6646,False
case_006,1,5,component_group4,39991,82837,2.0713910629891727,543348,571252,27904,19712,8192,0.0,0,0,0,0,571252,196608,122892,0.42483269999502227,0.0,,7,7,ok,91e4914d01bdb30bbf07feaab935c28eaeb33f335d4f790e9741992f4d39eda7,False
case_006,1,5,component_group5,42301,82837,1.9582752180799508,543348,564084,20736,20736,0,0.0,0,0,0,0,564084,196608,90120,0.46817920001922175,0.0,,6,6,ok,386e49d7548f7de7e6b210263ec9a16869afb3e64d4bb8e608dea9e3849526ab,False
case_006,1,5,component_group6,44198,82837,1.8742250780578307,543348,571252,27904,19712,8192,0.0,0,0,0,0,571252,196608,122892,0.43301020000944845,0.0,,5,5,ok,5c2ff4936823ab4f68ff271dd1ab2142c9e1d3288139dae4d0e3a12a7e3aa79a,False
case_006,1,5,component_group8,48582,82837,1.7050965378123586,543348,563204,19856,3456,16400,0.0,0,0,0,0,563204,196608,122892,0.5596470999880694,0.0,,4,4,ok,f70fcc46dcc5d00dfd940aa58cd26741bd7f933fae60ae73cf4e7f659f6df1c5,False
case_006,1,5,pipevec_merge,31546,82837,2.625911367526786,543348,634612,91264,91264,0,0.0,0,0,0,0,634612,196608,57348,0.4171175000083167,0.0,,27,27,ok,2bf803e7d8c68cea6920246544d5cb2308bcecd58ac935ae6e89bab7ff31aaa3,False
case_006,1,5,membatch_70,31465,82837,2.63267122199269,543348,610420,67072,67072,0,0.0,0,0,0,0,610420,196608,57348,0.36838120000902563,0.0,,12,12,ok,04da0f4b52855f8bd7af747b503b3d508a3181d40e8baa2fee9d89704006b552,False
case_006,1,5,whole_graph,82837,82837,1.0,543348,559748,16400,0,16400,0.0,0,0,0,0,559748,196608,125968,0.0003944000054616481,0.0,,1,1,ok,6d237cbfd3acd87faf1603a97c0f3a46ff08e83151b3adc9b59e65338137433c,True
case_007,1,5,component_round_robin,203834,1012562,4.967581463347626,1732608,1843200,110592,110592,0,0.0,0,0,0,0,1843200,35328,6144,4.246175000007497,0.0,,5,5,ok,1d4599d04f4cdc746f63b7183515e658569dc61e8f43a9d20142db862e54add2,False
case_007,1,5,component_batches,208244,1012562,4.862382589654444,1732608,2257920,525312,525312,0,0.0,0,0,0,0,2257920,35328,6144,2.581908599997405,0.0,,20,20,ok,8d51281a82f644d5996226a6e6cba72a770930ad22de86e79fd050707c1621f5,False
case_007,1,5,component_batches_128,212654,1012562,4.761546925992457,1732608,2672640,940032,940032,0,0.0,0,0,0,0,2672640,35328,6144,1.9114147999789566,0.0,,35,35,ok,3ecd048696cde314656d869cbc9f63a91e7286e4636703cc5487dc715b490676,False
case_007,1,5,component_batches_512,205304,1012562,4.932013014846277,1732608,1981440,248832,248832,0,0.0,0,0,0,0,1981440,35328,6144,2.468725099985022,0.0,,10,10,ok,244ac525df8a695ae6d92f6aa05c37bb6f86a1bf9ca0074043bdf97ed58b8120,False
case_007,1,5,component_pipe_lpt,365534,1012562,2.7700897864494136,1732608,17049600,15316992,15316992,0,0.0,0,0,0,0,17049600,13824,6144,10.108162000018638,0.0,,555,555,ok,5f623624f068c0cc68d5cb972f35b4241aea0f51f4536b9d843b34f528ca080a,False
case_007,1,5,scene_a_peft,293549,1012562,3.449379830965188,1732608,17064960,15332352,15332352,0,0.0,0,0,0,0,17064960,13824,6144,10.80894809999154,0.0,,557,557,ok,2b6542c3144adfad4ac46431beb5efa053b731ee571ca991aef63401bb7636b3,False
case_007,1,5,scene_a_spine,366376,1012562,2.7637236063497608,1732608,17064960,15332352,15332352,0,0.0,0,0,0,0,17064960,13824,6144,8.680217499990249,0.0,,557,557,ok,3c1c158d9ca26dfb07112be4f185f731ddc21732a3e15b7969c74e804f41baf7,False
case_007,1,5,weighted_window_20_s1.0,984470,1012562,1.028535150893374,1732608,39214080,37481472,37481472,0,0.0,0,0,0,0,39214080,13824,6144,44.06768109998666,0.0,,3885,3885,ok,3ef54992baf6bacc46accc7b73c3981fb635a59a9a80cdffcfe8376d0c099315,False
case_007,1,5,weighted_window_15_s0.65,886790,1012562,1.1418283922912977,1732608,34099200,32366592,32366592,0,0.0,0,0,0,0,34099200,13824,6144,37.700986999989254,0.0,,3330,3330,ok,d62c65372ff55bbffcb2c1bbf19d5ec9df0a4e4b07dade9fb899e29acc6c482a,False
case_007,1,5,critical_cut_b0.16_s1.0,639885,1012562,1.582412464739758,1732608,25812480,24079872,24079872,0,0.0,0,0,0,0,25812480,13824,6144,24.42943639997975,0.0,,2032,2032,ok,5c0e352cfdf8919a686ad9e494a4149de0a83dcc9c3c0ca739e019046d9dbe57,False
case_007,1,5,critical_cut_b0.06_s0.35,784415,1012562,1.290849869010664,1732608,30741504,29008896,29008896,0,0.0,0,0,0,0,30741504,13824,6144,28.336323499999708,0.0,,2509,2509,ok,1fd4f05dfe43c154e43d15e8de69061a3fd33c5ba826b25bcc4695b9dea4ce05,False
case_007,1,5,whole_graph,1012562,1012562,1.0,1732608,1732608,0,0,0,0.0,0,0,0,0,1732608,35328,6144,0.028504099987912923,0.0,,1,1,ok,b1194eca8405293187cecb045f710913fa5fab97537774cfe762acf458b72799,True
case_008,1,5,component_round_robin,100603,487605,4.846823653370178,2654424,2654424,0,0,0,0.0,0,0,0,0,2654424,36864,37056,0.420569699985208,0.0,,5,5,ok,6ccb32ada1804f19d8aa1432108f7a23799639446adbc086e2b5c3ac2e6162d0,False
case_008,1,5,component_batches_128,102248,487605,4.768846334402629,2654424,2654424,0,0,0,0.0,0,0,0,0,2654424,36864,37056,0.39292050001677126,0.0,,10,10,ok,f8cef911bba5593c8755add217e48fd2b82a788043929c260a8ad2f5d807bb9e,False
case_008,1,5,component_pipe_lpt,134736,487605,3.618965977912362,2654424,2654424,0,0,0,0.0,0,0,0,0,2654424,30720,37056,0.5182684000174049,0.0,,108,108,ok,0068e039009010182107d6c43ec9ec2b43d8c16f9a18425318a0a03ca4b3ea3e,False
case_008,1,5,weighted_window_20_s1.0,548864,487605,0.8883894735307836,2654424,26625240,23970816,23970816,0,0.0,0,0,0,0,26625240,30720,37056,3.723045299993828,0.0,,864,864,ok,e465644720e91ee9b770c7738dd14a105194c2e26487efe4da19a92bf7636c39,False
case_008,1,5,weighted_window_15_s0.65,498813,487605,0.9775306577815734,2654424,24593112,21938688,21938688,0,0.0,0,0,0,0,24593112,30720,37056,4.930725199985318,0.0,,756,756,ok,58a8cc3f20648f04c3213e6f8a431f609a305f0af06b42012cb6ca70b6b2a65d,False
case_008,1,5,critical_cut_b0.16_s1.0,233712,487605,2.086349866502362,2654424,10100952,7446528,7446528,0,0.0,0,0,0,0,10100952,30720,37056,2.5826161000004504,0.0,,310,310,ok,f17f47419c645f96e5b366790fb954fe52689bfce9e6ac16274de36a21ef9dfc,False
case_008,1,5,critical_cut_b0.06_s0.35,335947,487605,1.4514343036252741,2654424,14993880,12339456,12339456,0,0.0,0,0,0,0,14993880,30720,37056,2.6879900000058115,0.0,,442,442,ok,b2531db625d20afe4035812d0ea40b4b8d77043e99a8317b8e1791bf978792fc,False
case_008,1,5,component_group3,120112,487605,4.059586053017184,2654424,2654424,0,0,0,0.0,0,0,0,0,2654424,36864,37056,0.4709384999878239,0.0,,36,36,ok,126d0563ad753a664c0ff53d4a35e76f73d4947bcf345b2cea2e9969d2718332,False
case_008,1,5,component_group4,117131,487605,4.162903074335573,2654424,2654424,0,0,0,0.0,0,0,0,0,2654424,36864,37056,0.7489037000050303,0.0,,27,27,ok,3fe143f9ca914fad482579e632dc3162776e684ce8ce30e56e25e297c8bb4763,False
case_008,1,5,component_group5,119895,487605,4.066933566871012,2654424,2654424,0,0,0,0.0,0,0,0,0,2654424,36864,37056,0.7790687999804504,0.0,,22,22,ok,c65f3a74c2f083d0f402b655deb7b9c6ca5a768d7481357f2a4b731ef020d4c6,False
case_008,1,5,component_group6,114150,487605,4.27161629434954,2654424,2654424,0,0,0,0.0,0,0,0,0,2654424,36864,37056,0.636371299973689,0.0,,18,18,ok,bafc74b246fe0e0c06a98cb2357d5a6b74644084cfc2fa05d31cd449b704cda3,False
case_008,1,5,component_group8,112711,487605,4.326152726885574,2654424,2654424,0,0,0,0.0,0,0,0,0,2654424,36864,37056,0.9742722000228241,0.0,,14,14,ok,c78d04cf31891b617016ee30321ee0c4a1a0efb823a72b5adc060f5f84cde90d,False
case_008,1,5,membatch_70,134736,487605,3.618965977912362,2654424,2654424,0,0,0,0.0,0,0,0,0,2654424,30720,37056,1.1841601000051014,0.0,,108,108,ok,ca34702d29d1055fa38260c96bd01fcfe27ac5c2673cae4560327bd3ab995012,False
case_008,1,5,whole_graph,487605,487605,1.0,2654424,2654424,0,0,0,0.0,0,0,0,0,2654424,36864,37056,0.0008936999947763979,0.0,,1,1,ok,00ab2684e3578da3f5cce8f507d4fa085cf76fb6eb4c5be82c85468a16650551,True
case_009,1,5,component_round_robin,100785,153261,1.520672719154636,495332,593636,98304,98304,0,0.0,0,0,0,0,593636,32256,45064,21.04453659997671,0.0,,5,5,ok,2a35ecb11dda4ed4334655caf4b3c23a8b0576ae21ee66783dd94279fe9cb6b0,False
case_009,1,5,component_lpt,92225,153261,1.6618162103551097,495332,569060,73728,73728,0,0.0,0,0,0,0,569060,32256,69644,21.17044899999746,0.0,,5,5,ok,019d54ca826912e9d36f77d34dbd80fc46d55517772435f56299a94bef802e56,False
case_009,1,5,component_pipe_balance,92225,153261,1.6618162103551097,495332,544484,49152,49152,0,0.0,0,0,0,0,544484,38400,49160,21.122207699983846,0.0,,5,5,ok,9275982e745d07dca03bd43359f3df4dc3e7aea6491160e4da2303c8c43f00a4,False
case_009,1,5,chain_heft,233554,153261,0.6562122678267125,495332,4641534,4146202,4146202,0,0.0,0,0,0,0,4641534,15872,16384,66.88584179998725,0.0,,3925,3925,ok,e052d932ec370beb17849c610e26d1dbeac02e894def69ddf1d88af2d8986f92,False
case_009,1,5,window8_heft,80168,153261,1.9117478295579284,495332,1900838,1405506,1405506,0,0.0,0,0,0,0,1900838,15872,20486,8.282673599984264,0.0,,367,367,ok,01eebe78e87d650da09a87a456c8f4c9e0597ea049c8f92a02bbb94614769414,False
case_009,1,5,window10_heft,74382,153261,2.0604581753650075,495332,2060822,1565490,1565490,0,0.0,0,0,0,0,2060822,15872,20486,8.893257599993376,0.0,,335,335,ok,8895bbe9ef43159cf12face11fdb7d7d4547806221362dfa0ee301c7eff785c0,False
case_009,1,5,window16_heft,75973,153261,2.017308780751056,495332,1304546,809214,809214,0,0.0,0,0,0,0,1304546,15872,28676,4.867598799988627,0.0,,177,177,ok,80f2c08fb036d8effb54cb2ee036c6308109e83176cce14c7f982f2995b0b52d,False
case_009,1,5,component_pipe_lpt,92225,153261,1.6618162103551097,495332,667364,172032,172032,0,0.0,0,0,0,0,667364,15872,28678,22.31720600000699,0.0,,25,25,ok,6c90b7ad622cc534dcb725a6ddb52861e27ac3f57d62b88384d69781676535f9,False
case_009,1,5,component_comm,95074,153261,1.6120180070261059,495332,667364,172032,172032,0,0.0,0,0,0,0,667364,15872,28678,21.494640599994455,0.0,,25,25,ok,169c11e534ee410141a5a290b700b1276d8e7e0662f23fe17fe55ff2a909e214,False
case_009,1,5,pipe_lane_pack,280301,153261,0.5467729333823282,495332,4641534,4146202,4146202,0,0.0,0,0,0,0,4641534,15872,16384,67.50114949999261,0.0,,3925,3925,ok,35798f45e8646701008c038604fdc7331d523ddfcf3adfca743bf96d7ebd499b,False
case_009,1,5,window3_heft,132037,153261,1.160742822087748,495332,3502344,3007012,3007012,0,0.0,0,0,0,0,3502344,15872,16386,23.298057500011055,0.0,,1339,1339,ok,b1a7c48d53008b955f3ddfa566460cd896ae99d30b44f7894e74e44250a3d055,False
case_009,1,5,window12_heft,79547,153261,1.926672281795668,495332,1647148,1151816,1151816,0,0.0,0,0,0,0,1647148,15872,28676,7.606575399986468,0.0,,287,287,ok,9b4f15e11f2bc34867765fc1c7dc2c14d7b83dd220a7275ba1f36ccf287c8457,False
case_009,1,5,weighted_window_20_s1.0,90133,153261,1.700387205573985,495332,2113564,1618232,1618232,0,0.0,0,0,0,0,2113564,15872,20486,5.893498700024793,0.0,,228,228,ok,e7c0d892dfddb07590669b2ba236f0a62ee894367f58e9472224558aa0f10259,False
case_009,1,5,weighted_window_15_s0.65,94158,153261,1.6277002485184477,495332,1668036,1172704,1172704,0,0.0,0,0,0,0,1668036,15872,28676,5.2196249999979045,0.0,,180,180,ok,a11ba90cf0f98ee7f3386e09bb3f95788c1023d2f3169847cd33c0ef75435060,False
case_009,1,5,weighted_window_10_s0.35,87010,153261,1.7614182277899093,495332,1298888,803556,803556,0,0.0,0,0,0,0,1298888,15872,28676,4.526227700000163,0.0,,124,124,ok,c6cc05a2013131615d4d39dabbb357d306b2e8a231c4bfac1a45d4aa9a2ebb1d,False
case_009,1,5,critical_cut_b0.16_s1.0,91873,153261,1.6681832529687721,495332,995070,499738,499738,0,0.0,0,0,0,0,995070,15872,16390,7.091779200010933,0.0,,124,124,ok,36ce70e192caa7b4cd9d07babb9f4b694169d85f17312e37223d60e8748b80f6,False
case_009,1,5,critical_cut_b0.06_s0.35,91538,153261,1.6742882737223885,495332,1301464,806132,806132,0,0.0,0,0,0,0,1301464,15872,20486,6.7013564000080805,0.0,,121,121,ok,cdf01bc678b2df28188f995bdaf67933cfbb2deceb0909222dc0dc2ce783a530,False
case_009,1,5,win_w5,87327,153261,1.7550242193136143,495332,2961972,2466640,2466640,0,0.0,0,0,0,0,2961972,15872,20484,12.923164799984079,0.0,,733,733,ok,cb4bedd716bae24c06ec041cdcb5b3c55ae7d537f35cb743982b9ad70dba4338,False
case_009,1,5,win_w7,80091,153261,1.9135857961568716,495332,1944620,1449288,1449288,0,0.0,0,0,0,0,1944620,15872,20486,14.052228999993531,0.0,,438,438,ok,a7c9611d525fdb2298b4ae68136eab2ed2e9b434d5c00850be50799fa87cff54,False
case_009,1,5,win_w14,74597,153261,2.0545196187514243,495332,1401488,906156,906156,0,0.0,0,0,0,0,1401488,15872,28676,10.28843990000314,0.0,,218,218,ok,059d481ca881a32dd9be3e00ef3b174d9b8836efaf0bc1017ea28a3aa3e77334,False
case_009,1,5,win_w23,88686,153261,1.72813070834179,495332,996090,500758,500758,0,0.0,0,0,0,0,996090,15872,28678,7.3082987999951,0.0,,125,125,ok,712fde4db010fedefde3f0ae151450dfd4d8a9cd8ee434aa8c2943674497a145,False
case_009,1,5,stageU4_k5,93466,153261,1.6397513534333341,495332,1196600,701268,701268,0,0.0,0,0,0,0,1196600,15872,20484,14.14564469998004,0.0,,128,128,ok,2537396fa7ae1622b89ce383e49d4d3b0a4505608d7370d33c1f8fb2ae0fca64,False
case_009,1,5,stageC5_k4,91762,153261,1.6702011725986792,495332,749584,254252,254252,0,0.0,0,0,0,0,749584,15872,28678,9.797742499999003,0.0,,79,79,ok,37d54bdda32f9af25216f57cf5ffedcd0f9546dd1d26cd98342681dd0e467cb6,False
case_009,1,5,stageU12_k5,96415,153261,1.589597054400249,495332,2762724,2267392,2267392,0,0.0,0,0,0,0,2762724,15872,17968,19.728037099994253,0.0,,599,599,ok,aac6524474cdf4b833c44e243844ed182093d4eb6ed0f43ef0ffe02db90ed32f,False
case_009,1,5,component_group3,94139,153261,1.6280287659737198,495332,569060,73728,73728,0,0.0,0,0,0,0,569060,38400,69644,31.101833399996394,0.0,,9,9,ok,e542a9e018444d1867e787ea5915e8c01896c65e53c1a68010537bc9a072ae87,False
case_009,1,5,component_group4,96765,153261,1.5838474655092234,495332,569060,73728,73728,0,0.0,0,0,0,0,569060,38400,86032,25.870594300009543,0.0,,7,7,ok,c173dfe877bf0da7813e419e54a06b851b5200e8f1c4d0526b126b2e30a0e177,False
case_009,1,5,component_group5,97683,153261,1.5689628696907343,495332,544484,49152,49152,0,0.0,0,0,0,0,544484,38400,86032,18.926170799997635,0.0,,5,5,ok,0670e4158d4fb32c6d157647287a307e873956ceea0d7cae4850fdd18cb94c36,False
case_009,1,5,component_group6,98666,153261,1.5533314414286583,495332,544484,49152,49152,0,0.0,0,0,0,0,544484,38400,88596,11.924252900003921,0.0,,5,5,ok,98f735a380c28c2d7e16b4c4c2357843025fea3e95174e843fafd6729528e57f,False
case_009,1,5,component_group8,100571,153261,1.5239084825645564,495332,544484,49152,49152,0,0.0,0,0,0,0,544484,38400,122904,10.940059200016549,0.0,,4,4,ok,d1fada80646b735ea63f9a47f26924978f2701c368dda710c2fdfceb431087f8,False
case_009,1,5,pipevec_merge,92225,153261,1.6618162103551097,495332,667364,172032,172032,0,0.0,0,0,0,0,667364,15872,28678,10.46522520002327,0.0,,25,25,ok,134ac27b2a5ae6da9c8e75c11332ab041958c02d0da4162296e13233bf9a473e,False
case_009,1,5,membatch_70,92225,153261,1.6618162103551097,495332,569060,73728,73728,0,0.0,0,0,0,0,569060,38400,28678,19.950840000004973,0.0,,17,17,ok,b359dfbd5223bdc3fa713e6e97ec661c93131fc03174ff6a028f2a109c431e79,False
case_009,1,5,whole_graph,153261,153261,1.0,495332,495332,0,0,0,0.0,0,0,0,0,495332,38400,129066,0.0022265000152401626,0.0,,1,1,ok,ccdde200a7f71e169f2313b133482c73c6618d257a16e296aa749defce75fcd4,True
case_010,1,5,component_round_robin,43308,86969,2.0081509189987994,384150,577686,193536,193536,0,0.0,0,0,0,0,577686,229376,32776,0.4257235999975819,0.0,,5,5,ok,ccbfa82db86e374cdd8687de703074f3b40ae9772a46074e12b5977fd46be50f,False
case_010,1,5,component_lpt,31018,86969,2.8038235863047265,384150,529302,145152,145152,0,0.0,0,0,0,0,529302,229376,32776,0.3282865000073798,0.0,,5,5,ok,d8a6ea4cfe5686068c11bd504dc337312b99365cca29bfb78d5e35ca53ff80b4,False
case_010,1,5,component_pipe_balance,31015,86969,2.8040947928421733,384150,529302,145152,145152,0,0.0,0,0,0,0,529302,229376,32776,0.2842616999987513,0.0,,5,5,ok,4644987812f53a68656783cb06ca0e5bae3048b0c751c55544bf87236a0afc09,False
case_010,1,5,chain_heft,51473,86969,1.689604258543314,384150,2168786,1784636,1784636,0,0.0,0,0,0,0,2168786,16384,32768,1.1302549999963958,0.0,,270,270,ok,2843fdbc714354da0155b9dea457ad6c860199bbdc7917f64950d1439c239dd1,False
case_010,1,5,window8_heft,30234,86969,2.876529734735728,384150,1094510,710360,710360,0,0.0,0,0,0,0,1094510,16384,32776,0.426252499979455,0.0,,87,87,ok,db5e8cf4abb2500d082ca11bef5d17cf0ae5437e29d4278071bad2d06f0433c2,False
case_010,1,5,window10_heft,33636,86969,2.5855928172196454,384150,1244462,860312,860312,0,0.0,0,0,0,0,1244462,229376,49154,0.5328016999992542,0.0,,64,64,ok,975475fc7eaa7054ec8edbf82081f63227b10ba841e4d40906a6c8af4f94b1c5,False
case_010,1,5,window16_heft,30425,86969,2.8584716516023008,384150,767902,383752,383752,0,0.0,0,0,0,0,767902,229376,32776,0.5434492999920622,0.0,,45,45,ok,44d6eb8d28ec662028a02037f66267f5b67eaae2b924d4c8cb0801b51c66452f,False
case_010,1,5,component_pipe_lpt,29638,86969,2.934374789122073,384150,747030,362880,362880,0,0.0,0,0,0,0,747030,229376,32776,0.4569976999773644,0.0,,36,36,ok,67b0661622f75b02ce7d805bc669fbadef5fc0922d7d9e41802fcded9e3c3ce1,False
case_010,1,5,component_comm,38204,86969,2.2764370223013297,384150,747030,362880,362880,0,0.0,0,0,0,0,747030,229376,32776,0.4120374000049196,0.0,,36,36,ok,a3328c09051afc92391380f48bd8b313a5753f81c7d659050bee7df6c399b35b,False
case_010,1,5,scene_a_peft,31028,86969,2.80291994327704,384150,756246,372096,372096,0,0.0,0,0,0,0,756246,229376,32776,0.44892589998198673,0.0,,42,42,ok,c00a71abd73eb827fd7cf981a3b35f2504fba1443084493bc767fdef0db09f15,False
case_010,1,5,pipe_lane_pack,52999,86969,1.6409554897262213,384150,2168786,1784636,1784636,0,0.0,0,0,0,0,2168786,16384,32768,1.0912790000147652,0.0,,270,270,ok,d5a4c1c14067d079b33c9678b44f89ba6cffb5820b95c4a643f529b3eea7893c,False
case_010,1,5,scene_a_spine,30322,86969,2.8681815183695005,384150,756246,372096,372096,0,0.0,0,0,0,0,756246,229376,32776,0.40825939999194816,0.0,,42,42,ok,41675fe9ec5b3c1cda65aca282722fc9f7654e6db0bf648c65d9083f1521572d,False
case_010,1,5,bundle_pack,23710,86969,3.6680303669337833,384150,960142,575992,575992,0,0.0,0,0,0,0,960142,16384,32770,0.3328495000023395,0.0,,47,47,ok,b2237a2d0ea3b16df656492e9d60ac3fd1e3e5e579eda7c3d6b566dd9965811d,False
case_010,1,5,weighted_window_20_s1.0,93855,86969,0.9266315060465612,384150,4874650,4490500,4490500,0,0.0,0,0,0,0,4874650,16384,32774,0.8610037000034936,0.0,,329,329,ok,f4448e3eb43f78fec025011b38ea2e3c5332245d7a493b36d31a3a8d35b77358,False
case_010,1,5,weighted_window_15_s0.65,91132,86969,0.9543190097879998,384150,4703086,4318936,4318936,0,0.0,0,0,0,0,4703086,16384,32774,0.5759751999867149,0.0,,306,306,ok,c9370f5313edf083eb753b67c14942e2c1f03752457c6242984462206c851639,False
case_010,1,5,weighted_window_10_s0.35,89038,86969,0.9767627305195534,384150,4480650,4096500,4096500,0,0.0,0,0,0,0,4480650,16384,32774,0.6480469000234734,0.0,,252,252,ok,e02c665441c8e8806592a06a88996d347472df70164df10ad5dca394950f7784,False
case_010,1,5,critical_cut_b0.16_s1.0,41188,86969,2.11151306205691,384150,1942706,1558556,1558556,0,0.0,0,0,0,0,1942706,16384,32776,0.40179469998111017,0.0,,129,129,ok,088f7ca267d31e8a9cbab525c9a462ee22a5d07fc05ac4835e12032329cbb829,False
case_010,1,5,critical_cut_b0.06_s0.35,53313,86969,1.6312906795715867,384150,2870842,2486692,2486692,0,0.0,0,0,0,0,2870842,16384,32774,0.6543063999852166,0.0,,154,154,ok,d8cc97cf87dabe32fbcf86f2b182b5c98503b5e3d6f677cf3f572f6e2998c542,False
case_010,1,5,win_w5,36049,86969,2.4125218452661654,384150,1712158,1328008,1328008,0,0.0,0,0,0,0,1712158,32768,32772,0.5077062999771442,0.0,,128,128,ok,3b08699d34d08fa06c43cbb3e666df1c87e10b8b64e675c7adab93007f64e125,False
case_010,1,5,win_w7,24737,86969,3.5157456441767394,384150,1166878,782728,782728,0,0.0,0,0,0,0,1166878,16384,32774,0.4100705999881029,0.0,,95,95,ok,8429918de0aaa7da39b0288a4bb9239fcc90a4ecc1a0e94e05da7b6795a34e44,False
case_010,1,5,win_w14,30425,86969,2.8584716516023008,384150,785842,401692,401692,0,0.0,0,0,0,0,785842,229376,32774,0.28799439998692833,0.0,,46,46,ok,d3cfc1f6d07a14c01e6e33bb1b822383eaf4227d906c415fc87b4d61bbf8751f,False
case_010,1,5,win_w23,30322,86969,2.8681815183695005,384150,757014,372864,372864,0,0.0,0,0,0,0,757014,229376,32776,0.36416739999549463,0.0,,41,41,ok,b7ea8560a6a2646cf9f292404994472cd00cbfda8caa7fe3f29ee946d4f20c24,False
case_010,1,5,stageU4_k5,54366,86969,1.5996946621049921,384150,2770754,2386604,2386604,0,0.0,0,0,0,0,2770754,16384,32776,0.5415677999844775,0.0,,225,225,ok,215fa1497fb6a68d0994eedf3ed9d5067c506996504acb44ad446430bb1c7937,False
case_010,1,5,stageC5_k4,39146,86969,2.221657385173453,384150,1399350,1015200,1015200,0,0.0,0,0,0,0,1399350,16384,32776,0.3974328000040259,0.0,,161,161,ok,89d05df78d60bcca9743c1b34640b52f3a46b338d6bd1d708431c950fd27f8ed,False
case_010,1,5,stageU12_k5,88214,86969,0.9858865939646768,384150,4575074,4190924,4190924,0,0.0,0,0,0,0,4575074,32768,32774,1.1910888999991585,0.0,,377,377,ok,9a6a7dd32e87a0ce0be8bd144344168f9f5a3a2011946e5135ce814c317f1e58,False
case_010,1,5,component_group3,33881,86969,2.566895900357132,384150,525846,141696,141696,0,0.0,0,0,0,0,525846,229376,32776,0.3457217999966815,0.0,,12,12,ok,b1c6ea9a2e211c07a65a9d1813589bf2f3e073160a326ea2408d5bdc536f37fe,False
case_010,1,5,component_group4,37304,86969,2.33135856744585,384150,498198,114048,114048,0,0.0,0,0,0,0,498198,229376,32776,0.33281549997627735,0.0,,9,9,ok,553bea8ea492b2f34edad412c423100352280e1e4e75dab962224811ccf9ff97,False
case_010,1,5,component_group5,38329,86969,2.269013018863002,384150,477462,93312,93312,0,0.0,0,0,0,0,477462,229376,32776,0.19919740001205355,0.0,,8,8,ok,dfeaca2363a6be7eff274e59985541608ff75c1abbd283f7065fbd1c8f120996,False
case_010,1,5,component_group6,35810,86969,2.428623289583915,384150,449814,65664,65664,0,0.0,0,0,0,0,449814,229376,32776,0.25400399998761714,0.0,,6,6,ok,76a39e2244998cc1ee0c7feb47225a18ed650c0ed9c1c98737ec9fedb15ed803,False
case_010,1,5,component_group8,39658,86969,2.192974935700237,384150,449814,65664,65664,0,0.0,0,0,0,0,449814,229376,32776,0.35663699998985976,0.0,,5,5,ok,3ed96e3dba02a4663b40f618538af1c967e2a74d9ec1a334e36ec5df02b500dc,False
case_010,1,5,pipevec_merge,29770,86969,2.9213637890493787,384150,747030,362880,362880,0,0.0,0,0,0,0,747030,229376,32776,0.31380360000184737,0.0,,36,36,ok,53136f33e0bf0c5b0b2c690c810b1693a68fd1b65e7eb2b97aa857ec475ec1f3,False
case_010,1,5,membatch_70,30466,86969,2.8546248276767545,384150,594966,210816,210816,0,0.0,0,0,0,0,594966,229376,32776,0.23416540000471286,0.0,,11,11,ok,e9bd4f8b2644e904d3347b50f5a1d10fc7528a24563d65717258b4f66d72ac9b,False
case_010,1,5,whole_graph,86969,86969,1.0,384150,384150,0,0,0,0.0,0,0,0,0,384150,229376,32776,0.000319099985063076,0.0,,1,1,ok,27017e20b878a71ee7915b08e748e33a0f15ff55e74f35099d97e469ca7a6ce6,True
case_011,1,5,component_round_robin,47287,184697,3.905872649988369,606208,2228224,1622016,1622016,0,0.0,0,0,0,0,2228224,18432,0,1.0264480999903753,0.0,,5,5,ok,fad3efa6189e5616cdba353b27889880b6b1f8ff16a8ae7b526f4b716fc56771,False
case_011,1,5,component_batches_128,48071,184697,3.8421709554617127,606208,2228224,1622016,1622016,0,0.0,0,0,0,0,2228224,18432,0,1.2174393000022974,0.0,,10,10,ok,237c551fcbf2565fec0681d8eebac3cccc25fb011d42f28a4c8d0a01932d49e9,False
case_011,1,5,component_pipe_lpt,49484,184697,3.7324589766389136,606208,2228224,1622016,1622016,0,0.0,0,0,0,0,2228224,18432,0,0.9951291000179481,0.0,,16,16,ok,f0570d20040b0b78b4c9dc8071962ff49dc33b0218536d04a9665643d34ef95f,False
case_011,1,5,component_comm,49484,184697,3.7324589766389136,606208,2228224,1622016,1622016,0,0.0,0,0,0,0,2228224,18432,0,0.9017076000163797,0.0,,16,16,ok,62218f394455198fda84112628c2a7f74f3a158d7fc3acc7468cc7648488b4fa,False
case_011,1,5,scene_a_peft,56861,184697,3.2482193419039413,606208,2572288,1966080,1966080,0,0.0,0,0,0,0,2572288,18432,0,0.8073936000000685,0.0,,58,58,ok,051dc4d29080ae5447ebf717c4a0c5ce4402dd03db5d05b9ea225f659873cc35,False
case_011,1,5,scene_a_spine,50168,184697,3.681569925051826,606208,2572288,1966080,1966080,0,0.0,0,0,0,0,2572288,18432,0,1.057364200009033,0.0,,58,58,ok,bbd003f4d33a06d355aeaed530c59f5466cdf52474841949bed895e689d662d3,False
case_011,1,5,weighted_window_20_s1.0,148564,184697,1.243215045367653,606208,7077888,6471680,6471680,0,0.0,0,0,0,0,7077888,16384,0,3.6553940000012517,0.0,,608,608,ok,b7f5dde6bf43393c97cf55c4655d05c92066cc8aeed8e74082f0df371441d478,False
case_011,1,5,weighted_window_15_s0.65,135941,184697,1.3586555932353006,606208,6422528,5816320,5816320,0,0.0,0,0,0,0,6422528,16384,0,2.9778770999982953,0.0,,528,528,ok,12397bb71148bbdc23013356798bd9c6c53b9ed2ae50ddfa99c328fbf85c4cda,False
case_011,1,5,weighted_window_10_s0.35,128628,184697,1.435900426034767,606208,5898240,5292032,5292032,0,0.0,0,0,0,0,5898240,16384,0,2.2930655000091065,0.0,,464,464,ok,387882d0f7d930b8c1a497f84e1f847008c99509c74181ec1dc5795d9a167a6e,False
case_011,1,5,critical_cut_b0.16_s1.0,85241,184697,2.1667624734576085,606208,4268032,3661824,3661824,0,0.0,0,0,0,0,4268032,18432,0,1.8704809000191744,0.0,,265,265,ok,230d745e46368cf726604347ed3ca5b4abb7b21d9e1dfd1089558c2cf9e599a0,False
case_011,1,5,critical_cut_b0.06_s0.35,109597,184697,1.685237734609524,606208,4661248,4055040,4055040,0,0.0,0,0,0,0,4661248,18432,0,1.8029120000137482,0.0,,313,313,ok,fbd3ea6b1831f6db949447c7cc522e36599b90f87a9c25fe7cab3c019008e4e1,False
case_011,1,5,win_w5,115824,184697,1.5946349633927337,606208,4980736,4374528,4374528,0,0.0,0,0,0,0,4980736,18432,0,1.4391544999962207,0.0,,352,352,ok,38bbaf01896725ecedd5dfb5553127ae75fa237649c2f5771c4838917745d526,False
case_011,1,5,win_w7,105368,184697,1.7528756358666768,606208,4587520,3981312,3981312,0,0.0,0,0,0,0,4587520,18432,0,1.5686632000142708,0.0,,304,304,ok,54e799adfe477123fdd35c4acdafb9c180fcdbf1f2c49d7ce37463212cce3c51,False
case_011,1,5,stageU4_k5,130163,184697,1.4189669875463842,606208,5111808,4505600,4505600,0,0.0,0,0,0,0,5111808,16384,0,0.8500433000153862,0.0,,368,368,ok,964b1365be0a36df801f8c433d9bc7a392858cbafced28fc8070a3fa624435b1,False
case_011,1,5,stageC5_k4,137836,184697,1.3399764938042311,606208,4980736,4374528,4374528,0,0.0,0,0,0,0,4980736,16384,0,2.192038600012893,0.0,,352,352,ok,6a42aa00ad10888dbfa51e8a2b83ff57cc191aa490f727bd4edb8659c609418b,False
case_011,1,5,stageU12_k5,130708,184697,1.4130504636288521,606208,5242880,4636672,4636672,0,0.0,0,0,0,0,5242880,16384,0,1.7667053999903146,0.0,,384,384,ok,026d00c62169a732eae4cb805e30e65fff847e72568486a2d60d6fb8ec165375,False
case_011,1,5,component_group3,47339,184697,3.901582204947295,606208,1867776,1261568,1261568,0,0.0,0,0,0,0,1867776,69632,0,0.962269900017418,0.0,,6,6,ok,b1384bdb588555b397fab5d1dfb2e34f1e628825b91d57c153dc4a738dec5ae0,False
case_011,1,5,component_group4,46880,184697,3.9397824232081913,606208,1687552,1081344,1081344,0,0.0,0,0,0,0,1687552,69632,0,0.6351767999876756,0.0,,4,4,ok,fb9c79f74230779bc67c2bf8ef8ea442dc2c82dfb2ba685ef586576165ba0c6b,False
case_011,1,5,component_group5,58339,184697,3.1659267385453984,606208,1552384,946176,946176,0,0.0,0,0,0,0,1552384,159744,0,0.5584812999877613,0.0,,4,4,ok,9a3cab452c77c681fd075f371d939c2341b1bc0d1814437b3255fa839551a604,False
case_011,1,5,component_group6,69694,184697,2.6501133526558958,606208,1372160,765952,765952,0,0.0,0,0,0,0,1372160,249856,0,0.4993215999857057,0.0,,3,3,ok,ee985012c38ab35e753d29a5c596aa33845d81b4ba0ca9312d941e16228b35c1,False
case_011,1,5,component_group8,92646,184697,1.9935777043801135,606208,966656,360448,360448,0,0.0,0,0,0,0,966656,380928,0,0.2545395999914035,0.0,,2,2,ok,83d8b0b8ecd5d9879e89e296382522d640912cb408b56b7e3dde498315ac6486,False
case_011,1,5,membatch_70,49484,184697,3.7324589766389136,606208,2228224,1622016,1622016,0,0.0,0,0,0,0,2228224,18432,0,0.7454948000086006,0.0,,16,16,ok,1e6d20f0796b538abd17e73811e9a8c638250b47d29822ca96156d6773931265,False
case_011,1,5,whole_graph,184697,184697,1.0,606208,606208,0,0,0,0.0,0,0,0,0,606208,421888,0,0.0007730999786872417,0.0,,1,1,ok,4654533429c510200d28b34fde3c87eea200b3d307924f2518e622b4f769659b,True
case_012,1,5,component_round_robin,20732,59088,2.8500868223036853,554898,614802,59904,59904,0,0.0,0,0,0,0,614802,19008,24586,1.9187899999960791,0.0,,5,5,ok,593944d62c4fc73d4c6f27c9100b19e2a7ab5defba351bc45d132620bd1d41b5,False
case_012,1,5,component_lpt,13406,59088,4.407578696106221,554898,608466,53568,53568,0,0.0,0,0,0,0,608466,28224,30728,1.5292080999934115,0.0,,5,5,ok,e6a1a98fe00d73dedc82bcde092539ea5feaaa0186fcf2f232535847da066171,False
case_012,1,5,component_pipe_balance,14300,59088,4.132027972027972,554898,604434,49536,49536,0,0.0,0,0,0,0,604434,28224,30728,1.3297525999951176,0.0,,5,5,ok,338b31fb9ce7ef347731972be3f56f4a5025be0a3fb8981f7df8859391fd6a1d,False
case_012,1,5,component_batches_128,15051,59088,3.925852102850309,554898,613650,58752,58752,0,0.0,0,0,0,0,613650,28224,24586,1.106597599980887,0.0,,11,11,ok,82308663c8e363750e0b414edacbe3b4df6cf6e223310858ddc72b2316179920,False
case_012,1,5,component_pipe_lpt,17788,59088,3.321789970766809,554898,656274,101376,101376,0,0.0,0,0,0,0,656274,19008,24586,0.5105297999980394,0.0,,50,50,ok,b1efde604c41f995d6e2eaacee37258c25b404cb37a82b9915a78f9d693bbe62,False
case_012,1,5,component_comm,18486,59088,3.196364816617981,554898,656274,101376,101376,0,0.0,0,0,0,0,656274,19008,24586,1.0170811999996658,0.0,,50,50,ok,1a9d53a3292a22c5764b4271628346fcdd50f694968d6770bbb9e63887537c51,False
case_012,1,5,scene_a_peft,17851,59088,3.3100666629320488,554898,689042,134144,134144,0,0.0,0,0,0,0,689042,19008,24586,1.1128270000044722,0.0,,58,58,ok,ca41aa1c7a4077bb087e16bc42c09a52b3f51fc7c64bb5924f46cf367813c584,False
case_012,1,5,pipe_lane_pack,42591,59088,1.3873353525392689,554898,1552882,997984,997984,0,0.0,0,0,0,0,1552882,19008,18432,2.7415860000182875,0.0,,479,479,ok,d54a132d549cf3463d37078758bfe4a77f74c4e39380a97f41d3412d15ef1fec,False
case_012,1,5,scene_a_spine,17896,59088,3.301743406347787,554898,689042,134144,134144,0,0.0,0,0,0,0,689042,19008,24586,1.201608600007603,0.0,,58,58,ok,bc49e714b858ad9e9d484d7753885e46a101c0dfdc665630046299e31b652945,False
case_012,1,5,weighted_window_20_s1.0,42593,59088,1.3872702087197426,554898,2101740,1546842,1546842,0,0.0,0,0,0,0,2101740,19008,18432,2.3187003000057302,0.0,,381,381,ok,91f915971c29dae8a95ebe773dd4201f3f602efe78f32f622cf0bc25cc991403,False
case_012,1,5,weighted_window_15_s0.65,36307,59088,1.6274547607899303,554898,1851638,1296740,1296740,0,0.0,0,0,0,0,1851638,19008,18432,2.612996200012276,0.0,,238,238,ok,4ee61769da64963c15ea6239c8c9b6b76e327e6c15f888be859e364c1d4226c1,False
case_012,1,5,weighted_window_10_s0.35,27805,59088,2.1250854162920336,554898,1409056,854158,854158,0,0.0,0,0,0,0,1409056,19008,18432,1.1380540000100154,0.0,,166,166,ok,a7320d6999aff9c01bc67cd5eb2227dd89c7efff8a0e232d7431d27da46c5bf5,False
case_012,1,5,critical_cut_b0.16_s1.0,25068,59088,2.357108664432743,554898,970962,416064,416064,0,0.0,0,0,0,0,970962,19008,18432,1.294164599996293,0.0,,160,160,ok,ea14a92101d03fa4012cbaef7666c037e36c6a1db86834fd036ab6f6d47d3cfe,False
case_012,1,5,critical_cut_b0.06_s0.35,28585,59088,2.067098128389015,554898,1225448,670550,670550,0,0.0,0,0,0,0,1225448,19008,18432,1.6884294000046793,0.0,,204,204,ok,25b9d3e7b77a44f4ff7d8bac473d735e536b2fd0e16d341eec86d1ff9c9d1e82,False
case_012,1,5,win_w5,26318,59088,2.2451554069458166,554898,1198886,643988,643988,0,0.0,0,0,0,0,1198886,19008,18432,1.5772231000009924,0.0,,198,198,ok,febd323f907cabe5bb2a99d5cc28330313f82418e5cf162848fae7dac238548e,False
case_012,1,5,win_w7,19844,59088,2.9776254787341263,554898,859710,304812,304812,0,0.0,0,0,0,0,859710,19008,18432,1.7837692000030074,0.0,,111,111,ok,672232ce068c577147127afa1ed1593b7b27ec1df91a57b920d7841c608630b5,False
case_012,1,5,stageU4_k5,44247,59088,1.335412570343752,554898,2057496,1502598,1502598,0,0.0,0,0,0,0,2057496,19008,18432,2.7499559999851044,0.0,,417,417,ok,83a4134157e77b3ae8ec17a4fca536654d91e16d12c135a1f8f5fc999399cd51,False
case_012,1,5,stageC5_k4,39985,59088,1.4777541578091784,554898,1656006,1101108,1101108,0,0.0,0,0,0,0,1656006,19008,18432,2.2031455999822356,0.0,,308,308,ok,0ef4d64b3929aeb0deab8fb868c5f92d4dcf0e8befd102c9f9edf529ffb90cfc,False
case_012,1,5,stageU12_k5,55707,59088,1.0606925521029673,554898,2628040,2073142,2073142,0,0.0,0,0,0,0,2628040,19008,18432,5.819424000015715,0.0,,645,645,ok,53747cb49204bdeaf340738a899562c86657fd7c123623a9c5e975d10472f3d5,False
case_012,1,5,component_group3,13965,59088,4.231149301825994,554898,599250,44352,44352,0,0.0,0,0,0,0,599250,28224,51216,1.2751626999815926,0.0,,17,17,ok,465459821fc480fe566a039525d215061582602f9282da5f6495402d37ae4e6b,False
case_012,1,5,component_group4,21397,59088,2.7615086227041172,554898,599250,44352,44352,0,0.0,0,0,0,0,599250,28224,51216,1.2731185000156984,0.0,,13,13,ok,8c179e9ec07646713054315ebe7d51b776f40e8769790f2fbf1660074dbe4fb6,False
case_012,1,5,component_group5,15477,59088,3.8177941461523552,554898,571026,16128,16128,0,0.0,0,0,0,0,571026,28224,63508,1.36733579999418,0.0,,10,10,ok,add73d1e08d27b64d1f92cf08bc8eb52592a5f31b338728178334a648e845605,False
case_012,1,5,component_group6,22014,59088,2.6841101117470703,554898,567570,12672,12672,0,0.0,0,0,0,0,567570,28224,51216,1.4188642999797594,0.0,,9,9,ok,61f1a5b0e05039da6f5f04c093c1e68d843f2f3880f160f0f7c8f272881aa029,False
case_012,1,5,component_group8,27981,59088,2.1117186662378042,554898,571026,16128,16128,0,0.0,0,0,0,0,571026,28224,75800,1.982257000025129,0.0,,7,7,ok,793780d0e9f515eaf2317a113257aae816cbc063be4627564700a487e1ec224f,False
case_012,1,5,pipevec_merge,17339,59088,3.4078089855239635,554898,656274,101376,101376,0,0.0,0,0,0,0,656274,19008,24586,1.2237258000241127,0.0,,50,50,ok,5e6ca88844494b41fdbc48569529c98046074c3c602774f0fdd55518185dd6f7,False
case_012,1,5,membatch_70,15155,59088,3.898911250412405,554898,607890,52992,52992,0,0.0,0,0,0,0,607890,28224,24586,1.1765546999813523,0.0,,12,12,ok,6f528d0d95f612678d95ee654af354c3aa54a5e54ab3924a5e8606e35eb69e17,False
case_012,1,5,whole_graph,59088,59088,1.0,554898,554898,0,0,0,0.0,0,0,0,0,554898,34176,92200,0.0005460000247694552,0.0,,1,1,ok,6c574feee57460f6675bd0940dae8346c9aebb9d5c27ead898c45e34645658da,True
case_013,1,5,component_round_robin,54363,263949,4.855305998565201,2527232,2560000,32768,32768,0,0.0,0,0,0,0,2560000,20480,0,1.2361600000003818,0.0,,5,5,ok,95cba29670919951d8751c3c4460a7c16f4c6021c845ff2bbc0736d395dc5266,False
case_013,1,5,component_batches,55366,263949,4.767348192031211,2527232,2600960,73728,73728,0,0.0,0,0,0,0,2600960,20480,0,1.3479015000048093,0.0,,10,10,ok,de24d90c2d4acafdef534f6451b8d4daab9d6b6e3ee81ddbdf768dffc1b20b94,False
case_013,1,5,component_batches_128,57372,263949,4.600658857979502,2527232,2682880,155648,155648,0,0.0,0,0,0,0,2682880,20480,0,2.5563477000105195,0.0,,20,20,ok,e5b1d4aecd38f7f007b0ec7575a375d9cd93ca488c9295bc372162cfbfd2b74c,False
case_013,1,5,component_pipe_lpt,102984,263949,2.563009787928222,2527232,4534272,2007040,2007040,0,0.0,0,0,0,0,4534272,12288,0,4.1427381000248715,0.0,,246,246,ok,b2600ff4842fc5234e5a834e7ca31494b4419ef0776afa7f928eb29d5cdf9521,False
case_013,1,5,scene_a_peft,81839,263949,3.2252226933369177,2527232,4550656,2023424,2023424,0,0.0,0,0,0,0,4550656,12288,0,6.105791199981468,0.0,,250,250,ok,26a972e506dfaff382ac2226fc3eaefa670d157ce53550eedcfc67343b4bb3ef,False
case_013,1,5,scene_a_spine,103693,263949,2.5454852304398563,2527232,4550656,2023424,2023424,0,0.0,0,0,0,0,4550656,12288,0,5.600575799995568,0.0,,250,250,ok,0357c2894d373a1da41f41e488ad295d8bfae8c4fd81c331cbb513ac7a4cffc9,False
case_013,1,5,weighted_window_20_s1.0,298637,263949,0.8838456051996236,2527232,11587584,9060352,9060352,0,0.0,0,0,0,0,11587584,6144,0,24.2875148000021,0.0,,1968,1968,ok,c4aaad340f83fc9729a52864e42621a699a6d48d62feac4f3e1bd7a153ab0773,False
case_013,1,5,critical_cut_b0.16_s1.0,191363,263949,1.3793105250231237,2527232,7749632,5222400,5222400,0,0.0,0,0,0,0,7749632,12288,0,13.534577899990836,0.0,,1031,1031,ok,07bdf8612b87cfb5a0b96ceefeaf4ddadfde9914da57b916f23a5e5afd8d5200,False
case_013,1,5,critical_cut_b0.06_s0.35,212218,263949,1.2437634884882527,2527232,8007680,5480448,5480448,0,0.0,0,0,0,0,8007680,12288,0,12.100719800015213,0.0,,1094,1094,ok,35c812fc515f1ebc0ac73df903164ccb977e15b1526f04f620b375a48dc46d7b,False
case_013,1,5,whole_graph,263949,263949,1.0,2527232,2527232,0,0,0,0.0,0,0,0,0,2527232,20480,0,0.02951210000901483,0.0,,1,1,ok,e0751c5683a02d5525c756b196b760d40d3802634b460bb96d979d61e38c2179,True
case_014,1,5,component_round_robin,3694137,17698626,4.791004231840887,9932740,98696428,88763688,36365664,52398024,0.0,0,0,0,0,98696428,523776,132,2159.498262600013,0.0,,5,5,ok,30fa805b6d1d094f698b6b25fed985115353dc8adf10bdfbf5856b89cc4c01f3,False
case_014,1,5,component_pipe_balance,3712893,17698626,4.766802059741555,9932740,103907788,93975048,35233968,58741080,0.0,0,0,0,0,103907788,523776,132,850.1924022999883,0.0,,5,5,ok,69d2dfd348c54fb4b0764280c617db6045763868c7f9743d4084c333cd3ac6b9,False
case_014,1,5,component_batches,3678253,17698626,4.811693486010886,9932740,114641356,104708616,99970224,4738392,0.0,0,0,0,0,114641356,523152,132,25.121817699982785,0.0,,152,152,ok,3c44de251ef4b1b80e1d5e0217465981b0e0d770ab5120d4217078608ca21c64,False
case_014,1,5,component_pipe_lpt,3844317,17698626,4.603841462605711,9932740,175838332,165905592,165905592,0,0.0,0,0,0,0,175838332,172224,132,48.07132940000156,0.0,,1340,1340,ok,0c94e99877c0e90f5635569acefed2e4521fc7c2ee89258a699ad9a3c0814858,False
case_014,1,5,component_comm,4001035,17698626,4.42351191629166,9932740,175838332,165905592,165905592,0,0.0,0,0,0,0,175838332,172224,132,50.31844000000274,0.0,,1340,1340,ok,3f7e4e64a2ddba28affaf0a3b62458942b92f8d39d6df08f00e0b45615a9d1c4,False
case_014,1,5,whole_graph,17698626,17698626,1.0,9932740,80943460,71010720,0,71010720,0.0,0,0,0,0,80943460,524016,132,0.025424799998290837,0.0,,1,1,ok,43598346f048bb5ea77dc412b4635660f318996f3a003815a5838d89b09e1521,True
case_015,1,5,component_round_robin,67150,177362,2.6412807148175728,884614,1323910,439296,439296,0,0.0,0,0,0,0,1323910,196608,106510,0.9306658999994397,0.0,,5,5,ok,cb6caae5ab2e87c2b5a2af3d6644663779a8c11b55d3fe71b2e408faf7e437f5,False
case_015,1,5,component_lpt,44068,177362,4.024734501225379,884614,1216390,331776,331776,0,0.0,0,0,0,0,1216390,196608,114702,1.0610039999883156,0.0,,5,5,ok,d00f284c85bba7fd26a1f739885b9e8865af2c225893fdb754dbcf3dcf58e996,False
case_015,1,5,component_pipe_balance,42569,177362,4.166459160421903,884614,1210758,326144,317952,8192,0.0,0,0,0,0,1210758,196608,122896,1.063344700000016,0.0,,5,5,ok,aca43e88035fb92079cb46171f65f5d50ab35292bfcbac0b9f2b54331c9bdee2,False
case_015,1,5,component_batches,43369,177362,4.089603172773179,884614,1210758,326144,317952,8192,0.0,0,0,0,0,1210758,196608,122896,0.7247661000001244,0.0,,7,7,ok,f463a46b72dff3a874966972f7251781be872c8dc7ae0d638ec69f76c334ca3c,False
case_015,1,5,component_batches_128,43800,177362,4.049360730593607,884614,1223302,338688,338688,0,0.0,0,0,0,0,1223302,196608,81930,0.7092507999914233,0.0,,10,10,ok,26f5a76bfc976655a92094bcfd2e9800087d8306dafb1637599bc63aa0215bb7,False
case_015,1,5,component_pipe_lpt,51354,177362,3.453713440043619,884614,1786246,901632,901632,0,0.0,0,0,0,0,1786246,196608,81930,0.7358173000102397,0.0,,46,46,ok,76c657b459d8e45fcabbb21fda908656f3677237ae91cd80a80e14738f346d6a,False
case_015,1,5,component_comm,56419,177362,3.143657278576366,884614,1786246,901632,901632,0,0.0,0,0,0,0,1786246,196608,81930,0.5804349000100046,0.0,,46,46,ok,a27cfbde0182b8c5a455e58c83c11af70fb62adca167ce82445ba776edb0aca9,False
case_015,1,5,scene_a_peft,56909,177362,3.116589643114446,884614,1841542,956928,956928,0,0.0,0,0,0,0,1841542,196608,81930,0.7984877000271808,0.0,,48,48,ok,b43cc8a46f844a887571f34a4bd9554c6c348cde59c879c3035f400cf055301c,False
case_015,1,5,pipe_lane_pack,117879,177362,1.504610660083645,884614,4875430,3990816,3990816,0,0.0,0,0,0,0,4875430,48128,32768,2.1339958000171464,0.0,,502,502,ok,03c26412127868601ec8b048c046f78ca46e9f0a81e9c56b01edd1fa0e48947d,False
case_015,1,5,scene_a_spine,44879,177362,3.952004278170191,884614,1841542,956928,956928,0,0.0,0,0,0,0,1841542,196608,81930,0.5031466000073124,0.0,,48,48,ok,87fff83c8eef1f98d5d15937f5e470366aa503aeb8103737df5dea4ef91e6348,False
case_015,1,5,weighted_window_20_s1.0,117497,177362,1.5095023702732835,884614,6506630,5622016,5622016,0,0.0,0,0,0,0,6506630,48128,32774,1.0183933000080287,0.0,,228,228,ok,d324dd2f38ff28a11924e8b3670e06dfa183df2f6dfcf24846a06e991ada36b3,False
case_015,1,5,weighted_window_15_s0.65,103203,177362,1.7185740724591339,884614,5407778,4523164,4523164,0,0.0,0,0,0,0,5407778,48128,32774,1.3154981000116095,0.0,,183,183,ok,3e8f4f9f82b046e70bd9382e1ead7ef0b077b08adc96f09ca1a0a5809c844d27,False
case_015,1,5,weighted_window_10_s0.35,88128,177362,2.012549927378359,884614,4774414,3889800,3889800,0,0.0,0,0,0,0,4774414,48128,32774,1.2011270000075456,0.0,,132,132,ok,5b016855f4045d3f947789615499ccf892fa5c6caaa3e194a14482fda3af7768,False
case_015,1,5,critical_cut_b0.16_s1.0,50902,177362,3.484381753172763,884614,2091022,1206408,1206408,0,0.0,0,0,0,0,2091022,196608,81930,1.0486091000202578,0.0,,126,126,ok,a0e8a43548b4d48902903901221eddba6f306870ceacad540817c5f1edcceddd,False
case_015,1,5,critical_cut_b0.06_s0.35,62628,177362,2.83199208021971,884614,3302922,2418308,2418308,0,0.0,0,0,0,0,3302922,48128,32776,1.0345569000055548,0.0,,103,103,ok,4ac7eb0870f78e42359ec8168c63b4b0eaea105acdda2d5b3e12907b33893cd9,False
case_015,1,5,win_w5,79935,177362,2.218827797585538,884614,4555750,3671136,3671136,0,0.0,0,0,0,0,4555750,48128,32774,1.2143169000046328,0.0,,181,181,ok,8deac751da68c81a6b1bbf9b70cff2dc029715175c6256087448eb1f0823558d,False
case_015,1,5,win_w7,53422,177362,3.3200179701246677,884614,2670182,1785568,1785568,0,0.0,0,0,0,0,2670182,48128,49158,0.858556299994234,0.0,,115,115,ok,800db6c84e1ba6ad17002c89948f07bbcfd4b4905317dcd3b8cf365a7154444f,False
case_015,1,5,win_w14,48288,177362,3.6730036447978796,884614,1966550,1081936,1081936,0,0.0,0,0,0,0,1966550,196608,73738,0.4111395000072662,0.0,,64,64,ok,bde716988cc6c6af4cc5f8ba0f5f0e76ec79aa588616cf73cd182f375b21802c,False
case_015,1,5,stageU4_k5,109024,177362,1.6268161138831816,884614,5456166,4571552,4571552,0,0.0,0,0,0,0,5456166,180224,49158,2.152656099991873,0.0,,371,371,ok,c5ecf329a04589518fd5dfcb6848b96acd349b67bd0ad58bf27a4de39dc59641,False
case_015,1,5,stageC5_k4,109256,177362,1.6233616460423226,884614,5113534,4228920,4228920,0,0.0,0,0,0,0,5113534,180224,32776,1.662589299987303,0.0,,419,419,ok,4e2413ce6cc55f600815e10e2dffd0b02a86c0a0959822eb068cfbd795d3e263,False
case_015,1,5,stageU12_k5,144911,177362,1.223937451263189,884614,7405210,6520596,6520596,0,0.0,0,0,0,0,7405210,48128,32776,1.9857582000258844,0.0,,524,524,ok,1572f634e9b5e17b52cd6d4afedea3dd064bde78c6966634d41717675530c484,False
case_015,1,5,component_group3,40013,177362,4.432609401944368,884614,1127302,242688,242688,0,0.0,0,0,0,0,1127302,196608,114700,0.741295399988303,0.0,,16,16,ok,8d9c4be4fd7f7f606fff0851d11e117309f700fdbcaec11050f474f68845dc64,False
case_015,1,5,component_group4,46294,177362,3.8312092279777077,884614,1140358,255744,231168,24576,0.0,0,0,0,0,1140358,196608,122896,0.8097263000090607,0.0,,12,12,ok,6ecdf3e02b78471a9dd8e7fb7d245bd3fcc95fa3516425f156354a8b40835184,False
case_015,1,5,component_group5,50410,177362,3.5183892084903787,884614,1035142,150528,125952,24576,0.0,0,0,0,0,1035142,196608,122896,0.793347900005756,0.0,,10,10,ok,6c387af2a8a4b442fe6eab18bbdcf281d3d5066df18815bc98287fb1d6f646ec,False
case_015,1,5,component_group6,65803,177362,2.695348236402596,884614,1055118,170504,121344,49160,0.0,0,0,0,0,1055118,196608,122896,0.5153090999810956,0.0,,8,8,ok,5f7be9220c1271d7bd270c79b8a43a45791ca968b156e1df819badfb205626fd,False
case_015,1,5,component_group8,85420,177362,2.0763521423554203,884614,1030534,145920,121344,24576,0.0,0,0,0,0,1030534,196608,122896,0.8265334000170697,0.0,,6,6,ok,1aa76d946cfae102723a305018e7824884593d27f5da10daa790e66dd4c7259c,False
case_015,1,5,pipevec_merge,43416,177362,4.085175971991893,884614,1786246,901632,901632,0,0.0,0,0,0,0,1786246,196608,81930,0.6177016000146978,0.0,,46,46,ok,eede173eb56f5fb6d64b8b7f022459f2700c2dbaf80056fafd4ba6095625acca,False
case_015,1,5,membatch_70,45109,177362,3.9318539537564567,884614,1426822,542208,542208,0,0.0,0,0,0,0,1426822,196608,81930,0.53190210001776,0.0,,21,21,ok,c513943bba5c8a778dd8bfb6a8ba5c080fe48545fcb826435cb4475c1884d533,False
case_015,1,5,whole_graph,177362,177362,1.0,884614,1064870,180256,0,180256,0.0,0,0,0,0,1064870,196608,122904,0.0005317000031936914,0.0,,1,1,ok,5229f26f90c82151708c2cb78c0b2e95b118e990ba8619ee27f9957671b409bc,True
case_016,1,5,component_round_robin,7715523,7715523,1.0,393218,393218,0,0,0,0.0,0,0,0,0,393218,393216,65544,0.0006371999916154891,0.0,,1,1,ok,21d209bb67af2852a38e87dca51cb294aced7191073d35bbd8c3f6d0d0d9f9c8,True
case_016,1,5,chain_heft,4082154,7715523,1.8900617174168344,393218,119965626,119572408,119572408,0,0.0,0,0,0,0,119965626,32768,65536,253.38885960000334,0.0,,7015,7015,ok,a7419c0faa2c8a4f41bce9d00faf4aba3250eece91afa2becb7a3395a9f4ab25,False
case_016,1,5,window10_heft,7896959,7715523,0.97702457363651,393218,143920958,143527740,143527740,0,0.0,0,0,0,0,143920958,393216,98306,20.26779089999036,0.0,,244,244,ok,b57f2697365621811c78a240d46294eacc3c7980818c61196406a1f5375ca6b4,False
case_016,1,5,window16_heft,7814171,7715523,0.9873757561742634,393218,60162658,59769440,59769440,0,0.0,0,0,0,0,60162658,393216,65544,15.551877499994589,0.0,,153,153,ok,8d244733c4198f71d0f9483f5cf097d306999d6a87159df4d9c781fc01196b5b,False
case_016,1,5,scene_a_peft,3854210,7715523,2.001842919820145,393218,119944290,119551072,119551072,0,0.0,0,0,0,0,119944290,32768,65540,99.37950899999123,0.0,,2745,2745,ok,dbb1f8d4f68aaba61e48a2253bcda9db0a348876df540ba66d83dbe0832a5b98,False
case_016,1,5,scene_a_spine,3745296,7715523,2.0600569354197904,393218,119944290,119551072,119551072,0,0.0,0,0,0,0,119944290,32768,65540,103.13896400001249,0.0,,2745,2745,ok,e8479f23eaf56c140b1899dc17744e18018a188af559f62761fb7d1466e44fb3,False
case_016,1,5,window6_heft,6635851,7715523,1.1627028696093387,393218,199367442,198974224,198974224,0,0.0,0,0,0,0,199367442,32768,65542,33.83436719997553,0.0,,611,611,ok,79ebd462990260356f864302d8012d35f1305196d38bacb3862580a4142fba8b,False
case_016,1,5,window12_heft,7833392,7715523,0.9849530063093995,393218,79828150,79434932,79434932,0,0.0,0,0,0,0,79828150,393216,65544,18.252878700004658,0.0,,204,204,ok,1d77f446b6b2cc6ae809052477645876e5ab27c14d4eec9d2051cc285367c96d,False
case_016,1,5,window4_heft,4026098,7715523,1.9163773460059839,393218,119953426,119560208,119560208,0,0.0,0,0,0,0,119953426,32768,65536,143.408168199996,0.0,,3965,3965,ok,808340e6aa225f3038fb6ee4677259538be8a5d4d6966aea3d0b2a86baf1e0f1,False
case_016,1,5,hybrid20_10,7786000,7715523,0.9909482404315438,393218,47975522,47582304,47582304,0,0.0,0,0,0,0,47975522,393216,65544,14.380039100011345,0.0,,122,122,ok,f3d6820394ba5653576926a56c2e6ddb603439110a66564389f99901416eef0f,False
case_016,1,5,hybrid32_16,7764847,7715523,0.9936477821134144,393218,30277938,29884720,29884720,0,0.0,0,0,0,0,30277938,393216,65544,13.669624900008785,0.0,,77,77,ok,7109ccfc8bf250d00ab4e4a6471a7fb95b73014a90ebd3458043010526a4ab8f,False
case_016,1,5,hybrid24_12,7781072,7715523,0.9915758394216119,393218,40108438,39715220,39715220,0,0.0,0,0,0,0,40108438,393216,65544,13.835518499981845,0.0,,102,102,ok,114bec0029fe2eb130524a0fa8944487d0a626e2fde1c22aecbfc33e9a6459ad,False
case_016,1,5,stage_pack,3223183,7715523,2.3937589023024755,393218,119949170,119555952,119555952,0,0.0,0,0,0,0,119949170,32768,65538,73.60875270000543,0.0,,1830,1830,ok,50fcceb64097fd4b78ec7d797ebb720ced799b820b5edd801164720637d1566c,False
case_017,1,5,component_round_robin,40125,162810,4.057570093457944,643862,988310,344448,344448,0,0.0,0,0,0,0,988310,86016,61456,1.099366500013275,0.0,,5,5,ok,94903f46b5c6b3b37176d9cf6e141caeeaa3fb786424b75afc1d114ba1e7e3bd,False
case_017,1,5,component_lpt,34252,162810,4.753299077426136,643862,975638,331776,331776,0,0.0,0,0,0,0,975638,86016,63504,1.0946658999891952,0.0,,5,5,ok,7a18e4120ec13edf3fc3a31b2290981277ce29948e9bf8f26dd36dd2aa720b26,False
case_017,1,5,component_pipe_balance,35496,162810,4.586713995943205,643862,984854,340992,340992,0,0.0,0,0,0,0,984854,86016,49164,2.791997199994512,0.0,,5,5,ok,83075fefcf07bb646f840f5adbbde3e1def4ce39cecd9bc8cd0855888b82d1eb,False
case_017,1,5,component_batches,33998,162810,4.788811106535679,643862,984854,340992,340992,0,0.0,0,0,0,0,984854,86016,43020,1.7636779000167735,0.0,,9,9,ok,309a741464954d3825b8c8e44b4785bc6f78af6aa25a79ffbe011470f3584152,False
case_017,1,5,component_batches_128,36383,162810,4.474892119946129,643862,984854,340992,340992,0,0.0,0,0,0,0,984854,86016,34824,1.3356280000007246,0.0,,16,16,ok,dc9dd46fd407ef0a9346b7fa9c1205a3e7cf7d84879826cf31001bfeb4ed6cd9,False
case_017,1,5,component_pipe_lpt,41830,162810,3.8921826440353815,643862,1232534,588672,588672,0,0.0,0,0,0,0,1232534,36864,34824,1.5523401999962516,0.0,,60,60,ok,1955e8782febfe4d602037c5a1ca9abaa69555e6b32eae85dceb0d91ead41dac,False
case_017,1,5,component_comm,47521,162810,3.426064266324362,643862,1232534,588672,588672,0,0.0,0,0,0,0,1232534,36864,34824,1.6243032999918796,0.0,,60,60,ok,ede2b2c2a6b5f2e41313baa5c166f406b8d27af6d2e0c731610437c8209a2e0b,False
case_017,1,5,scene_a_peft,45314,162810,3.5929293375115856,643862,1275542,631680,631680,0,0.0,0,0,0,0,1275542,36864,34824,1.9056415999948513,0.0,,62,62,ok,3d31b0a7b5c1119af3bc6d6e902eab53a6f480ff95914094e51b5c836772f7cb,False
case_017,1,5,scene_a_spine,43106,162810,3.7769684034705144,643862,1275542,631680,631680,0,0.0,0,0,0,0,1275542,36864,34824,1.5235082999861334,0.0,,62,62,ok,006b6d6fbf64cb446228776f75ee8c33de4ce87666fd967b25105afa09092c9f,False
case_017,1,5,weighted_window_20_s1.0,74870,162810,2.1745692533725123,643862,3252058,2608196,2608196,0,0.0,0,0,0,0,3252058,36864,18432,2.4968519000103697,0.0,,242,242,ok,e6f2974704d14936fb1a00f6e1980a29007360879db30d9c6ca263fa8cdf2f8b,False
case_017,1,5,weighted_window_15_s0.65,65700,162810,2.478082191780822,643862,2690730,2046868,2046868,0,0.0,0,0,0,0,2690730,36864,18436,2.065922400011914,0.0,,206,206,ok,0f226e22a25d68523b180f7cf04fadf2aa47e0781cebe71cfa3f1e1013ec7c13,False
case_017,1,5,weighted_window_10_s0.35,57661,162810,2.8235722585456373,643862,2211486,1567624,1567624,0,0.0,0,0,0,0,2211486,36864,34824,1.4692947999865282,0.0,,119,119,ok,f6e20768610447b723e0ef81b3918d41d4a2f48d5137b899b71e029dd3ccd377,False
case_017,1,5,critical_cut_b0.16_s1.0,45129,162810,3.6076580469321278,643862,1539734,895872,895872,0,0.0,0,0,0,0,1539734,36864,34824,1.2672754999948665,0.0,,82,82,ok,e9f685141dc80cc3c36cf36b500f903e12a56c92df2648b1309b692d3873abb3,False
case_017,1,5,critical_cut_b0.06_s0.35,60317,162810,2.6992390205083145,643862,2192038,1548176,1548176,0,0.0,0,0,0,0,2192038,36864,18436,1.4992214999801945,0.0,,174,174,ok,25daf96a8d79fc92276e1030f0c3203de17a7587089ce82a5fe51c6f2a3e4ec5,False
case_017,1,5,win_w5,57234,162810,2.844637802704686,643862,2352406,1708544,1708544,0,0.0,0,0,0,0,2352406,36864,18432,2.42338349999045,0.0,,321,321,ok,4a7a239d18d1003661a000d1f3eba576f620caf1a972d0ceaa351e249459fe8b,False
case_017,1,5,win_w7,47813,162810,3.405140861272039,643862,1653642,1009780,1009780,0,0.0,0,0,0,0,1653642,36864,18432,1.7357535999908578,0.0,,147,147,ok,65f4f905486a7f659dfbe4d7b3025f152f9098f82e885932d3404fd53fc05765,False
case_017,1,5,stageU4_k5,66973,162810,2.4309796485150734,643862,2840668,2196806,2196806,0,0.0,0,0,0,0,2840668,36864,18432,3.8819524999998976,0.0,,348,348,ok,1fd12f35d14a19091447d38a2520f11234d1c2a15d43b8f6f7f0c400e9b2ef78,False
case_017,1,5,stageC5_k4,89376,162810,1.8216299677765844,643862,2873908,2230046,2230046,0,0.0,0,0,0,0,2873908,36864,18432,3.501716500002658,0.0,,404,404,ok,1efc18cbcaaa401d302b2f51e51e4af7238d0dd1b150dd303eb7f5e5bbf852e5,False
case_017,1,5,stageU12_k5,105106,162810,1.5490076684489944,643862,4663198,4019336,4019336,0,0.0,0,0,0,0,4663198,36864,18432,6.326187200000277,0.0,,800,800,ok,3be56c89e3d8d59b2f530b09072e635fa14a99bcc854ed3601dd0ea09613ed2c,False
case_017,1,5,component_group3,35822,162810,4.54497236335213,643862,814358,170496,170496,0,0.0,0,0,0,0,814358,95232,49164,1.3705326000053901,0.0,,20,20,ok,e6f94ca3501737aeba0a0519f33bcdedbd9b74a5555bc4c7f3e925803539e9dc,False
case_017,1,5,component_group4,35851,162810,4.541295919221221,643862,734870,91008,91008,0,0.0,0,0,0,0,734870,95232,77844,1.8672185999748763,0.0,,15,15,ok,5ef3a23cd7eaf225a1a5e2728d5bda9ce1f5843765db1681a0a6c83697ec6a45,False
case_017,1,5,component_group5,37841,162810,4.302476150207447,643862,724502,80640,80640,0,0.0,0,0,0,0,724502,95232,90136,1.4035775999946054,0.0,,12,12,ok,627fe5b296d1936b1d4c2046144669195d72b47eb6f1ea35bd2934f91d5dcfc0,False
case_017,1,5,component_group6,45072,162810,3.612220447284345,643862,724502,80640,80640,0,0.0,0,0,0,0,724502,95232,69652,2.221727299998747,0.0,,10,10,ok,6be8c8a330caf5841eb3f6bb34613b2112fe2c7cde0484b590abf6cea6236c9d,False
case_017,1,5,component_group8,59280,162810,2.7464574898785425,643862,651926,8064,8064,0,0.0,0,0,0,0,651926,95232,90136,1.7286473999847658,0.0,,8,8,ok,9db123e2c9c7dfcd62fa612c64749d3902b4bbd80ce21501294bdcd309b626dd,False
case_017,1,5,pipevec_merge,40528,162810,4.017222660876431,643862,1232534,588672,588672,0,0.0,0,0,0,0,1232534,36864,34824,1.6967887000064366,0.0,,60,60,ok,c0988ad8c2fbb1a64940c394711a0623205f8b845188a393ce7d80084c3b1755,False
case_017,1,5,membatch_70,36780,162810,4.426590538336052,643862,984854,340992,340992,0,0.0,0,0,0,0,984854,86016,34824,1.285111400007736,0.0,,25,25,ok,e5de2404be23ad242fd72a54a4edd816ace27ae9e9668bc557d175b251406f8c,False
case_017,1,5,whole_graph,162810,162810,1.0,643862,666390,22528,0,22528,0.0,0,0,0,0,666390,95232,129072,0.010127899993676692,0.0,,1,1,ok,e0848c8756a199242dabfd9128ec19cdcb9c43a67626808af075fb685093320c,True
case_018,1,5,component_round_robin,212137,1004367,4.734520616394122,1592848,6786576,5193728,4120576,1073152,0.0,0,0,0,0,6786576,524288,65536,6.046614499995485,0.0,,5,5,ok,d1d9cfa3dce91180aca6a064f95afd6c026d6345ba6be679b277584ad3763646,False
case_018,1,5,component_lpt,205219,1004367,4.894122863867381,1592848,6938128,5345280,4706304,638976,0.0,0,0,0,0,6938128,524288,65536,7.116627899988089,0.0,,5,5,ok,7336b07996ebfa20a418d69901a20c80dbb2dcc113330ead995b1798813c3741,False
case_018,1,5,component_pipe_balance,205917,1004367,4.8775331808447095,1592848,6913552,5320704,4681728,638976,0.0,0,0,0,0,6913552,524288,65536,6.952652300009504,0.0,,5,5,ok,1ff54a83738d207e64e2a8ee3e79fabe37b2081ce10d6d31347d699517127d38,False
case_018,1,5,component_batches,205256,1004367,4.8932406360837195,1592848,7392784,5799936,5799936,0,0.0,0,0,0,0,7392784,393216,65536,2.931181899999501,0.0,,15,15,ok,f0595a14efd84739a80938e5949b26bdfd065767d2619d135b6bd5672f47baab,False
case_018,1,5,component_batches_128,203962,1004367,4.924284915817652,1592848,8138256,6545408,6545408,0,0.0,0,0,0,0,8138256,282624,65536,2.710859499988146,0.0,,25,25,ok,1b29d10fe77c98cfdc88d4806625e112cf0dc6f9422dd97e90928a74b1c26619,False
case_018,1,5,component_batches_512,209238,1004367,4.800117569466349,1592848,6974992,5382144,4947968,434176,0.0,0,0,0,0,6974992,524288,65536,5.385694199998397,0.0,,10,10,ok,36f01e16cce448b59ad3733836a832ef988c0ca3d50dcfc994e500dfff22dd36,False
case_018,1,5,component_pipe_lpt,224240,1004367,4.478982340349625,1592848,11697424,10104576,10104576,0,0.0,0,0,0,0,11697424,28672,65536,2.6346462000219617,0.0,,126,126,ok,0d3ce00718461912d5c7870f95345073340cb4aa102b31937b091d128706ab33,False
case_018,1,5,component_comm,238983,1004367,4.202671319717302,1592848,11697424,10104576,10104576,0,0.0,0,0,0,0,11697424,28672,65536,2.277517500013346,0.0,,126,126,ok,0b6b3ebc462dd3ae72ba2258caebd6bf019e8b65ffc7e2b4458366bee2e458a0,False
case_018,1,5,scene_a_peft,222649,1004367,4.510988147263181,1592848,11885840,10292992,10292992,0,0.0,0,0,0,0,11885840,28672,65536,2.014875100023346,0.0,,132,132,ok,2d74c2fb186087efb5f738c6f76fca420d2d4bb1a5a78643769a798a193cab5d,False
case_018,1,5,scene_a_spine,221717,1004367,4.5299503421027705,1592848,11885840,10292992,10292992,0,0.0,0,0,0,0,11885840,28672,65536,1.6937175000202842,0.0,,132,132,ok,48bc749a2f2c53b792309c5590091368d5d7734b0ed1bbf9f0660e62ce4e5be7,False
case_018,1,5,weighted_window_20_s1.0,483224,1004367,2.078470854096651,1592848,25216568,23623720,23623720,0,0.0,0,0,0,0,25216568,16384,32768,8.821550299995579,0.0,,1678,1678,ok,d670c04aff18649c2dead8e1b9f99c9661b3ff2a6f9faa42f2713e2e3432a2e8,False
case_018,1,5,weighted_window_15_s0.65,495085,1004367,2.0286758839391217,1592848,22764204,21171356,21171356,0,0.0,0,0,0,0,22764204,28672,32768,6.781910699995933,0.0,,1359,1359,ok,5d5e25a00231742435fe262d4040cf9758162a423db64de4935021f9d6e71a6e,False
case_018,1,5,weighted_window_10_s0.35,454408,1004367,2.210275787398109,1592848,22170800,20577952,20577952,0,0.0,0,0,0,0,22170800,16384,32768,6.423274999979185,0.0,,1284,1284,ok,405918a6efdc441efca310c7e83e2fdbc3f1b2c42a1bf29fd7bb16c667f71a3c,False
case_018,1,5,critical_cut_b0.16_s1.0,385417,1004367,2.605922935418002,1592848,17722640,16129792,16129792,0,0.0,0,0,0,0,17722640,28672,40960,4.298354300000938,0.0,,799,799,ok,f3f2b321b4a854f1ac86a4809ce991655f8b5cd1ad5093b1768da428f25636f2,False
case_018,1,5,critical_cut_b0.06_s0.35,371098,1004367,2.7064737616478665,1592848,18138384,16545536,16545536,0,0.0,0,0,0,0,18138384,28672,49152,4.464399200020125,0.0,,875,875,ok,72bc902213293ecf3c54c4a92f84030df0dbe85b9ca5642619845df6650c35d7,False
case_018,1,5,win_w5,453944,1004367,2.2125350263468624,1592848,18507604,16914756,16914756,0,0.0,0,0,0,0,18507604,28672,40960,4.52017249999335,0.0,,955,955,ok,e6f84e5dddf73ee50136d5e39a6030a0b350be6633b166b90f71954c5a7c7b7b,False
case_018,1,5,win_w7,388793,1004367,2.583294966730368,1592848,16566884,14974036,14974036,0,0.0,0,0,0,0,16566884,28672,49152,3.636953499983065,0.0,,735,735,ok,a77e92dc16764d10f53ac878c1947be86fcf0de6badf63f1ae98f8591b42a10b,False
case_018,1,5,win_w14,229590,1004367,4.374611263556775,1592848,12050448,10457600,10457600,0,0.0,0,0,0,0,12050448,28672,57344,1.7300768999848515,0.0,,202,202,ok,d8dfa2b677061e4bb8dcc7e57b98b1b64012fde3cd42b32cb5b506cb5ecb6247,False
case_018,1,5,stageU4_k5,521239,1004367,1.926883828723484,1592848,19757840,18164992,18164992,0,0.0,0,0,0,0,19757840,16384,65536,5.518986699986272,0.0,,1210,1210,ok,886ef51524e6d745b9ff39c112b40c72f54d3bb9b3184fee43ffc98c0ff39741,False
case_018,1,5,stageC5_k4,510421,1004367,1.9677227230070864,1592848,19161872,17569024,17569024,0,0.0,0,0,0,0,19161872,28672,57344,5.018979200016474,0.0,,1084,1084,ok,49e01182d5d3122184fcaf73a3369cceac5479aa2c10411cde3d922a9db10df4,False
case_018,1,5,stageU12_k5,415658,1004367,2.4163302522747068,1592848,20863248,19270400,19270400,0,0.0,0,0,0,0,20863248,16384,57344,6.986496500001522,0.0,,1344,1344,ok,6b67f9e16b76f633447b103b8d55c984b4865661b72a7486557a3fc46ce11988,False
case_018,1,5,component_group3,206025,1004367,4.87497633782308,1592848,7245712,5652864,5652864,0,0.0,0,0,0,0,7245712,180224,65536,1.6116179999953602,0.0,,42,42,ok,6e06ef54ac4f13d6b69ad02d5cc97b0128c37b8b462877f99940a579593a9fd7,False
case_018,1,5,component_group4,218722,1004367,4.591979773410997,1592848,6700560,5107712,5107712,0,0.0,0,0,0,0,6700560,229376,65536,1.5547777000174392,0.0,,32,32,ok,d8ded06ae368cb3f5d9e645868b521fc330ceed602d2a3332248dda4b5120916,False
case_018,1,5,component_group5,205199,1004367,4.89459987621772,1592848,6481808,4888960,4888960,0,0.0,0,0,0,0,6481808,282624,65536,1.6210780000255909,0.0,,26,26,ok,830ceaeec78f4a118d6969b83579d7b03fc3e88508841bcfddea103d80a1f3ef,False
case_018,1,5,component_group6,244909,1004367,4.10098036413525,1592848,6140816,4547968,4547968,0,0.0,0,0,0,0,6140816,286720,65536,1.7025193000154104,0.0,,21,21,ok,2769a5e24a8be332787f3f94a7face51feb72e6f93182a28c4ea381073ec830a,False
case_018,1,5,component_group8,217643,1004367,4.614745247951921,1592848,5764624,4171776,4171776,0,0.0,0,0,0,0,5764624,233472,65536,1.332028899982106,0.0,,16,16,ok,691b47a584d1f37522b230c08930c0bd38450ace1e7bb53ab84470390394ad4d,False
case_018,1,5,pipevec_merge,219092,1004367,4.584224891826265,1592848,11697424,10104576,10104576,0,0.0,0,0,0,0,11697424,28672,65536,1.5212191000173334,0.0,,126,126,ok,9df728002f805f9f798e20152c0ab348fcd92b0310cb230efd3c32d14908837d,False
case_018,1,5,membatch_70,215731,1004367,4.655645224840194,1592848,11546128,9953280,9953280,0,0.0,0,0,0,0,11546128,28672,65536,1.208886899985373,0.0,,81,81,ok,a6a8eb3302c4a78d01b75f1d95ac161680e087d2769a9fb65aff45215d9fbdc8,False
case_018,1,5,whole_graph,1004367,1004367,1.0,1592848,3563024,1970176,0,1970176,0.0,0,0,0,0,3563024,524288,65536,0.002393400005530566,0.0,,1,1,ok,8c702598bcb3b08c3a5b2c13d8d2a839bc9f46a04fbf8a4d57855c4c54bbf7b2,True
case_019,1,5,component_round_robin,31159,81144,2.6041914053724446,186984,295656,108672,108672,0,0.0,0,0,0,0,295656,36864,18432,0.5778291000169702,0.0,,5,5,ok,b201b13b120f3351d85bfeb9e13e4675ba6b7950281edaf2db9b42f7d5470988,False
case_019,1,5,component_lpt,24202,81144,3.3527807619205023,186984,268488,81504,81504,0,0.0,0,0,0,0,268488,36864,18432,0.45555839998996817,0.0,,5,5,ok,3dea5e2f53ae519b4e2e2ba13d08c9bdd37f7a9ae8ff48588734b5c3679ca62c,False
case_019,1,5,component_pipe_balance,24169,81144,3.357358599859324,186984,268488,81504,81504,0,0.0,0,0,0,0,268488,36864,18432,0.32594529999187216,0.0,,5,5,ok,fa1c4678bdbc27c0f96dca5bce77a20a460143107f81486ea101b692b85189c4,False
case_019,1,5,chain_heft,43471,81144,1.8666237261622691,186984,1963800,1776816,1776816,0,0.0,0,0,0,0,1963800,12288,16512,1.245949300006032,0.0,,246,246,ok,df9823dae66058afec9a25e794235a3ac0d3f1ce193e41e8ade7146694f96cd1,False
case_019,1,5,window8_heft,25242,81144,3.2146422628951745,186984,850708,663724,663724,0,0.0,0,0,0,0,850708,12288,16512,0.7645817000011448,0.0,,90,90,ok,9fdd1c8dfc1bf801b2ebed602456d181608a26cb53692a4a49e2df500df268f5,False
case_019,1,5,window10_heft,22619,81144,3.5874264998452627,186984,704800,517816,517816,0,0.0,0,0,0,0,704800,28416,16512,0.7309826999844518,0.0,,75,75,ok,1c5f02f632d1d14c40ce4e1d6d1bbd352e9c6d76872b36a6e5c1ab9bfe3040e8,False
case_019,1,5,window16_heft,21122,81144,3.841681658933813,186984,573168,386184,386184,0,0.0,0,0,0,0,573168,28416,16514,0.3781765000021551,0.0,,47,47,ok,35a8f9d5cd6676dc5507be206ce7e95ada4bfbb9e3cb80f19241e8c52e18b4b9,False
case_019,1,5,component_pipe_lpt,24134,81144,3.362227562774509,186984,443112,256128,256128,0,0.0,0,0,0,0,443112,28416,18432,0.3648753999732435,0.0,,31,31,ok,ac74c4a0eedc01974356fc81ce9e4c61ad170300fa2fdc89b6cdd4796b0677e3,False
case_019,1,5,component_comm,29179,81144,2.78090407484835,186984,443112,256128,256128,0,0.0,0,0,0,0,443112,28416,18432,0.3209344999922905,0.0,,31,31,ok,dc447a86b83b68c5326e41142bbc9c18c1f0350b6670200b0d3d56d5015b167f,False
case_019,1,5,scene_a_peft,19881,81144,4.081484834766862,186984,449264,262280,262280,0,0.0,0,0,0,0,449264,28416,18432,0.6112715000053868,0.0,,35,35,ok,9ac5dd838f15a20ddc355ff81daeacd1bf9ea6e1c2b36d4bdd83a8c8c2f07fe2,False
case_019,1,5,pipe_lane_pack,42465,81144,1.9108442246555988,186984,1963800,1776816,1776816,0,0.0,0,0,0,0,1963800,12288,16512,1.5108866000082344,0.0,,246,246,ok,e26e3d96bd3fc01237d18306c5fbf199c876343cbf600243f58226dc324bd386,False
case_019,1,5,scene_a_spine,21055,81144,3.8539064355260035,186984,449264,262280,262280,0,0.0,0,0,0,0,449264,28416,18432,0.31480970000848174,0.0,,35,35,ok,2e9f85568d3a056f01be1f8fcdbab466fa67297fc14a196844615a4543137c2e,False
case_019,1,5,weighted_window_20_s1.0,38686,81144,2.097502972651605,186984,1727736,1540752,1540752,0,0.0,0,0,0,0,1727736,12288,16512,0.8350418000190984,0.0,,168,168,ok,2c5359b4907b098ca12d70954ef203834e494d48e2dddd23dbd5677438fbf13d,False
case_019,1,5,weighted_window_15_s0.65,32930,81144,2.4641360461585182,186984,1375480,1188496,1188496,0,0.0,0,0,0,0,1375480,12288,16514,1.074782799987588,0.0,,118,118,ok,75a521b3aba392a544cb568112b809fb4192244bfce9e54c5aa5e8f956d8a887,False
case_019,1,5,weighted_window_10_s0.35,26540,81144,3.0574227581009796,186984,986360,799376,799376,0,0.0,0,0,0,0,986360,12288,18432,0.801256899983855,0.0,,87,87,ok,c84d48bbc5fcbf01f1de772c7941efc56c431b2c5407820f9a1ebbd3b99b4170,False
case_019,1,5,critical_cut_b0.16_s1.0,27893,81144,2.90911698275553,186984,1136888,949904,949904,0,0.0,0,0,0,0,1136888,12288,16514,0.7562476000166498,0.0,,93,93,ok,cabf55f6a2805eed3930514a2ac75cf56e2f7f86272981023b1e5a18898eae90,False
case_019,1,5,critical_cut_b0.06_s0.35,33683,81144,2.40904907520114,186984,1427712,1240728,1240728,0,0.0,0,0,0,0,1427712,12288,16512,0.8705692999938037,0.0,,137,137,ok,932ab98931b00321e90c7c13e6fe4e46cdf71191e6b602e63f88c8de8e63f7f9,False
case_019,1,5,win_w5,31142,81144,2.6056129985228953,186984,1197864,1010880,1010880,0,0.0,0,0,0,0,1197864,12288,16512,0.558562999998685,0.0,,138,138,ok,60158252b98910de3cadfeb87f252c831eb1667e85031b0ede23009bf44952b4,False
case_019,1,5,win_w7,27328,81144,2.9692622950819674,186984,1038588,851604,851604,0,0.0,0,0,0,0,1038588,12288,16512,0.2193808000010904,0.0,,102,102,ok,66eacf6cebae962f4de9e96dbfdae57fbc424c9ea1f194e1d979f88d7bcbee46,False
case_019,1,5,win_w14,21530,81144,3.7688806316767303,186984,623860,436876,436876,0,0.0,0,0,0,0,623860,28416,16514,0.7289764999877661,0.0,,51,51,ok,0eab6b8fc6bd9ae1856357bfff0ec3422a4d5d9d072b0d2e6de5119402f83445,False
case_019,1,5,win_w23,21144,81144,3.837684449489217,186984,506096,319112,319112,0,0.0,0,0,0,0,506096,28416,18432,0.33507110000937246,0.0,,39,39,ok,a3fbd565b39bb866bf4138f6981612b15fc0969709bbea38412cc1c1decb835b,False
case_019,1,5,stageU4_k5,38211,81144,2.1235769804506557,186984,1509128,1322144,1322144,0,0.0,0,0,0,0,1509128,12288,16512,0.993583800009219,0.0,,164,164,ok,25b2d463ef819542bfaaef0c57712f56f6b36314a84b39cb23b8c0c772cc6770,False
case_019,1,5,stageC5_k4,36223,81144,2.2401236783259257,186984,1349924,1162940,1162940,0,0.0,0,0,0,0,1349924,12288,16512,0.7061162999889348,0.0,,158,158,ok,180e26cc3c5753e0ba6f9f69b3c4e97fe5bb8476f5b602809e559a2dfb800635,False
case_019,1,5,stageU12_k5,50626,81144,1.6028127839450086,186984,2512664,2325680,2325680,0,0.0,0,0,0,0,2512664,12288,16512,1.5588640999922063,0.0,,316,316,ok,9766dec036a28167914a5c6f89077296defe1043dffeb5ace088fb95bc486a51,False
case_019,1,5,component_group3,27733,81144,2.925900551689323,186984,290472,103488,103488,0,0.0,0,0,0,0,290472,31488,18432,0.2667641000007279,0.0,,11,11,ok,8367ac8d6241facf3c3cbc0ab656c6b5cc17db55da28b22ad72ff3bf16bb8b11,False
case_019,1,5,component_group4,35895,81144,2.2605933974091097,186984,263304,76320,76320,0,0.0,0,0,0,0,263304,36864,18432,0.395136300008744,0.0,,8,8,ok,32bb3b53e45879e4c17e7ee0b4d40c4c2ace81515ced5696b36742e4ea68f39e,False
case_019,1,5,component_group5,38935,81144,2.084088866058816,186984,238728,51744,51744,0,0.0,0,0,0,0,238728,36864,18432,0.3826696999894921,0.0,,7,7,ok,6c2d6317492878c8ec3201823592e1565fb74d0db3792b6769ce5c6cbba48a7e,False
case_019,1,5,component_group6,31388,81144,2.585191793041927,186984,238728,51744,51744,0,0.0,0,0,0,0,238728,36864,18432,0.6146474000124726,0.0,,6,6,ok,873a1acccb4af155dffb3787596b743d2635da0296dffbac6d027ae3363626ab,False
case_019,1,5,component_group8,40366,81144,2.0102066095228657,186984,211560,24576,24576,0,0.0,0,0,0,0,211560,36864,18432,0.5644408999942243,0.0,,4,4,ok,217909fe965c76109455b45524df0a59842f8178ee8e679a44b81274f5bc3d1b,False
case_019,1,5,pipevec_merge,24202,81144,3.3527807619205023,186984,443112,256128,256128,0,0.0,0,0,0,0,443112,28416,18432,0.18822609999915585,0.0,,31,31,ok,1e6fc1b8d4aba4fd3248ec52a0d762a0be03e7c445f9ea00d91ce8da48b7b9c6,False
case_019,1,5,membatch_70,24202,81144,3.3527807619205023,186984,293064,106080,106080,0,0.0,0,0,0,0,293064,36864,18432,0.36194949998753145,0.0,,15,15,ok,95292209e67871ff21915fbbdd3b47a7011df9d85f01b7d4c2e75a81414a98a9,False
case_019,1,5,whole_graph,81144,81144,1.0,186984,186984,0,0,0,0.0,0,0,0,0,186984,36864,18432,0.000526399991940707,0.0,,1,1,ok,b63fb610467230e8a67e390cf704fd86da6e9251c407b5ba55ef9a4bc563c7a9,True
case_020,1,5,component_round_robin,107954,532746,4.934935250199159,2359296,2359296,0,0,0,0.0,0,0,0,0,2359296,0,32768,6.728463999985252,0.0,,5,5,ok,d898d7947da7407cdfd76ca6bfe60e2aefe310080bdfad2b89fbf92e74f1ba08,False
case_020,1,5,component_lpt,107650,532746,4.948871342313051,2359296,2359296,0,0,0,0.0,0,0,0,0,2359296,0,32768,8.184972099988954,0.0,,5,5,ok,21b4f2bcfcd10672e44244329af010bcb18fe257d247e9057058fe7fdd09aa12,False
case_020,1,5,component_batches,110137,532746,4.837121040159075,2359296,2359296,0,0,0,0.0,0,0,0,0,2359296,0,32768,5.298474100010935,0.0,,30,30,ok,1a673ddecf995b6d346fc729584b54b35c674b99f6d849629b34f6c92b379216,False
case_020,1,5,component_batches_128,112473,532746,4.736656797631431,2359296,2359296,0,0,0,0.0,0,0,0,0,2359296,0,32768,5.424048200016841,0.0,,60,60,ok,1adce4d8694bc11cdb3fdc44092cf38a50f41877e90357ad0f802dc927afce85,False
case_020,1,5,component_batches_512,108471,532746,4.911414110683961,2359296,2359296,0,0,0,0.0,0,0,0,0,2359296,0,32768,8.200444399990374,0.0,,15,15,ok,ddb5e34a245e234f3ff86a6125167db493e1bc5352d66bddd6417a05173ff98a,False
case_020,1,5,component_pipe_lpt,134535,532746,3.959906344074033,2359296,2359296,0,0,0,0.0,0,0,0,0,2359296,0,32768,7.169034899998223,0.0,,288,288,ok,61b87a377b085fcf3d9809af3e37b437c20a9008a75df9e4d828af7999ef9a8d,False
case_020,1,5,scene_a_peft,123672,532746,4.307733359208228,2359296,2453504,94208,94208,0,0.0,0,0,0,0,2453504,0,32768,7.440248500002781,0.0,,294,294,ok,666d83351b47515daeba5b93ae5776315c56112bd81a5404812140effdd4b0b2,False
case_020,1,5,scene_a_spine,152789,532746,3.4868086053315355,2359296,2453504,94208,94208,0,0.0,0,0,0,0,2453504,0,32768,4.913256600004388,0.0,,294,294,ok,9e8d04794576b37ebc0dc69b21650d1571e4175c7e7f1291ee6dc402147be90e,False
case_020,1,5,weighted_window_20_s1.0,1099184,532746,0.484674085503428,2359296,61734912,59375616,59375616,0,0.0,0,0,0,0,61734912,0,16384,111.31367120001232,0.0,,5856,5856,ok,0a2af4b4e3a0c92fdb510538bc8d819de83eced913e43b720a2e5a6db1be2ea3,False
case_020,1,5,weighted_window_15_s0.65,898996,532746,0.5926010794263823,2359296,51511296,49152000,49152000,0,0.0,0,0,0,0,51511296,0,16384,89.51240639999742,0.0,,4608,4608,ok,d046a55bf55dfbe3e0a5b54bfc6947db5182df83d15f29bc427bbcfa4ef383af,False
case_020,1,5,weighted_window_10_s0.35,649741,532746,0.8199359437068001,2359296,37748736,35389440,35389440,0,0.0,0,0,0,0,37748736,0,16384,49.177613700012444,0.0,,2880,2880,ok,d95b11fe2a9d15e4305398760f3810e281393ec61c0358a3899e81d69571be13,False
case_020,1,5,critical_cut_b0.16_s1.0,315257,532746,1.6898784166568863,2359296,17125376,14766080,14766080,0,0.0,0,0,0,0,17125376,0,24576,23.199055300006876,0.0,,1281,1281,ok,7693fddf9917144736baa2aee370ea8aeaad5f82bf24c940c9eaffc756efb16a,False
case_020,1,5,critical_cut_b0.06_s0.35,419327,532746,1.270478647928705,2359296,23465984,21106688,21106688,0,0.0,0,0,0,0,23465984,0,20480,25.24517549999291,0.0,,1386,1386,ok,de14abb36616c975e921118e6b5931c3bedd36d53fb4e16c45fccb17daca2362,False
case_020,1,5,win_w5,463319,532746,1.149847081600366,2359296,23986176,21626880,21626880,0,0.0,0,0,0,0,23986176,0,20480,22.822548600001028,0.0,,1536,1536,ok,1968cd429fee835026a086834c5983150f5d0a84b5ab660c98a6f146ccf98970,False
case_020,1,5,win_w7,397057,532746,1.3417368287172875,2359296,20447232,18087936,18087936,0,0.0,0,0,0,0,20447232,0,24576,17.172788399999263,0.0,,960,960,ok,73799f2021ae18f236335d0c7b761f010c9264202b5acfffc8c25404f23392ad,False
case_020,1,5,stageU4_k5,402589,532746,1.3232999411310293,2359296,21626880,19267584,19267584,0,0.0,0,0,0,0,21626880,0,20480,19.39297250000527,0.0,,1152,1152,ok,c9ad9dd3c9d07a2e48c5444c4ba9a8a7b9c4ea7817770bb031e9f17fb672a109,False
case_020,1,5,stageC5_k4,471620,532746,1.129608583181375,2359296,23592960,21233664,21233664,0,0.0,0,0,0,0,23592960,0,20480,20.598140699992655,0.0,,1344,1344,ok,a461029bb56da22187e2f79a325e976c2b0d1e740caf507cf0e7efae0a073e37,False
case_020,1,5,stageU12_k5,799723,532746,0.6661631589938016,2359296,45219840,42860544,42860544,0,0.0,0,0,0,0,45219840,0,16384,59.308458499988774,0.0,,3552,3552,ok,92e6cc046edc56569e4588d72bc1840ed6ba702dbdf80719558f4a7bb13c7d83,False
case_020,1,5,whole_graph,532746,532746,1.0,2359296,2359296,0,0,0,0.0,0,0,0,0,2359296,0,32768,0.050243500008946285,0.0,,1,1,ok,976bd958b3851bd05a2fa52701bbd0226ca5d3f7991d54fe78d3e532bbc643ae,True
case_021,1,5,component_round_robin,1250168,6567937,5.253643510312214,3338240,14770176,11431936,9420800,2011136,0.0,0,0,0,0,14770176,524288,0,19.310047400009353,0.0,,5,5,ok,b383f8b0b056746cb43ab0faa7c173d264d92115fae511cd3c16b45148b43f27,False
case_021,1,5,component_batches,1249504,6567937,5.256435353548288,3338240,17776640,14438400,14438400,0,0.0,0,0,0,0,17776640,225280,0,4.559113900002558,0.0,,20,20,ok,18e78733fb857cb2efbf60ff22613af183be29ef7a5f8cb3c507596d8f82b0cf,False
case_021,1,5,component_batches_128,1260708,6567937,5.209721045634675,3338240,19005440,15667200,15667200,0,0.0,0,0,0,0,19005440,225280,0,3.1973427000048105,0.0,,40,40,ok,fb7ee450d89f02022f8b7e442cd842935d2f027136089f37030e1562ae30f4db,False
case_021,1,5,component_batches_512,1243902,6567937,5.280108079253832,3338240,16138240,12800000,12800000,0,0.0,0,0,0,0,16138240,430080,0,4.914662600000156,0.0,,10,10,ok,2f8128247ac6613d73ef93efb0690116d609da6b7f6bafccd744ec5f73c0717c,False
case_021,1,5,component_pipe_lpt,1283116,6567937,5.11873984893026,3338240,21463040,18124800,18124800,0,0.0,0,0,0,0,21463040,83968,0,2.723258399986662,0.0,,80,80,ok,22c40184f5fcad8ca0cfb2dd84834204c2409193ba7cbe623902602479ab6085,False
case_021,1,5,component_comm,1283116,6567937,5.11873984893026,3338240,21463040,18124800,18124800,0,0.0,0,0,0,0,21463040,83968,0,3.0029235999973025,0.0,,80,80,ok,aee24643561b29ecb718241a0c79b104e36d904dd01bc9c0115c951525617a19,False
case_021,1,5,scene_a_peft,1291806,6567937,5.084306002604106,3338240,21757952,18419712,18419712,0,0.0,0,0,0,0,21757952,83968,0,5.086738099984359,0.0,,92,92,ok,a7730e47a0d3fc54cc65c8a222c6b0cafab59ba5c8320bb7fde42d4be230a4a0,False
case_021,1,5,scene_a_spine,1292253,6567937,5.082547303043599,3338240,21757952,18419712,18419712,0,0.0,0,0,0,0,21757952,83968,0,3.345445400016615,0.0,,92,92,ok,9362739ae40dc2e5e1c6207e31cf2d66330accf87ff2f52b6d3b6eb31140a802,False
case_021,1,5,weighted_window_20_s1.0,3408172,6567937,1.9271143005693374,3338240,115834880,112496640,112496640,0,0.0,0,0,0,0,115834880,36864,0,37.55570860000444,0.0,,3920,3920,ok,fb0d3a65f6871624d3b24f3579c55b2a8b61c6e0dbf496fad38ab4833d7dfca4,False
case_021,1,5,weighted_window_10_s0.35,3162604,6567937,2.076749729020769,3338240,104038400,100700160,100700160,0,0.0,0,0,0,0,104038400,49152,0,32.19228310001199,0.0,,3440,3440,ok,bdaf31f9b4a308678132217f45e01045ed763e9113a32150e861d1d9d9251c82,False
case_021,1,5,critical_cut_b0.16_s1.0,2210896,6567937,2.970712778891454,3338240,63660032,60321792,60321792,0,0.0,0,0,0,0,63660032,73728,0,20.166433900012635,0.0,,1797,1797,ok,eef3a562a87353f25d92c788cc7c01248b034ace4cde160db06bbb2e02bbadaa,False
case_021,1,5,critical_cut_b0.06_s0.35,2254820,6567937,2.9128431537772417,3338240,62455808,59117568,59117568,0,0.0,0,0,0,0,62455808,86016,0,18.63176220000605,0.0,,1748,1748,ok,d30f1ee103c45f584652c3712de0797669577834db6ca778e437af1bdbc4cc8c,False
case_021,1,5,component_group3,1408570,6567937,4.662840327424267,3338240,14243840,10905600,10905600,0,0.0,0,0,0,0,14243840,231424,0,2.928561799984891,0.0,,27,27,ok,211aa257fa912c448de9ee403c9c5928e7f26c02e164737ca39a74bc404b5746,False
case_021,1,5,component_group4,1249504,6567937,5.256435353548288,3338240,12247040,8908800,8908800,0,0.0,0,0,0,0,12247040,231424,0,2.340452100004768,0.0,,20,20,ok,c2e36876646435fad357f23b1a7697c12886e8856453f84fdedaa1af1c21c1ca,False
case_021,1,5,component_group5,1557596,6567937,4.216714090174859,3338240,12861440,9523200,9523200,0,0.0,0,0,0,0,12861440,231424,0,3.4828207999817096,0.0,,16,16,ok,27226515b27e70fe10e222d14f619f85f1b7286e7e40c63aaddad4d013d31a9b,False
case_021,1,5,component_group6,1400921,6567937,4.688299340219755,3338240,12247040,8908800,8908800,0,0.0,0,0,0,0,12247040,231424,0,3.891833699977724,0.0,,14,14,ok,ff0148fd91b50c46d9a118a499103444fbe8709521346b8c4edd36c6bca2d49b,False
case_021,1,5,component_group8,1243902,6567937,5.280108079253832,3338240,10711040,7372800,7372800,0,0.0,0,0,0,0,10711040,231424,0,3.5453205999801867,0.0,,10,10,ok,5dc2134b089a323de927fc6612f81be84ed5d5b1378552cdf9efe67aa6ca51d7,False
case_021,1,5,membatch_70,1283116,6567937,5.11873984893026,3338240,21463040,18124800,18124800,0,0.0,0,0,0,0,21463040,83968,0,3.3744301999977324,0.0,,80,80,ok,298d0b7dc5f8932b2d5596546f09253ad129fb97167b1ca13ea74bfdf96bb8bc,False
case_021,1,5,whole_graph,6567937,6567937,1.0,3338240,7839744,4501504,0,4501504,0.0,0,0,0,0,7839744,524288,0,0.014136199984932318,0.0,,1,1,ok,aa467f5aef8b02128f21175e31cd1c674db245ee4f044f14425613f6bf33de94,True
case_022,1,5,component_round_robin,15602,56780,3.639277015767209,213686,234422,20736,20736,0,0.0,0,0,0,0,234422,22528,63496,1.437906999984989,0.0,,5,5,ok,54ef54f1a5d7ee3cb3c35ae8f3c91527778f9e585c3ba2cf7e418127bb1930b2,False
case_022,1,5,component_lpt,11603,56780,4.893562009825045,213686,234422,20736,20736,0,0.0,0,0,0,0,234422,22528,63496,1.677302200027043,0.0,,5,5,ok,b2131453595b1b0ba0a109eb9f48489a3924379e371ef3dd0ff440f35952db3e,False
case_022,1,5,component_pipe_balance,11843,56780,4.794393312505277,213686,234422,20736,20736,0,0.0,0,0,0,0,234422,22528,62472,1.7106264000176452,0.0,,5,5,ok,cf23b19ad028bd78b0c5617ef2f11d38419ea37d89dd090d808b2fd2459f5de9,False
case_022,1,5,component_batches,12184,56780,4.660210111621799,213686,234422,20736,20736,0,0.0,0,0,0,0,234422,22528,62472,1.2005893000168726,0.0,,8,8,ok,3e251339b9af10262fcb8faec904744edc52bed779a543b633488000bdac0995,False
case_022,1,5,component_batches_128,12268,56780,4.628301271600913,213686,234422,20736,20736,0,0.0,0,0,0,0,234422,22528,49152,0.8850678000017069,0.0,,15,15,ok,f32abd1c7925b7ecb59284cc98ce05ead77f49557cf1f05be0830e11408475d5,False
case_022,1,5,component_pipe_lpt,13528,56780,4.197220579538734,213686,241334,27648,27648,0,0.0,0,0,0,0,241334,22528,49152,0.7530189999961294,0.0,,32,32,ok,8acbbd4225775a408dbe996d311bdebc933638cb3cdc3369ed54af39b95150a3,False
case_022,1,5,component_comm,13242,56780,4.287871922670291,213686,241334,27648,27648,0,0.0,0,0,0,0,241334,22528,49152,0.8855611000035424,0.0,,32,32,ok,cca0dc9235d6e4c35c83f13197726979767afc681773ca6d0d702083e40cc48b,False
case_022,1,5,scene_a_peft,19044,56780,2.9815164881327454,213686,347830,134144,134144,0,0.0,0,0,0,0,347830,22528,49152,0.7976742000028025,0.0,,35,35,ok,bb91c4094bf9c33b2d5a348fc02a8988fa2972edde8c11bb679e2412f10a7e65,False
case_022,1,5,scene_a_spine,14011,56780,4.05253015487831,213686,347830,134144,134144,0,0.0,0,0,0,0,347830,22528,49152,0.6987829999998212,0.0,,35,35,ok,7e15df6bea19a7924c9e40a8194e1c19a6530693fbee81f6371954cbb4e20dee,False
case_022,1,5,weighted_window_20_s1.0,63182,56780,0.8986736728815169,213686,3358310,3144624,3144624,0,0.0,0,0,0,0,3358310,6144,24576,3.168367100006435,0.0,,498,498,ok,07fe9556a3d59631f42a30c7e724d867a87d2a9657f71efdbef4ada8519fdf1f,False
case_022,1,5,weighted_window_15_s0.65,58667,56780,0.9678354100260794,213686,2999148,2785462,2785462,0,0.0,0,0,0,0,2999148,6144,24576,2.097577300010016,0.0,,325,325,ok,0e58f5afbcb49a50870384860ec8fe3848593596880e6a2b76cb233dfe6f7f83,False
case_022,1,5,weighted_window_10_s0.35,42694,56780,1.3299292640652083,213686,2362764,2149078,2149078,0,0.0,0,0,0,0,2362764,6144,32768,1.6204548999958206,0.0,,249,249,ok,002ccf12e67eee48c0e1f48803cdfb3a1b1ccced5bfd947ed3040a842a8b6388,False
case_022,1,5,critical_cut_b0.16_s1.0,28322,56780,2.0048019207683074,213686,1324566,1110880,1110880,0,0.0,0,0,0,0,1324566,12288,40960,1.4582221999880858,0.0,,207,207,ok,e317cc960448d996f04174985fc21e307efb4b49c199fd2cd05fecd7095f1a4d,False
case_022,1,5,critical_cut_b0.06_s0.35,33651,56780,1.6873198419066298,213686,1733460,1519774,1519774,0,0.0,0,0,0,0,1733460,12288,40960,1.779727700020885,0.0,,210,210,ok,54915f7837928930832c3495c7b762f0ff9c19267d32adafb7cdc208b487e20d,False
case_022,1,5,win_w5,29243,56780,1.9416612522654995,213686,1370658,1156972,1156972,0,0.0,0,0,0,0,1370658,6144,40960,1.8347886000119615,0.0,,274,274,ok,5375bc34eedd6a09474727a044b198ac9c3d7f98edd3f879c4fbc67af63a54af,False
case_022,1,5,win_w7,22416,56780,2.5330121341898644,213686,1055106,841420,841420,0,0.0,0,0,0,0,1055106,6144,40960,1.3534045000269543,0.0,,127,127,ok,158d6f1e07406becb9ffb0461aca818bbe2adb9fb4359ec8d46c75704f24e463,False
case_022,1,5,win_w14,14722,56780,3.856812933025404,213686,387934,174248,174248,0,0.0,0,0,0,0,387934,22528,49152,1.142274499987252,0.0,,80,80,ok,5a1d3e60efb15a8bd211851047243d9675fcfa0c2c34febbcbe4cfac2ed4d099,False
case_022,1,5,stageU4_k5,34429,56780,1.649191088907607,213686,1684398,1470712,1470712,0,0.0,0,0,0,0,1684398,12288,40960,1.4731733000080567,0.0,,230,230,ok,ee9263bcdc2dc713a22d27395c5f6da4731f5ea89ab50ad4e3622fd068806993,False
case_022,1,5,stageC5_k4,30744,56780,1.846864428831642,213686,1258198,1044512,1044512,0,0.0,0,0,0,0,1258198,12288,40960,1.3862582000147086,0.0,,211,211,ok,ba8a05c744ae79c0b7b3ec8bce120c1f4835c0866720735fddf83e7a58e1edc1,False
case_022,1,5,stageU12_k5,75789,56780,0.7491852379632928,213686,3564952,3351266,3351266,0,0.0,0,0,0,0,3564952,12288,32768,3.6255915999936406,0.0,,850,850,ok,35521e1629beed47dc66c8dc2fd2dc9194999529d59a01aa07ca8a77ddf30ebc,False
case_022,1,5,component_group3,12262,56780,4.630565976186593,213686,227510,13824,13824,0,0.0,0,0,0,0,227510,22528,49152,0.6213311000028625,0.0,,11,11,ok,a991dcffc34cd6c223b0dd13d4dbc3e627f9effa307200f8c2218eed93af7423,False
case_022,1,5,component_group4,12680,56780,4.477917981072555,213686,227510,13824,13824,0,0.0,0,0,0,0,227510,22528,49152,0.7970367000089027,0.0,,8,8,ok,14525d38022dbf03f5686656333c5648b30513b24fa57982bc3d10d12aaee4b8,False
case_022,1,5,component_group5,13790,56780,4.117476432197244,213686,227510,13824,13824,0,0.0,0,0,0,0,227510,22528,49152,0.887842099997215,0.0,,7,7,ok,b9b0a05c8d44f7a7a852bbfb31ee6cf07bcd5f1e16cd5b07d73707cedb2e5e3e,False
case_022,1,5,component_group6,18999,56780,2.9885783462287487,213686,220598,6912,6912,0,0.0,0,0,0,0,220598,22528,49152,0.7912459000071976,0.0,,6,6,ok,78dbb226c1a764dc413a8ffcdf17990717b752849a175076271f8e39fcb42cc8,False
case_022,1,5,component_group8,17188,56780,3.303467535489877,213686,220598,6912,6912,0,0.0,0,0,0,0,220598,22528,49178,1.0565003999799956,0.0,,4,4,ok,169a48f4c6f070b22366610557513ee7515249b9ef8e682360a076cbd6f051a3,False
case_022,1,5,pipevec_merge,13013,56780,4.363328978713594,213686,241334,27648,27648,0,0.0,0,0,0,0,241334,22528,49152,0.5977147000085097,0.0,,32,32,ok,8dfaad7570b2ecdd2717b1e558e94c760e8863eaaf1696be154ba06d8a24ca4a,False
case_022,1,5,membatch_70,12677,56780,4.478977676106334,213686,234422,20736,20736,0,0.0,0,0,0,0,234422,22528,49152,0.6588205999869388,0.0,,23,23,ok,94912e120f70c039c32d9162617a4ac10e50dc8918f727d5a7c4cb1f6be6a063,False
case_022,1,5,whole_graph,56780,56780,1.0,213686,213686,0,0,0,0.0,0,0,0,0,213686,22528,94236,0.0005361000075936317,0.0,,1,1,ok,956b7404270bd55b2d7eab2f6f52d297cf72546950e586236b43786ee9059327,True
case_023,1,5,component_round_robin,30833,122614,3.976713261764992,443444,798740,355296,355296,0,0.0,0,0,0,0,798740,90112,43016,1.81554270000197,0.0,,5,5,ok,117e15d11ed4ca3a4d980e66ad9f7513bfc877156f8b2fd1512eed4fcbb4ceb4,False
case_023,1,5,component_lpt,24573,122614,4.989785536971473,443444,788084,344640,344640,0,0.0,0,0,0,0,788084,90112,28806,1.7295884999912232,0.0,,5,5,ok,f5583425c7feea9ff1c628b022df6beeb9b973847498e9f76991357f04273692,False
case_023,1,5,component_pipe_balance,24940,122614,4.91635926222935,443444,724436,280992,280992,0,0.0,0,0,0,0,724436,90112,28806,1.23379319999367,0.0,,5,5,ok,1f702bfc279d2f18c02b6a9afd6ae780d064553b50b5383fb93fbfe92ca5f1dd,False
case_023,1,5,component_batches_128,25726,122614,4.7661509756666405,443444,724436,280992,280992,0,0.0,0,0,0,0,724436,90112,28806,0.9361108999873977,0.0,,11,11,ok,c677e1d6774e0e86a13b07ffc2e394cafc1676c027a76f3f20192bdcf8b1327e,False
case_023,1,5,component_pipe_lpt,29716,122614,4.126194642616772,443444,872468,429024,429024,0,0.0,0,0,0,0,872468,30720,28806,0.8732987000257708,0.0,,43,43,ok,437b0f1a1a7a350fe5d8698d88b03cc1e4d5e4807a37a282bfb03066a1e45f2c,False
case_023,1,5,component_comm,28848,122614,4.25034664448142,443444,872468,429024,429024,0,0.0,0,0,0,0,872468,30720,28806,1.0814852999756113,0.0,,43,43,ok,55bc4f848f41d318321aa8a34b6037995e86cc5502fc5eaf6431a457887b8a84,False
case_023,1,5,scene_a_peft,30248,122614,4.053623380058186,443444,872476,429032,429032,0,0.0,0,0,0,0,872476,30720,28806,1.3682830999896396,0.0,,45,45,ok,8b4950e8f1813639ffe20ef9d628398a1f88c569c6e88ae7803470f633947aae,False
case_023,1,5,scene_a_spine,31487,122614,3.894115031600343,443444,872476,429032,429032,0,0.0,0,0,0,0,872476,30720,28806,0.7184750000014901,0.0,,45,45,ok,e464cdac6821e377ba3c72c6c5254296fbc2d1a207144dad5ce94ce17c811f06,False
case_023,1,5,weighted_window_20_s1.0,67515,122614,1.8161001258979486,443444,3594094,3150650,3150650,0,0.0,0,0,0,0,3594094,30720,16512,2.216181299998425,0.0,,308,308,ok,2694ed2bec50fc6d720c11aca63f4eb8db8c446b804ba69638580ed936d36771,False
case_023,1,5,weighted_window_15_s0.65,63567,122614,1.9288939229474413,443444,3236720,2793276,2793276,0,0.0,0,0,0,0,3236720,30720,16512,1.9230166999914218,0.0,,244,244,ok,29bcf8fedb4598c68860deb9597358ae94910114eb62c6d230358e78c59c2659,False
case_023,1,5,weighted_window_10_s0.35,59187,122614,2.071637352797067,443444,3034944,2591500,2591500,0,0.0,0,0,0,0,3034944,30720,18436,2.2859435999998823,0.0,,235,235,ok,c0875e14f406d182cded1d46e19575d5a726acdc7bad7f5693856314b3cdd569,False
case_023,1,5,critical_cut_b0.16_s1.0,38912,122614,3.1510587993421053,443444,1422116,978672,978672,0,0.0,0,0,0,0,1422116,30720,28676,0.9265372999943793,0.0,,91,91,ok,d625635c527d3405efae39d105ffba394f0113678d40450f82948076a4332142,False
case_023,1,5,critical_cut_b0.06_s0.35,41403,122614,2.961476221529841,443444,1729568,1286124,1286124,0,0.0,0,0,0,0,1729568,30720,28676,1.4814471999998204,0.0,,103,103,ok,4c663ac5196ca8275112e3083d1baec9843b62a6838cf62f8dce75aeff54f1d2,False
case_023,1,5,win_w5,46834,122614,2.618055258999872,443444,2117358,1673914,1673914,0,0.0,0,0,0,0,2117358,30720,16512,1.6902466999890748,0.0,,227,227,ok,4609cc4f2f106c1f544f5c769ee6c0aa1b294cabde4b9cfe610f3a8c394cb9f1,False
case_023,1,5,win_w7,42336,122614,2.8962112622826908,443444,1777992,1334548,1334548,0,0.0,0,0,0,0,1777992,30720,16512,1.435551700007636,0.0,,139,139,ok,8b8fd3d6d63791dcac126dc2f733a1c7c130320d37302149abdd5d5664228f01,False
case_023,1,5,win_w14,34162,122614,3.589192670218371,443444,1138776,695332,695332,0,0.0,0,0,0,0,1138776,30720,18436,1.0942860000068322,0.0,,79,79,ok,fa85e4f0a4af5760533f07e394d99058cd6a7de08f80ce410a5b52cf0aa9a0b7,False
case_023,1,5,stageU4_k5,56082,122614,2.1863342962091226,443444,2555082,2111638,2111638,0,0.0,0,0,0,0,2555082,30720,16512,2.4068941000150517,0.0,,273,273,ok,94ca1a85bf631ea605299ba346fa5c965d26180216f55ed0728dc0fb0cd8200f,False
case_023,1,5,stageC5_k4,70293,122614,1.7443273156644332,443444,2951000,2507556,2507556,0,0.0,0,0,0,0,2951000,30720,16512,2.382453500002157,0.0,,314,314,ok,efa864e455e6ba5c7961e9b98ba69defb37e867d0f82a35dae46c29ab3ca7dc4,False
case_023,1,5,stageU12_k5,81041,122614,1.5129872533655804,443444,3961674,3518230,3518230,0,0.0,0,0,0,0,3961674,30720,16512,2.5320092999900226,0.0,,497,497,ok,b662fc82c546b9de55688c46609b414f63fd1236626e8732e7bf832c100e837e,False
case_023,1,5,component_group3,26713,122614,4.590049788492494,443444,650708,207264,207264,0,0.0,0,0,0,0,650708,84480,28806,0.5006410000205506,0.0,,15,15,ok,304adde6794d3a8f79e694726f70084430f464ca4202143a9c4a1ba758d5b237,False
case_023,1,5,component_group4,27080,122614,4.527843426883309,443444,576980,133536,133536,0,0.0,0,0,0,0,576980,84480,28806,0.8070738000096753,0.0,,11,11,ok,884fa9f7725fc8503a7f3be30afcaaf676dba35fa19c74d78b47649717f71b17,False
case_023,1,5,component_group5,28703,122614,4.271818276835174,443444,576980,133536,133536,0,0.0,0,0,0,0,576980,90112,28806,1.104465499985963,0.0,,9,9,ok,55d5a780bbf72d49e5c817e6787e58323184c75d6a190acc07beea7588e075aa,False
case_023,1,5,component_group6,29850,122614,4.107671691792294,443444,576980,133536,133536,0,0.0,0,0,0,0,576980,84480,28806,1.3552511000016239,0.0,,8,8,ok,6a7989ea4b756a52f6ecf037673d87bfab4ea4563a2678cab13bda79e93ddbbe,False
case_023,1,5,component_group8,33790,122614,3.6287067179638948,443444,454100,10656,10656,0,0.0,0,0,0,0,454100,84480,28806,1.0176984000136144,0.0,,6,6,ok,8907b06b0b5566b084d3447ad53f45ac1bb6f65668980953221195aba8ab102c,False
case_023,1,5,pipevec_merge,28234,122614,4.342778210667989,443444,872468,429024,429024,0,0.0,0,0,0,0,872468,30720,28806,0.7583112999855075,0.0,,43,43,ok,bcd276e7c2ecbd14e0af743433da8b91933a202bb896fb8b5248964ce80e73cc,False
case_023,1,5,membatch_70,26989,122614,4.543110155989477,443444,798452,355008,355008,0,0.0,0,0,0,0,798452,79872,28806,0.6397328000166453,0.0,,25,25,ok,e2bb6d68db8da6f3d62ce61be2fce7184a9773c2bb0ccb27cb37d5c239781d55,False
case_023,1,5,whole_graph,122614,122614,1.0,443444,443444,0,0,0,0.0,0,0,0,0,443444,149632,43016,0.0005146999901626259,0.0,,1,1,ok,be907419eea16f563845a0f6a3ce2b916085d41ad9061080fd154746f5016ead,True
case_024,1,5,component_round_robin,2555343,2555343,1.0,393218,393218,0,0,0,0.0,0,0,0,0,393218,393216,65544,0.00021869997726753354,0.0,,1,1,ok,171217d0b936deb9de80f075288559f390b6c8e6529287052ca740fd95dbc952,True
case_024,1,5,chain_heft,1352430,2555343,1.8894456644706195,393218,39726306,39333088,39333088,0,0.0,0,0,0,0,39726306,32768,65536,30.319183200015686,0.0,,2323,2323,ok,3819728af6255121121ed0e4ae07901e4a7d4907cd47b41f889728128e42877c,False
case_024,1,5,window8_heft,2620243,2555343,0.9752313048827914,393218,39715218,39322000,39322000,0,0.0,0,0,0,0,39715218,32768,65544,3.983801099995617,0.0,,101,101,ok,3327373dc0439b95e03572fef78f5cecaf83bff07a8baa7b33095915d8a0a888,False
case_024,1,5,window10_heft,2615043,2555343,0.9771705474823932,393218,47580418,47187200,47187200,0,0.0,0,0,0,0,47580418,393216,98306,4.597990399983246,0.0,,81,81,ok,5b73f78032ed4961c37ab11d5f8ed350684f45357206b4b29ffaa1e50d4255f5,False
case_024,1,5,window16_heft,2587793,2555343,0.9874603571460314,393218,20054218,19661000,19661000,0,0.0,0,0,0,0,20054218,393216,65544,2.844452299992554,0.0,,51,51,ok,ef5c353bf77dc120512f751fe3188c4fa3bd742790a1c5c13cf771450d98767f,False
case_024,1,5,scene_a_peft,1276874,2555343,2.001249144394827,393218,39719250,39326032,39326032,0,0.0,0,0,0,0,39719250,32768,65540,14.099159500008682,0.0,,909,909,ok,5e0d632f44cbd10df03c4f92758e8e98a11db0704ec98478ba2b49e1b32323f7,False
case_024,1,5,pipe_lane_pack,1345130,2555343,1.8996996572821958,393218,39726306,39333088,39333088,0,0.0,0,0,0,0,39726306,32768,65536,32.52082199999131,0.0,,2323,2323,ok,020c398d1bf2101fde1848683eed4fb86aae8f44d9910e66f0b409f64b686e0d,False
case_024,1,5,scene_a_spine,1240176,2555343,2.0604680303440803,393218,39719250,39326032,39326032,0,0.0,0,0,0,0,39719250,32768,65540,13.528178200009279,0.0,,909,909,ok,e0e37430c551a15e98a3a442787e4a3eec7e97e722257b89f92dec958fdaa176,False
case_024,1,5,window6_heft,2193071,2555343,1.1651893623143073,393218,65669378,65276160,65276160,0,0.0,0,0,0,0,65669378,32768,65542,4.736097900022287,0.0,,203,203,ok,518243c3efefd92337eda0fcb6b9516010d7e21f773e199dd114795fdef52d82,False
case_024,1,5,window12_heft,2593924,2555343,0.9851263953762717,393218,26347238,25954020,25954020,0,0.0,0,0,0,0,26347238,393216,65544,4.902481800003443,0.0,,68,68,ok,cf716bfec4ba54c31dfbfeba4a6dad16206b59582f209153f3163f7971999826,False
case_024,1,5,window4_heft,1333910,2555343,1.9156787189540523,393218,39722266,39329048,39329048,0,0.0,0,0,0,0,39722266,32768,65536,17.314057500014314,0.0,,1313,1313,ok,12b6e027cab94c0338e7c5ad48a8baff232c31dd49174915ac2541b8db1c358e,False
case_024,1,5,hybrid20_10,2578663,2555343,0.9909565538420492,393218,16122898,15729680,15729680,0,0.0,0,0,0,0,16122898,393216,65544,3.6034678999858443,0.0,,41,41,ok,a2f587118315f5afd3f5d555450c9d3d9ee34306bcb2257e3ec1d63014af267a,False
case_024,1,5,bundle_pack,1067515,2555343,2.3937302988716787,393218,39720866,39327648,39327648,0,0.0,0,0,0,0,39720866,32768,65538,10.770644000003813,0.0,,606,606,ok,4023eea9aaa3bb649c425295d9b8c4500c189cefbee98b97e795ee4b9ca04fdc,False
case_024,1,5,weighted_window_20_s1.0,2577962,2555343,0.991226014968413,393218,19660826,19267608,19267608,0,0.0,0,0,0,0,19660826,393216,98306,3.736908599996241,0.0,,21,21,ok,7eabb43817af8f973de279bdc1d08545d956ff8493822ff90c61a311ed6933ba,False
case_024,1,5,weighted_window_15_s0.65,2572032,2555343,0.9935113560017916,393218,14549006,14155788,14155788,0,0.0,0,0,0,0,14549006,393216,98306,4.757773899997119,0.0,,15,15,ok,253db75642e548b2ae6d986b9c65dd6fe167cad26bd834ec5a3873a55ea6dee1,False
case_024,1,5,weighted_window_10_s0.35,2565906,2555343,0.9958833254218977,393218,9437202,9043984,9043984,0,0.0,0,0,0,0,9437202,393216,98306,3.776048199972138,0.0,,11,11,ok,c69c85c580821b7d0114bf505f906ec3841bd2b9fe84d737476b6256a180262a,False
case_024,1,5,critical_cut_b0.16_s1.0,2557891,2555343,0.999003866857501,393218,1966114,1572896,1572896,0,0.0,0,0,0,0,1966114,393216,65544,4.6939789000025485,0.0,,5,5,ok,9534e1764e3a9264d17aff34b847663f61a16cf812d87cb3686208408eb4bb96,False
case_024,1,5,win_w5,2236565,2555343,1.142530174620456,393218,86902882,86509664,86509664,0,0.0,0,0,0,0,86902882,65536,65542,8.25903719998314,0.0,,327,327,ok,7a0019d3efa2a54af88f97d8a8f3f34cc295817ccde8bd784d60159f5df0ba5b,False
case_024,1,5,win_w7,2599442,2555343,0.9830352052478956,393218,72746378,72353160,72353160,0,0.0,0,0,0,0,72746378,65536,65542,5.930066400003852,0.0,,131,131,ok,4c04d2c6e7f2128392f86008019b1c191bf57daedc9259644decc95a3fd17bb3,False
case_024,1,5,win_w14,2597758,2555343,0.9836724590974217,393218,33817486,33424268,33424268,0,0.0,0,0,0,0,33817486,393216,98306,3.509887799998978,0.0,,58,58,ok,b09b6eb67fb9faba73126d6562d2d65c91efccf937518d66387b34b9c0e35224,False
case_024,1,5,win_w23,2584712,2555343,0.9886374187917261,393218,23200174,22806956,22806956,0,0.0,0,0,0,0,23200174,393216,98306,3.4698272999958135,0.0,,36,36,ok,db8dd095ecc46f8efa3a6e5fa2ab18d14d253afa18237442047e17fe26e73ce5,False
case_024,1,5,stageU4_k5,2558397,2555343,0.9988062837784754,393218,3145778,2752560,2752560,0,0.0,0,0,0,0,3145778,393216,98306,6.0167810000129975,0.0,,4,4,ok,276289b2ada0359829610480793601ab0705d8697bb1c143d8c4ec20bea2756c,False
case_024,1,5,stageC5_k4,2557891,2555343,0.999003866857501,393218,1966114,1572896,1572896,0,0.0,0,0,0,0,1966114,393216,65544,4.888550400006352,0.0,,5,5,ok,e068e1818e06c06f8e8d4b01e2b309f5420f9948045252d07d853e6e357fc4bf,False
case_024,1,5,stageU12_k5,2567399,2555343,0.9953041969713317,393218,11010194,10616976,10616976,0,0.0,0,0,0,0,11010194,393216,98306,3.2521663999941666,0.0,,12,12,ok,2e9da6cb22d9feec61d91a34ba8c9d7174633cf1659bda33a4d6a01c075f8600,False
case_025,1,5,component_round_robin,975282,4863026,4.986276789687495,8217600,8328192,110592,110592,0,0.0,0,0,0,0,8328192,35328,6144,124.3493667000148,0.0,,5,5,ok,57a2d9942fef78d0c789c0d599cc957d80fff7da665dead938bedcb509739975,False
case_025,1,5,component_batches,995862,4863026,4.883232817398395,8217600,10263552,2045952,2045952,0,0.0,0,0,0,0,10263552,35328,6144,17.290624400018714,0.0,,75,75,ok,3f5ff146d31089c33c83ad339a35b19d472ef16372d5503425942e7c5784cdc1,False
case_025,1,5,component_pipe_lpt,1757768,4863026,2.7665914955784836,8217600,81899520,73681920,73681920,0,0.0,0,0,0,0,81899520,13824,6144,191.67507369999657,0.0,,2666,2666,ok,08830a24a2c5eff04dbb1bf9ce85b8b2f077094bdbfc0f949d94ad7ad3827b51,False
case_025,1,5,whole_graph,4863026,4863026,1.0,8217600,8217600,0,0,0,0.0,0,0,0,0,8217600,35328,6144,0.10268640000140294,0.0,,1,1,ok,a1e6fbfa271d0bcd12047ecf3b6a49a7e9557e5dbddc7be311175aef3e7eeecb,True
case_026,1,5,component_round_robin,53240,99203,1.8633170548459805,528854,744278,215424,215424,0,0.0,0,0,0,0,744278,163840,57344,0.44670359999872744,0.0,,5,5,ok,482ce862d0dd8898680dad12410343ed02f5f3bbd9a40850e4396f145f533dd3,False
case_026,1,5,component_lpt,45246,99203,2.192525306104407,528854,740534,211680,211680,0,0.0,0,0,0,0,740534,163840,57344,0.6657601000042632,0.0,,5,5,ok,34d9aa81b199b518cb07d0d11fdfb17dd5ae59e4da1a8dd4326b65ce09ed2695,False
case_026,1,5,component_pipe_balance,44780,99203,2.2153416703885664,528854,740534,211680,211680,0,0.0,0,0,0,0,740534,163840,57344,0.4390647000109311,0.0,,5,5,ok,5a65733575049f6b4a80ae1606f602f4eb5ffe96f0e431355505227e6d780f12,False
case_026,1,5,chain_heft,77002,99203,1.2883171865665828,528854,3485142,2956288,2956288,0,0.0,0,0,0,0,3485142,32768,32768,1.5552521000208799,0.0,,283,283,ok,7f7d73505192e76dded79a580fa5e2efec1a28dfaea6cc683e0a8aa6a7565915,False
case_026,1,5,window8_heft,52210,99203,1.9000766136755411,528854,2360130,1831276,1831276,0,0.0,0,0,0,0,2360130,163840,49154,0.9042262999864761,0.0,,73,73,ok,3e976cbf3af621358026521f6b2e5417d4fc86a9cfaaa99f2d8ca577c9be4399,False
case_026,1,5,window10_heft,46023,99203,2.1555092019207787,528854,1735870,1207016,1207016,0,0.0,0,0,0,0,1735870,163840,49154,0.4256073999858927,0.0,,57,57,ok,6df7704db64204cf778f0e93b1d2836e984c74cecbdbc51ff3dd5143a0a0134a,False
case_026,1,5,window16_heft,44783,99203,2.2151932653015654,528854,1297418,768564,768564,0,0.0,0,0,0,0,1297418,163840,57344,0.5907698999799322,0.0,,45,45,ok,3521af62abbc9dc9b890a59d2063c7036faff990db38695fa00005e688291a77,False
case_026,1,5,component_pipe_lpt,42766,99203,2.319669831174297,528854,746726,217872,217872,0,0.0,0,0,0,0,746726,163840,57344,0.6246090999920852,0.0,,31,31,ok,c0937dcfa6cb995da22b0df66023d1d02b423fc09ffc3597773b758ccfaec0a7,False
case_026,1,5,component_comm,51769,99203,1.916262628213796,528854,746726,217872,217872,0,0.0,0,0,0,0,746726,163840,57344,0.5431411000026856,0.0,,31,31,ok,adbb582793b57c6d06151a4d0f5f428d2652b8d7b7f9723d7e2791532e902527,False
case_026,1,5,scene_a_peft,42619,99203,2.3276707571740305,528854,1402294,873440,873440,0,0.0,0,0,0,0,1402294,32768,57344,0.47024369999417104,0.0,,75,75,ok,67b958264912e14cd9d957263403279e2f2d8a037c4579dae3360e718fc1f4af,False
case_026,1,5,pipe_lane_pack,81495,99203,1.2172894042579299,528854,3485142,2956288,2956288,0,0.0,0,0,0,0,3485142,32768,32768,1.2552067000069655,0.0,,283,283,ok,70d9fbc4f531c08a54de84ac3e59e47a4013d43c5f91957fa04603b8550b0235,False
case_026,1,5,scene_a_spine,36123,99203,2.7462558480746337,528854,1402294,873440,873440,0,0.0,0,0,0,0,1402294,32768,57344,0.5771561999863479,0.0,,75,75,ok,1734926f0fbfc8f94244b81d5c5b9b83a648b46383b4bb12b996b8ea6eb6e5ba,False
case_026,1,5,bundle_pack,33988,99203,2.9187654466282216,528854,1402334,873480,873480,0,0.0,0,0,0,0,1402334,32768,57344,0.5158711000112817,0.0,,60,60,ok,94eb87480a945b15bf7c8de13a8fd571eef943ca2c37a0baf3d641bf9a7706fa,False
case_026,1,5,weighted_window_20_s1.0,135073,99203,0.7344398954639343,528854,7184794,6655940,6655940,0,0.0,0,0,0,0,7184794,32768,32774,0.8762861999857705,0.0,,303,303,ok,499718faf5c0fe3b2de8c67cadd443e3307100f92f30e37c2c64de3c0f76d4e6,False
case_026,1,5,weighted_window_15_s0.65,123870,99203,0.8008638088318398,528854,6613154,6084300,6084300,0,0.0,0,0,0,0,6613154,32768,32774,0.8884309999994002,0.0,,255,255,ok,3eebb78a74750c90c91d328be28e7d164d8d34868d7cb8f215642264bbb3f953,False
case_026,1,5,weighted_window_10_s0.35,97721,99203,1.0151656245842757,528854,4463130,3934276,3934276,0,0.0,0,0,0,0,4463130,32768,32774,0.9419209000188857,0.0,,169,169,ok,8a3d219dcdf7bb8a4a9aac6a2f89c7086bc374295847c4ebee274a6637fbf11d,False
case_026,1,5,critical_cut_b0.16_s1.0,46574,99203,2.1300081590587023,528854,2412556,1883702,1883702,0,0.0,0,0,0,0,2412556,163840,40960,0.5966908000118565,0.0,,100,100,ok,6ab78987dd4f040febcbc390d1893f965cc571c97d17100d0e7fa931ac59fbe3,False
case_026,1,5,critical_cut_b0.06_s0.35,57068,99203,1.7383297119226186,528854,2854548,2325694,2325694,0,0.0,0,0,0,0,2854548,163840,40960,0.7000964999897406,0.0,,95,95,ok,8c67e88032254da3663fd3707adc53f64c7221a614255839ce9e133e1610910e,False
case_026,1,5,win_w5,51227,99203,1.9365373728697757,528854,2853994,2325140,2325140,0,0.0,0,0,0,0,2853994,32768,32774,0.8382264000247233,0.0,,103,103,ok,50fe35cea73dd0957108cd4f2c9d5bce0025ef7dea51e95c5c9efa56c6df3473,False
case_026,1,5,win_w7,48368,99203,2.0510047965597087,528854,2068114,1539260,1539260,0,0.0,0,0,0,0,2068114,32768,49152,0.24092410001321696,0.0,,77,77,ok,fe189dfe492f464c704616cae01998ba7a0579f015276726504584ea8a4c0cdb,False
case_026,1,5,win_w14,45086,99203,2.200306081710509,528854,1233406,704552,704552,0,0.0,0,0,0,0,1233406,163840,57344,0.5884604000020772,0.0,,46,46,ok,4eeb1dae0b82542b2e26993a963dabefd06ca6e1d4b9e2fef033ba56bbe559ee,False
case_026,1,5,win_w23,44698,99203,2.2194057899682313,528854,1245550,716696,716696,0,0.0,0,0,0,0,1245550,163840,57344,0.2840849999920465,0.0,,38,38,ok,be793810787bc5f402da99040c5565dcfb025b27496656173787b640e5210810,False
case_026,1,5,stageU4_k5,53054,99203,1.8698495872130283,528854,2759058,2230204,2230204,0,0.0,0,0,0,0,2759058,163840,40960,0.8689804000023287,0.0,,162,162,ok,1b9b5d1745b47bf635763213883cc056c0156a6a24c2f2ebed6594b7192990d5,False
case_026,1,5,stageC5_k4,52018,99203,1.9070898535122458,528854,2350598,1821744,1821744,0,0.0,0,0,0,0,2350598,163840,40960,0.8282013999996707,0.0,,132,132,ok,3756fa368ea368271fd624cac18921db24027f8c6c1f31b5bf93e93b7ad5002f,False
case_026,1,5,stageU12_k5,90336,99203,1.0981557739992915,528854,4795248,4266394,4266394,0,0.0,0,0,0,0,4795248,32768,32776,1.1680621999839786,0.0,,325,325,ok,f1263cf6e85cfdb487d2079e3a53f0a6c0c52b84963195b4a02c2555bf108710,False
case_026,1,5,component_group3,48028,99203,2.065524277504789,528854,550502,21648,21648,0,0.0,0,0,0,0,550502,163840,57344,0.23833160000503995,0.0,,11,11,ok,1f85af373e5a6a412f4bb0043561b420acea934ade0ef61edf1a2881587d35c6,False
case_026,1,5,component_group4,51080,99203,1.9421104150352388,528854,531590,2736,2736,0,0.0,0,0,0,0,531590,163840,57344,0.557198900001822,0.0,,8,8,ok,cf1598c3749464d17c2ea9d3869720c3c3458110776d9ef87623bfe91ce5a150,False
case_026,1,5,component_group5,51579,99203,1.9233215068147889,528854,624230,95376,95376,0,0.0,0,0,0,0,624230,163840,57344,0.4487766999809537,0.0,,7,7,ok,8ece459d09e2d41ea03663274623eaeb981bf32e539f7928192f32b9fe4096d2,False
case_026,1,5,component_group6,60998,99203,1.6263320108856028,528854,528854,0,0,0,0.0,0,0,0,0,528854,163840,57344,0.4962520000117365,0.0,,6,6,ok,6a7a36b77e8d93c5a2de45869f7208a974949383f6d7b3c50681c4a0cfaea1c2,False
case_026,1,5,component_group8,61612,99203,1.6101246510420049,528854,529142,288,288,0,0.0,0,0,0,0,529142,163840,57344,0.46007830000598915,0.0,,4,4,ok,74cf9d3fb7660024749664ca3c8506e66ae0e2462461bf220d530e04d643f215,False
case_026,1,5,pipevec_merge,42536,99203,2.33221271393643,528854,746726,217872,217872,0,0.0,0,0,0,0,746726,163840,57344,0.3668902000063099,0.0,,31,31,ok,391f4b681436a5fcbc9f82e1ef686741d8f6def09f97914f0c6bd31c36a826fb,False
case_026,1,5,membatch_70,44570,99203,2.225779672425398,528854,741686,212832,212832,0,0.0,0,0,0,0,741686,163840,57344,0.32948970000143163,0.0,,19,19,ok,bce2e4f526113e352d77d5e9381268ac8c29ed2cce41b1cd43f1bbbf9695e0bb,False
case_026,1,5,whole_graph,99203,99203,1.0,528854,528854,0,0,0,0.0,0,0,0,0,528854,163840,57344,0.00035849999403581023,0.0,,1,1,ok,863e367ede5523a11d8d72fe7fc16079f1a9142e9058961dbd1e5407cbb6a6d8,True
case_027,1,5,component_round_robin,558753,2363952,4.230763861670542,2039808,7569408,5529600,5529600,0,0.0,0,0,0,0,7569408,69632,0,1.7106329000089318,0.0,,5,5,ok,854250e9de14ced37e1787a1890d04b5c8baf25429fb6861831c706746968bfc,False
case_027,1,5,component_batches,561146,2363952,4.2127218228411145,2039808,7569408,5529600,5529600,0,0.0,0,0,0,0,7569408,69632,0,1.2455203999998048,0.0,,10,10,ok,ad49b1cbaaf81c762298795f7fa7a9b7e86df9480da7f298c3e2b6606c2096da,False
case_027,1,5,component_batches_128,565244,2363952,4.182179731231114,2039808,7569408,5529600,5529600,0,0.0,0,0,0,0,7569408,59392,0,0.9372484000050463,0.0,,16,16,ok,4535339829aba142aac96a500ecad04fed8965435c70c63958bf38e259329538,False
case_027,1,5,component_pipe_lpt,565244,2363952,4.182179731231114,2039808,7569408,5529600,5529600,0,0.0,0,0,0,0,7569408,59392,0,1.5127949000161607,0.0,,16,16,ok,2a1553e43b71e14354dfe7b71cf39526ba389cf7025ee7d663330dc41eb943fb,False
case_027,1,5,component_comm,565244,2363952,4.182179731231114,2039808,7569408,5529600,5529600,0,0.0,0,0,0,0,7569408,59392,0,1.2799213999824133,0.0,,16,16,ok,5ea53994d505b66292635de5e7208a88f6b92fc89208871f04993ee705fdae09,False
case_027,1,5,scene_a_peft,500146,2363952,4.72652385503433,2039808,9732096,7692288,7692288,0,0.0,0,0,0,0,9732096,59392,0,2.2993655999889597,0.0,,104,104,ok,00adc8543840f510d42eb9bad6923b64f521149f3670c517c3e6122f1ecab176,False
case_027,1,5,scene_a_spine,494406,2363952,4.7813982840014075,2039808,9732096,7692288,7692288,0,0.0,0,0,0,0,9732096,59392,0,1.6126180999854114,0.0,,104,104,ok,f96dd4439dd4d514be5132218fac728d0ab0cfd11d53bc358362aacfb3eb5f00,False
case_027,1,5,weighted_window_20_s1.0,859021,2363952,2.751914097559897,2039808,31555584,29515776,29515776,0,0.0,0,0,0,0,31555584,49152,0,5.821031400002539,0.0,,992,992,ok,7927e397d0ec93e206d1992cbec9e80994fbfd40e57ecac7ff85d9f71deab84d,False
case_027,1,5,weighted_window_15_s0.65,774304,2363952,3.0530024383187997,2039808,28803072,26763264,26763264,0,0.0,0,0,0,0,28803072,59392,0,5.629598100000294,0.0,,880,880,ok,8c0ccecc882a2673598d28461d9c9ed3ac879f9ad99a0fe11e9e1ad0cb3c70d3,False
case_027,1,5,weighted_window_10_s0.35,811210,2363952,2.9141060884357937,2039808,27230208,25190400,25190400,0,0.0,0,0,0,0,27230208,59392,0,4.641634600004181,0.0,,816,816,ok,1fd09495cfe3557066ead8726fcf0dc431b28d56b1bd40d5dd939db02a32caa6,False
case_027,1,5,critical_cut_b0.16_s1.0,707957,2363952,3.3391180537801026,2039808,19931136,17891328,17891328,0,0.0,0,0,0,0,19931136,59392,0,2.810440200002631,0.0,,519,519,ok,6fa184691377d1feaed585c710d5e54ed381ffe594838ae83fcf1e70cf602f79,False
case_027,1,5,critical_cut_b0.06_s0.35,776023,2363952,3.046239608877572,2039808,22364160,20324352,20324352,0,0.0,0,0,0,0,22364160,59392,0,2.1519346999994013,0.0,,618,618,ok,1861beb765416ec437711621dffa70ba78e22d06e768e2a475abdbe5f1058a1b,False
case_027,1,5,win_w5,850040,2363952,2.780989129923298,2039808,26443776,24403968,24403968,0,0.0,0,0,0,0,26443776,59392,0,2.923633400001563,0.0,,784,784,ok,01bdbf1163e95ebca34a035481810cb4666aa6f72438d7c2ccbe4b3450d13090,False
case_027,1,5,win_w7,819932,2363952,2.88310737963636,2039808,24870912,22831104,22831104,0,0.0,0,0,0,0,24870912,59392,0,2.755093699990539,0.0,,720,720,ok,b0936e790f9ac0e42fe0606e35ed9592c6134c4e16e04f8a5a4108513b5a22a4,False
case_027,1,5,win_w14,707689,2363952,3.3403825691793996,2039808,20938752,18898944,18898944,0,0.0,0,0,0,0,20938752,59392,0,1.9578881999768782,0.0,,560,560,ok,69886d1ed52640d0868f61eec0c1217eccc4164f3c9d000c3d8322e22e7cefab,False
case_027,1,5,stageU4_k5,893205,2363952,2.6465951265387004,2039808,25264128,23224320,23224320,0,0.0,0,0,0,0,25264128,49152,0,1.9692344999930356,0.0,,736,736,ok,f3b000fad077822311b3ba62c3ada63b7072d9629e8b58f03a159c8dd3b53966,False
case_027,1,5,stageC5_k4,981740,2363952,2.4079206307168906,2039808,24477696,22437888,22437888,0,0.0,0,0,0,0,24477696,59392,0,2.5970854999904986,0.0,,704,704,ok,44cf74140d77a4a85bcaf88133be7753231ef9ef39e8a2f131b4a0e5fa9d73d4,False
case_027,1,5,stageU12_k5,888002,2363952,2.66210211238263,2039808,25657344,23617536,23617536,0,0.0,0,0,0,0,25657344,49152,0,2.1912609999999404,0.0,,752,752,ok,2f07ab36509d29bb737bbfd2753a67d5a31352654122ec702879a105d0da114a,False
case_027,1,5,component_group3,560458,2363952,4.217893223042583,2039808,5357568,3317760,3317760,0,0.0,0,0,0,0,5357568,333824,0,0.8496828000061214,0.0,,6,6,ok,7096859165e07d057f0166b78211c15a1943124da8b7e0ba2f8da15a726900ac,False
case_027,1,5,component_group4,559196,2363952,4.227412213249022,2039808,4251648,2211840,2211840,0,0.0,0,0,0,0,4251648,333824,0,0.7902239999966696,0.0,,4,4,ok,64a5c547fd5bc02aaf3cef80379341c8dd56f646f1f05a6dcc7907cb1c861411,False
case_027,1,5,component_group5,698311,2363952,3.385242392000126,2039808,4528128,2488320,2488320,0,0.0,0,0,0,0,4528128,518144,0,0.8227798000152688,0.0,,4,4,ok,4b2a9d836fed2748988af5d99b6736a4a60993e05b1e35d9039c278bb758128d,False
case_027,1,5,component_group6,879481,2363952,2.687894337683247,2039808,4110336,2070528,1751040,319488,0.0,0,0,0,0,4110336,522240,0,1.185540900012711,0.0,,3,3,ok,64172278dd987a03be49abb806e107e97620252aecc4f1ae732aa6c9b50468db,False
case_027,1,5,component_group8,1169004,2363952,2.022193251691183,2039808,3465216,1425408,737280,688128,0.0,0,0,0,0,3465216,524288,0,1.1844806000008248,0.0,,2,2,ok,9f5a49ca4ab03f263581920ae9fa9e63fd8a8ef8c4c38ba9e6b5489b50d4e6d8,False
case_027,1,5,whole_graph,2363952,2363952,1.0,2039808,3440640,1400832,0,1400832,0.0,0,0,0,0,3440640,524288,0,0.0013672999921254814,0.0,,1,1,ok,0a0a463c9713dd93df566abafb98867c194abf84ed5c695a111de50ec851b605,True
case_028,1,5,component_round_robin,11491035,43836040,3.814803453300769,5908608,283727520,277818912,8593920,269224992,0.0,0,0,0,0,283727520,523704,0,161.273606200004,0.0,,5,5,ok,82d8ec2f78d9be51282f54af5e5680873c4b209a3ac00c2ea63f587dfc33e4c9,False
case_028,1,5,component_batches,11427204,43836040,3.836112490859531,5908608,296994168,291085560,165432960,125652600,0.0,0,0,0,0,296994168,522360,0,18.128235099982703,0.0,,78,78,ok,de059e408d9ee2f821f5264cd1f34a2f04930b93c8c4fe221faa194c35dacd90,False
case_028,1,5,component_pipe_lpt,10194624,43836040,4.299917289740161,5908608,332477568,326568960,326568960,0,0.0,0,0,0,0,332477568,191232,0,20.065468700020574,0.0,,153,153,ok,b0e54967f511da6a319ee563c3f8fc15f0d4d151be3086cd1451d74b19feb050,False
case_028,1,5,scene_a_peft,8470888,43836040,5.174904921420281,5908608,332684928,326776320,326776320,0,0.0,0,0,0,0,332684928,191232,0,29.945732000021962,0.0,,165,165,ok,bca1f360b78c6e0dae9050e10913b11d9cd38bec7e571a6ebf712421badc2c3b,False
case_028,1,5,scene_a_spine,10194445,43836040,4.299992790191129,5908608,332684928,326776320,326776320,0,0.0,0,0,0,0,332684928,191232,0,19.63093200000003,0.0,,165,165,ok,2c8f906880e2c577849622da58ec91ce9967d535eba0262feecc2df5d2ccd72a,False
case_028,1,5,share_pack_10,11193429,43836040,3.916229780883052,5908608,283619520,277710912,19336320,258374592,0.0,0,0,0,0,283619520,523704,0,87.04982149999705,0.0,,10,10,ok,7f74a03e3d33b064a7b2312c0bd24aa29f1e9dd2cff3251c762e97936ed74622,False
case_028,1,5,component_group3,12751964,43836040,3.4375912604521153,5908608,284220144,278311536,107424000,170887536,0.0,0,0,0,0,284220144,522360,0,20.25732980002067,0.0,,51,51,ok,ec1740817ebb66afac045ebebc3e3727af372156f16daf8abc97d4ccd3222c3b,False
case_028,1,5,component_group4,12306724,43836040,3.561958487083971,5908608,284901264,278992656,81642240,197350416,0.0,0,0,0,0,284901264,522360,0,21.46548640000401,0.0,,39,39,ok,7849f193d27ed4d5a4536a6955b752beccfc404f593d1e6ce8c576430c7f15f6,False
case_028,1,5,component_group5,12396190,43836040,3.5362510577846904,5908608,285400224,279491616,64454400,215037216,0.0,0,0,0,0,285400224,522360,0,23.161331300012534,0.0,,31,31,ok,49951b2e9a7e2fa4448f40e7660c093dace4aaa21c35dae617fb03369785dd61,False
case_028,1,5,component_group6,12291669,43836040,3.566321221308514,5908608,285946344,280037736,53712000,226325736,0.0,0,0,0,0,285946344,522360,0,28.097994199983077,0.0,,26,26,ok,c6e2cbfd9a0f814fbca1d7c7611dada609d881b3a9dae46ecb6b2d5662bc828e,False
case_028,1,5,component_group8,11864114,43836040,3.694843121028675,5908608,286976520,281067912,40821120,240246792,0.0,0,0,0,0,286976520,522360,0,34.595836299995426,0.0,,20,20,ok,31bc52dc09c0ba1017825293e2fe575354b46e3d4d31026957b264168b2c9b9d,False
case_028,1,5,whole_graph,43836040,43836040,1.0,5908608,283320864,277412256,0,277412256,0.0,0,0,0,0,283320864,523704,0,0.01442500000121072,0.0,,1,1,ok,4843731c2000cc31ae7626229f3a7e2c1847bbf5ea6c9432c9765820449c2546,True
case_029,1,5,component_round_robin,9383,37555,4.002451241607162,430164,430164,0,0,0,0.0,0,0,0,0,430164,0,14340,0.8467426999995951,0.0,,5,5,ok,712451fa176d4437358c9ab9656c0adb42913a8a78979a0b634803dce20106d9,False
case_029,1,5,component_batches_128,10081,37555,3.7253248685646265,430164,430164,0,0,0,0.0,0,0,0,0,430164,0,14340,0.5332937999919523,0.0,,10,10,ok,3f186af290569ca70d291d2b7ba54dfe5681e9d0d5a3cf65cf177c940c6cdf1c,False
case_029,1,5,component_pipe_lpt,11787,37555,3.1861372698735897,430164,430164,0,0,0,0.0,0,0,0,0,430164,0,14340,0.8735587999981362,0.0,,21,21,ok,75b2aba334dfd32ab152bc3f639729ea0cb9953f6df540d64b14dafb92d8282c,False
case_029,1,5,weighted_window_20_s1.0,56970,37555,0.6592065999648938,430164,2409750,1979586,1979586,0,0.0,0,0,0,0,2409750,0,6144,3.457230100000743,0.0,,630,630,ok,edbc1fb2395b5547406b637afb2a890e983a6268a07c8b78bbb388420d648d32,False
case_029,1,5,weighted_window_15_s0.65,59961,37555,0.6263237771217959,430164,2409834,1979670,1979670,0,0.0,0,0,0,0,2409834,0,6144,4.199907000001986,0.0,,651,651,ok,bbc56ba77ada4ad57e45d0f86d7f794988b117be5d69bb256506c55b09a8e98d,False
case_029,1,5,weighted_window_10_s0.35,58284,37555,0.6443449317136779,430164,2409330,1979166,1979166,0,0.0,0,0,0,0,2409330,0,6144,1.5126987000112422,0.0,,525,525,ok,cc43354dc9c5fd3659540df40366de30b9f8d4feb2c074fd9d0ad3afd25d118a,False
case_029,1,5,critical_cut_b0.16_s1.0,24785,37555,1.5152309864837603,430164,1251880,821716,821716,0,0.0,0,0,0,0,1251880,0,10242,1.2774801999912597,0.0,,184,184,ok,b4c477d8e4f32ea6e014398d7e9d76e22995d0f22f0d5d17b88d6c9a96cb8eeb,False
case_029,1,5,critical_cut_b0.06_s0.35,35242,37555,1.0656319164633108,430164,1766066,1335902,1335902,0,0.0,0,0,0,0,1766066,0,8192,2.1383095999772195,0.0,,330,330,ok,987c996b3e5f4483ca36cca5453f3fbd500c842672caaa16a5d769361040fa85,False
case_029,1,5,win_w5,29070,37555,1.2918816649466804,430164,1548582,1118418,1118418,0,0.0,0,0,0,0,1548582,0,10244,1.38328849998652,0.0,,147,147,ok,6acaa76b61e511462bd16418c6a1baeab16b0c8db3e0b3d9ff3807aef62e2b94,False
case_029,1,5,stageU4_k5,30481,37555,1.2320790000328072,430164,1376844,946680,946680,0,0.0,0,0,0,0,1376844,0,8192,2.167514000000665,0.0,,231,231,ok,29c9790c29a1bdfd187d84a0371df30b0be40f36ae813b5e4c50bc668b2f1bb1,False
case_029,1,5,stageC5_k4,30661,37555,1.2248458954372003,430164,1376802,946638,946638,0,0.0,0,0,0,0,1376802,0,8192,2.1312938000191934,0.0,,210,210,ok,d3e72076752db1491747018d78dd173542857b580a6c20fcdfc71cede22b69e8,False
case_029,1,5,stageU12_k5,52843,37555,0.7106901576367731,430164,2409918,1979754,1979754,0,0.0,0,0,0,0,2409918,0,8194,4.116652299999259,0.0,,651,651,ok,b0b8b8082328d81c79589f9cde2e1adbe09802f76a41e9e270568544fa9d0441,False
case_029,1,5,component_group3,11548,37555,3.252078281953585,430164,430164,0,0,0,0.0,0,0,0,0,430164,0,14340,0.8009079000039492,0.0,,7,7,ok,56ceb1c4a448ad872ba1841474c19a2f717cf187a289eb777676999b653b53a3,False
case_029,1,5,component_group4,9693,37555,3.8744454761167852,430164,430164,0,0,0,0.0,0,0,0,0,430164,0,14340,1.0774349000130314,0.0,,6,6,ok,a878c5b9f49e764d8fe9c982341dbb8b0a862464d49324d57f490df1a506ea8b,False
case_029,1,5,component_group5,9488,37555,3.9581576728499157,430164,430164,0,0,0,0.0,0,0,0,0,430164,0,14340,0.8026967000041623,0.0,,5,5,ok,728efaf44f0f2a0a6d51743f3a77d874ae67cbc7225edd3a04aa406de5c51de0,False
case_029,1,5,component_group6,11098,37555,3.383943052802307,430164,430164,0,0,0,0.0,0,0,0,0,430164,0,14340,0.7258618999912869,0.0,,4,4,ok,7330c379d69d58368d8bf40827551849a4ab6ef090349f8e54bea6d00c53f016,False
case_029,1,5,component_group8,14493,37555,2.5912509487338715,430164,430164,0,0,0,0.0,0,0,0,0,430164,0,14340,0.9284456000023056,0.0,,3,3,ok,76607be5dc7e967c68b3451421311fb8fc9826072f7aa3e72d9b8ceb52f7fdb8,False
case_029,1,5,membatch_70,11787,37555,3.1861372698735897,430164,430164,0,0,0,0.0,0,0,0,0,430164,0,14340,0.3593566000054125,0.0,,21,21,ok,729eb3bad0ecda056808cedcc585cd8eb06a945d9bc02b28703898e35f7632ef,False
case_029,1,5,whole_graph,37555,37555,1.0,430164,430164,0,0,0,0.0,0,0,0,0,430164,0,14340,0.00032890000147745013,0.0,,1,1,ok,a2d7975edc50e5d346ed03f2443b7ade822d0823d0229b50a371d70a3c05b499,True
case_030,1,5,component_round_robin,566262,2808034,4.958895352328074,2394060,12754380,10360320,6604800,3755520,0.0,0,0,0,0,12754380,524288,132,154.08868369998527,0.0,,5,5,ok,63bceb94e4cd426062a1ca7f789aaa65da3d07434cfc09e39dbc24058963b49e,False
case_030,1,5,component_pipe_balance,561102,2808034,5.004498290863337,2394060,13873100,11479040,7463936,4015104,0.0,0,0,0,0,13873100,524288,132,156.67785349997575,0.0,,5,5,ok,8d7afca1bf1f71790274f65a909dd820b11e3c13cdd9edbae7d814a3ecc1462e,False
case_030,1,5,component_batches,564299,2808034,4.976145624925793,2394060,17234892,14840832,14840832,0,0.0,0,0,0,0,17234892,323584,132,16.344427800009726,0.0,,44,44,ok,04d02343fa7107c409a90332c0fc2c8d5635a57d54e85df1e247da37604369ea,False
case_030,1,5,component_pipe_lpt,618071,2808034,4.543222380600287,2394060,29329356,26935296,26935296,0,0.0,0,0,0,0,29329356,68608,132,22.65507300000172,0.0,,486,486,ok,ba111562682cb1331af4e7a09882afe806a2c834191d734e387ef84167c055d9,False
case_030,1,5,component_comm,616538,2808034,4.554518942871323,2394060,29329356,26935296,26935296,0,0.0,0,0,0,0,29329356,68608,132,21.874632700026268,0.0,,486,486,ok,0eecbc8ef550a9897de997616863e7591df268210401f5f9a22daa93d2f50cbf,False
case_030,1,5,scene_a_peft,618980,2808034,4.536550453972665,2394060,29452236,27058176,27058176,0,0.0,0,0,0,0,29452236,68608,132,21.803575199999614,0.0,,496,496,ok,0fb864336f486a570e66b385271bbaccfe8bf11247075c2f01e25ce73458681a,False
case_030,1,5,scene_a_spine,621431,2808034,4.518657743176636,2394060,29452236,27058176,27058176,0,0.0,0,0,0,0,29452236,68608,132,19.118788699997822,0.0,,496,496,ok,b62e1088070068a8ffb40d37d9c0a234d9f9c8391920c3278d7615740d75bd14,False
case_030,1,5,weighted_window_20_s1.0,2199218,2808034,1.2768329469838824,2394060,111256544,108862484,108862484,0,0.0,0,0,0,0,111256544,18432,130,274.7219821999897,0.0,,8963,8963,ok,50781e27c36653e7994af7a4cd637437fc77881cbef56e64b7dd9e8c8e55401e,False
case_030,1,5,weighted_window_15_s0.65,2003053,2808034,1.4018770347065206,2394060,99722232,97328172,97328172,0,0.0,0,0,0,0,99722232,20480,130,219.8136158999987,0.0,,7561,7561,ok,d0d54eb0621e0f7dbbe09190973aa4c10fffd592550e30f78adea4b073f54e04,False
case_030,1,5,weighted_window_10_s0.35,1765251,2808034,1.590727890821192,2394060,84599776,82205716,82205716,0,0.0,0,0,0,0,84599776,30720,130,174.077985299984,0.0,,6195,6195,ok,076663b39e79fcf5596b899f2384f922297876034733ec48b232ad42f6ef7fea,False
case_030,1,5,critical_cut_b0.16_s1.0,799342,2808034,3.5129318864766272,2394060,40162252,37768192,37768192,0,0.0,0,0,0,0,40162252,31744,132,45.126008399995044,0.0,,1563,1563,ok,a7a1a804296d7947a2f3495bb53faf0c909ff08bca8b580f7ad50107829532d4,False
case_030,1,5,critical_cut_b0.06_s0.35,1182037,2808034,2.375588919805387,2394060,60101580,57707520,57707520,0,0.0,0,0,0,0,60101580,31744,132,136.72548069999903,0.0,,3793,3793,ok,942b84d1b219a86b92afe5999c852291e26840b48abe72696de33f3b5778d590,False
case_030,1,5,win_w5,694873,2808034,4.041075131714716,2394060,32556096,30162036,30162036,0,0.0,0,0,0,0,32556096,31744,226,34.32089159998577,0.0,,1123,1123,ok,a340f3bd18a9fc2cbb43e063941e639cdf1a1d649e421c7fa7c0c85347f78959,False
case_030,1,5,whole_graph,2808034,2808034,1.0,2394060,7913420,5519360,0,5519360,0.0,0,0,0,0,7913420,524288,132,0.0591061000013724,0.0,,1,1,ok,c59b280023786cce50422b14308525e88448ea931fde457989518ffa40345213,True
case_031,1,5,component_round_robin,346505,1414369,4.0818141152364324,2185040,10636112,8451072,6924288,1526784,0.0,0,0,0,0,10636112,524288,57344,40.04643600000418,0.0,,5,5,ok,b58af247612768addfaafe0b08b0dab2cdb57e40cacc9e83625981192d6b921f,False
case_031,1,5,component_lpt,284848,1414369,4.965346430376902,2185040,10116944,7931904,6274560,1657344,0.0,0,0,0,0,10116944,524288,57344,42.4406944999937,0.0,,5,5,ok,90b2d97848da470d9842ec07bdbac23c48d0f4e14fa57496ec71dfb93e2a3006,False
case_031,1,5,component_pipe_balance,306213,1414369,4.618905794332703,2185040,10244432,8059392,6248448,1810944,0.0,0,0,0,0,10244432,524288,57344,41.59502109998721,0.0,,5,5,ok,4dafd86235eb72f21b57495ccb8812cbae932f2d566fbf87c164d1aeacddce7d,False
case_031,1,5,component_batches,310603,1414369,4.5536231137497065,2185040,10596176,8411136,8411136,0,0.0,0,0,0,0,10596176,368640,57344,10.631940699997358,0.0,,21,21,ok,53cc9bd7664aac101cd109ee082f3120da149cdfa8d92d83b42d7efbb33c9df2,False
case_031,1,5,component_batches_128,314106,1414369,4.502839805670697,2185040,12691280,10506240,10506240,0,0.0,0,0,0,0,12691280,155648,57344,9.52147119998699,0.0,,45,45,ok,c8cb74580103c782b5027b8cc2e5de17efd1217e25baf5fad8a5b34d2e1ac1b8,False
case_031,1,5,component_batches_512,308763,1414369,4.580759352642642,2185040,9760592,7575552,7194624,380928,0.0,0,0,0,0,9760592,524288,57344,14.814773000020068,0.0,,12,12,ok,1f01dbc86629119ddabad84a547b177eef7230ef5f0cc0137d3df01d9019cc3f,False
case_031,1,5,component_pipe_lpt,320054,1414369,4.419157392190068,2185040,15466832,13281792,13281792,0,0.0,0,0,0,0,15466832,73920,57344,9.743117100006202,0.0,,107,107,ok,d294b99ac7ad9d56e831b8591e1a60460a8418c91f90d9423234474026dbeba4,False
case_031,1,5,component_comm,356951,1414369,3.9623617807486182,2185040,15466832,13281792,13281792,0,0.0,0,0,0,0,15466832,73920,57344,8.927845199999865,0.0,,107,107,ok,1a90be800fb27dd905e5e84f69fa382b2921c437e69b7500adfe0ecbf575f881,False
case_031,1,5,weighted_window_20_s1.0,324721,1414369,4.355643768034713,2185040,17548066,15363026,15363026,0,0.0,0,0,0,0,17548066,34816,40960,8.649794699973427,0.0,,261,261,ok,6b2d1902b2ff84c1b2b7da725cd71178e3ad791bbc8ac64483a3c2785170ed16,False
case_031,1,5,weighted_window_15_s0.65,488262,1414369,2.896741913153184,2185040,23876240,21691200,21691200,0,0.0,0,0,0,0,23876240,24576,40960,20.628227099979995,0.0,,1023,1023,ok,a4b6ee3770e1a5e36fc588c46722c7682c3e96986cab78aa95950534a41aab32,False
case_031,1,5,weighted_window_10_s0.35,332372,1414369,4.255379514519875,2185040,16543362,14358322,14358322,0,0.0,0,0,0,0,16543362,34816,40960,7.096764899994014,0.0,,171,171,ok,fac016e07892218f921297892165dac2efbfdae2137d94348602db9837dd8c35,False
case_031,1,5,critical_cut_b0.16_s1.0,457903,1414369,3.0887960987370686,2185040,22883116,20698076,20698076,0,0.0,0,0,0,0,22883116,73728,40960,20.67034660000354,0.0,,985,985,ok,1671ba273b74b2c9b23233863fd7194b093709d09bc1fc544bd5cedc8771bd5f,False
case_031,1,5,critical_cut_b0.06_s0.35,655249,1414369,2.158521417049091,2185040,31169584,28984544,28984544,0,0.0,0,0,0,0,31169584,73728,40960,36.43502499998431,0.0,,2001,2001,ok,2031e89a61e475a6797ae47b7c90a002a91f140d56856513fb32858101f5cc45,False
case_031,1,5,win_w5,355569,1414369,3.977762403359123,2185040,18928910,16743870,16743870,0,0.0,0,0,0,0,18928910,34816,40960,13.37429819998215,0.0,,589,589,ok,44da27eb1c16f15d434c4b01e9510a7350cacd81006d07c661d180746e81055e,False
case_031,1,5,win_w7,328013,1414369,4.3119297101029535,2185040,17313620,15128580,15128580,0,0.0,0,0,0,0,17313620,34816,49152,10.42154200002551,0.0,,379,379,ok,bc739b92e08c0c6461487cde82f31bda0c1e10abd7870260604cc72b89675d0b,False
case_031,1,5,win_w14,309320,1414369,4.5725106685633,2185040,16424404,14239364,14239364,0,0.0,0,0,0,0,16424404,34816,57344,9.104652000009082,0.0,,193,193,ok,4decb5b8e86000003cbbcbcdc310a9f4e8e758db2a9ea2abece51c49789970f3,False
case_031,1,5,win_w23,330224,1414369,4.283059377876835,2185040,15848698,13663658,13663658,0,0.0,0,0,0,0,15848698,34816,57344,7.148317500017583,0.0,,150,150,ok,29f22c3015d299eb246ee38505dfc06679763356451a78d744e8d5c196127854,False
case_031,1,5,stageU4_k5,583268,1414369,2.4249041606945694,2185040,29036656,26851616,26851616,0,0.0,0,0,0,0,29036656,73920,57344,36.0200944999815,0.0,,1766,1766,ok,6dcaaa3683e7e78c05e98cbf7293ecdf900606ff8827a04177e9a569d6955f2b,False
case_031,1,5,stageC5_k4,396934,1414369,3.5632346939289654,2185040,15986150,13801110,13801110,0,0.0,0,0,0,0,15986150,73728,40960,10.602256099984515,0.0,,196,196,ok,1d38a154ab7e4a30e0abdfa0e99363505396d01ea3f4b3ecebc64adb8026fb31,False
case_031,1,5,stageU12_k5,871640,1414369,1.6226527006562341,2185040,36587446,34402406,34402406,0,0.0,0,0,0,0,36587446,73728,40960,49.87724460000754,0.0,,2719,2719,ok,ba6cd35a68e58c380da586c259ad349ba616beb4f9ee53790d03e9ecae408f3b,False
case_031,1,5,component_group3,315597,1414369,4.481566681559077,2185040,8729936,6544896,6544896,0,0.0,0,0,0,0,8729936,165888,57344,6.554495099990163,0.0,,36,36,ok,bc9aa0e7ff62e62b068dd0b0b2c56e335c6749a3c1aca3f4bfe0bd184253bbfa,False
case_031,1,5,component_group4,289401,1414369,4.887229138807399,2185040,8688464,6503424,6503424,0,0.0,0,0,0,0,8688464,290816,57344,8.5368389999785,0.0,,27,27,ok,9d6a270389218eaca5b2514e7b4f55339c432b70f4c845e0bf3e5a28a8222e24,False
case_031,1,5,component_group5,302704,1414369,4.672448993075744,2185040,8241488,6056448,6056448,0,0.0,0,0,0,0,8241488,301056,57344,11.079741199995624,0.0,,22,22,ok,a378946bca5264e1280688339ee2caa2f0fb8fd1a2b3d4be513b2c0b07c41ceb,False
case_031,1,5,component_group6,312213,1414369,4.530141281753162,2185040,7565648,5380608,5380608,0,0.0,0,0,0,0,7565648,301056,57344,10.593258799985051,0.0,,18,18,ok,eea3f7d4dc9357396d60698c4b715be4c531f5d7b5c0c2f79618df834de79e1d,False
case_031,1,5,component_group8,292741,1414369,4.831468772737676,2185040,7565648,5380608,5380608,0,0.0,0,0,0,0,7565648,301056,57344,10.771075600001495,0.0,,14,14,ok,4286174c20118127093cadaec9eda02e2193a125b04cbf59d047405d20aa94b8,False
case_031,1,5,pipevec_merge,302169,1414369,4.680721715331487,2185040,15466832,13281792,13281792,0,0.0,0,0,0,0,15466832,73920,57344,10.194622199982405,0.0,,107,107,ok,cb71e73b9cdc786237a810f5385041f7ccc0bcb95630167bdbeeed2042d7561d,False
case_031,1,5,membatch_70,319190,1414369,4.431119395971051,2185040,15259472,13074432,13074432,0,0.0,0,0,0,0,15259472,73920,57344,10.227415700006532,0.0,,91,91,ok,707a8abc8cfc0fc6352f16b26baad3e2e1f58747a0b3ee2884b3e6757f60f661,False
case_031,1,5,whole_graph,1414369,1414369,1.0,2185040,5676368,3491328,0,3491328,0.0,0,0,0,0,5676368,524288,57344,0.00578269999823533,0.0,,1,1,ok,9f7e924ec2bc048dd8672a62c31b2378bf38b5d4c2590938e18cf05a9d9c3818,True
case_032,1,5,component_round_robin,15753,41443,2.6308004824477877,293088,317808,24720,24720,0,0.0,0,0,0,0,317808,40960,36876,0.7873441999836359,0.0,,5,5,ok,9bb4ef14bdfe1bec7122b8ac91a5ef8b32617dd6fcccbc686d3f9e7edcb8788e,False
case_032,1,5,component_lpt,10496,41443,3.9484565548780486,293088,305520,12432,12432,0,0.0,0,0,0,0,305520,40960,36876,0.9530091999913566,0.0,,5,5,ok,5b003e5c8768c8a90e33f9526d6c03bc42a2956d46df455bc12d42f774ec788c,False
case_032,1,5,component_pipe_balance,10415,41443,3.9791646663466156,293088,305448,12360,12360,0,0.0,0,0,0,0,305448,40960,36876,0.9230167999921832,0.0,,5,5,ok,e032e2744571c097d6d52fcc32e20604260ef317756c70744df93df133a327a0,False
case_032,1,5,component_batches_128,10417,41443,3.978400691177882,293088,305448,12360,12360,0,0.0,0,0,0,0,305448,40960,36876,0.8838478999969084,0.0,,8,8,ok,7f4bf7ef431ff44082605503b240a7a47afbd11384b96701047029e1d8a78fa9,False
case_032,1,5,component_pipe_lpt,13065,41443,3.1720627631075393,293088,348528,55440,55440,0,0.0,0,0,0,0,348528,40960,36876,0.8130147999909241,0.0,,25,25,ok,f3d5bb2ec6c081311334cd306e71b7488cc5be709cb99a4d970693477307cc0c,False
case_032,1,5,component_comm,11901,41443,3.482312410721788,293088,348528,55440,55440,0,0.0,0,0,0,0,348528,40960,36876,0.5637447999906726,0.0,,25,25,ok,8233189a30ca7ceebd925bafb2aa2ed23b532a237e18e938efd1aa7165ea9f67,False
case_032,1,5,scene_a_peft,15987,41443,2.592293738662663,293088,422424,129336,129336,0,0.0,0,0,0,0,422424,14336,36876,0.7395628000085708,0.0,,63,63,ok,7dec83b69193df02b563010e5ed9a85e6c42acd9a9192dd179558d49ab3d6a18,False
case_032,1,5,pipe_lane_pack,31385,41443,1.3204715628484944,293088,1087688,794600,794600,0,0.0,0,0,0,0,1087688,9288,9216,3.0284064000006765,0.0,,395,395,ok,fce9515812b5b1596d38ade0216be4e1aea5a6c76f8f852afddeb0c57f199af7,False
case_032,1,5,scene_a_spine,12001,41443,3.4532955587034415,293088,422424,129336,129336,0,0.0,0,0,0,0,422424,14336,36876,0.9085758000146598,0.0,,63,63,ok,545be0b3724a6098e5b95ee0a30255556fda0d2feb68c635bee5ae2acf0b6d6e,False
case_032,1,5,weighted_window_20_s1.0,53699,41443,0.7717648373340286,293088,2577336,2284248,2284248,0,0.0,0,0,0,0,2577336,9288,9216,1.8163578000094276,0.0,,525,525,ok,4c4773fa72cc933eb58ce5d6a5d5a8ce7dfcf82834b31d8aea709e6b31fd5f4c,False
case_032,1,5,weighted_window_15_s0.65,49259,41443,0.8413284881950507,293088,2364912,2071824,2071824,0,0.0,0,0,0,0,2364912,9288,9216,1.841353199997684,0.0,,410,410,ok,009d39c98583131a637c87917d2d0c0b24a4861a7bf7b2e95f535c79934742f8,False
case_032,1,5,weighted_window_10_s0.35,39180,41443,1.0577590607452783,293088,1855252,1562164,1562164,0,0.0,0,0,0,0,1855252,10240,9216,1.3619442000053823,0.0,,331,331,ok,ca109053303e0799cd18703521f36d5711ea05d2664746673a392019ed0cdf8a,False
case_032,1,5,critical_cut_b0.16_s1.0,21755,41443,1.9049873592277637,293088,1112592,819504,819504,0,0.0,0,0,0,0,1112592,10240,12292,1.1478292000247166,0.0,,151,151,ok,329067c834733b098edf1b43a5b2840def7afcfaa84270b293a2d18678c252ba,False
case_032,1,5,critical_cut_b0.06_s0.35,28146,41443,1.4724294748809779,293088,1350960,1057872,1057872,0,0.0,0,0,0,0,1350960,36864,9216,1.448401500005275,0.0,,253,253,ok,c466f95c7c46fb48cf37bc5c8a844748a5bd88064dcc2f093e497eb9ec8548b3,False
case_032,1,5,win_w5,19901,41443,2.08245816793126,293088,968864,675776,675776,0,0.0,0,0,0,0,968864,10240,9216,1.7449861000059173,0.0,,175,175,ok,503232f1fe1285dfdeea8524dea2e3e54025e4a7fdfe03e2795a187dcf5557dd,False
case_032,1,5,win_w7,14581,41443,2.842260475961868,293088,666164,373076,373076,0,0.0,0,0,0,0,666164,14336,12292,0.6368951000040397,0.0,,79,79,ok,631050e96f38cf04ae995fb827a1c8aeee13084f3d11d24cd9f8bbe61095a910,False
case_032,1,5,win_w14,11893,41443,3.484654838980913,293088,459244,166156,166156,0,0.0,0,0,0,0,459244,40960,16388,0.9585941999976058,0.0,,55,55,ok,d8019ec27b74490e2f97df86f60cf1a8db5a787a3e10b617a5226c891e46b24f,False
case_032,1,5,stageU4_k5,28144,41443,1.4725341102899374,293088,1372692,1079604,1079604,0,0.0,0,0,0,0,1372692,9288,9216,1.1652457999880426,0.0,,249,249,ok,65433d76b6298c88fd0371f4de39554bda572bba9e7a1511b055205ec49aae68,False
case_032,1,5,stageC5_k4,31743,41443,1.3055791828119585,293088,1295080,1001992,1001992,0,0.0,0,0,0,0,1295080,10240,9216,1.6153881999780424,0.0,,262,262,ok,bf880162141deb42ee7f0c63f3a4462191336d4d9dd8830fbc0dcf394bfdac26,False
case_032,1,5,stageU12_k5,47127,41443,0.8793897341226897,293088,2166776,1873688,1873688,0,0.0,0,0,0,0,2166776,9288,9216,2.26960759999929,0.0,,518,518,ok,d7853e1467d338cc92822f843d25016f48316f5181ebf4379f27bbef846a071c,False
case_032,1,5,component_group3,13184,41443,3.143431432038835,293088,311592,18504,18504,0,0.0,0,0,0,0,311592,40960,55316,0.9548229000065476,0.0,,9,9,ok,e7805ebe5b5cca08ba08b4408049c511bc5ca025f1dafcedbf67c7a026f5ad77,False
case_032,1,5,component_group4,15911,41443,2.6046760103073345,293088,311592,18504,18504,0,0.0,0,0,0,0,311592,40960,59416,1.0362256999942474,0.0,,7,7,ok,f06a4fd5c872300bb79ff79348d41cf70bb55bd27d44e29bccd05e1c87a9a65e,False
case_032,1,5,component_group5,18260,41443,2.26960569550931,293088,299232,6144,6144,0,0.0,0,0,0,0,299232,40960,63516,0.9667024999798741,0.0,,5,5,ok,1fa0e00fbb400cb9e64bba6d2d479e663591be070cb0e8127d9b7d3587f1ca6b,False
case_032,1,5,component_group6,16066,41443,2.5795468691646954,293088,305448,12360,12360,0,0.0,0,0,0,0,305448,40960,57368,0.7800676999904681,0.0,,5,5,ok,b4671eaa4d07ffd0579b0cc791668e54c2169e472d22efb71280754e044e0a40,False
case_032,1,5,component_group8,17080,41443,2.4264051522248242,293088,305376,12288,12288,0,0.0,0,0,0,0,305376,40960,59416,0.8144364999898244,0.0,,4,4,ok,f9477e1c852fc198011715d5f84144cd535deea346a96ae2fb3a8cdaa054c508,False
case_032,1,5,pipevec_merge,10377,41443,3.993736147248723,293088,348528,55440,55440,0,0.0,0,0,0,0,348528,40960,36876,0.7176198000088334,0.0,,25,25,ok,6068e34ce25b638733b0ac94ee57c464a4e6c00f53bff50f4b02893c3c3a0b62,False
case_032,1,5,membatch_70,10220,41443,4.05508806262231,293088,305448,12360,12360,0,0.0,0,0,0,0,305448,40960,36876,0.6699263000045903,0.0,,7,7,ok,f442e0c8e61c51eac00558678d95243c47980971e3c335231bed443f8737c444,False
case_032,1,5,whole_graph,41443,41443,1.0,293088,293088,0,0,0,0.0,0,0,0,0,293088,40960,73760,1.200009137392044e-06,0.0,,1,1,ok,017e5d8fd4290162584af0691b1a0465b7c1e59e2d5817d4c31badce57d26473,True
case_033,1,5,component_round_robin,390318,1774196,4.545514170496877,2972910,11219310,8246400,7131264,1115136,0.0,0,0,0,0,11219310,524288,40964,14.458326299994951,0.0,,5,5,ok,3fdadc001df3260e1b34881a3e4a485f1bf4318c720fd7de48643534db22df05,False
case_033,1,5,component_lpt,355102,1774196,4.996299654747086,2972910,10789230,7816320,6509184,1307136,0.0,0,0,0,0,10789230,523776,40964,15.37033119998523,0.0,,5,5,ok,9d12400e6c4f925705c7c25af2b8470933a3b597b42733e73d25f805bc8a495b,False
case_033,1,5,component_pipe_balance,373638,1774196,4.748435651620017,2972910,10789230,7816320,6509184,1307136,0.0,0,0,0,0,10789230,523776,69644,8.878633400017861,0.0,,5,5,ok,031dd251651d1f8ea6a8d93bbce44b40eb5f224bae5d500cb9f897d94400b000,False
case_033,1,5,component_batches,374444,1774196,4.738214526070654,2972910,12302190,9329280,9329280,0,0.0,0,0,0,0,12302190,445440,65544,3.06760999999824,0.0,,16,16,ok,7f9bbbab932b3a141bb40ea6397198fbddcb050b142127c4c54196bf9a557379,False
case_033,1,5,component_batches_128,380115,1774196,4.667524301856017,2972910,13653870,10680960,10680960,0,0.0,0,0,0,0,13653870,201216,65544,2.336040900001535,0.0,,33,33,ok,f5c742df5924fcea48a0c2926c6f5547d104ed740a9119cdf61a09bca5ea453e,False
case_033,1,5,component_batches_512,372047,1774196,4.768741583724637,2972910,11560302,8587392,8333952,253440,0.0,0,0,0,0,11560302,523776,65544,5.134624199999962,0.0,,10,10,ok,3b24578175ef268d8519df668f8347ead6a04200ddbe5f21bd537efeb0a418b6,False
case_033,1,5,component_pipe_lpt,399865,1774196,4.4369874832756055,2972910,15799182,12826272,12826272,0,0.0,0,0,0,0,15799182,46080,40964,2.801595600001747,0.0,,95,95,ok,4fb0a93eeda5be879931977c92340390372ba3b06357bdcca170ebe3cdbedc2c,False
case_033,1,5,component_comm,401009,1774196,4.424329628512078,2972910,15799182,12826272,12826272,0,0.0,0,0,0,0,15799182,46080,40964,2.2818179999885615,0.0,,95,95,ok,284a4ee9196e329c9019a7b62788cd02546ae2ff428b008ea0d877bde8bcb66e,False
case_033,1,5,scene_a_peft,377166,1774196,4.704018920051118,2972910,15799182,12826272,12826272,0,0.0,0,0,0,0,15799182,46080,40964,2.3274385999829974,0.0,,95,95,ok,809d220c38073cc5c1e31d2be1220a291954e33f8fdc695ca1baece258310a4f,False
case_033,1,5,scene_a_spine,375451,1774196,4.725506124634107,2972910,15799182,12826272,12826272,0,0.0,0,0,0,0,15799182,46080,40964,2.0111608000006527,0.0,,95,95,ok,b5ea9ee76a14629023c9231f7f8959cda26f1a1c1829c7485351ad304337afd8,False
case_033,1,5,weighted_window_20_s1.0,932433,1774196,1.9027597693346332,2972910,37257158,34284248,34284248,0,0.0,0,0,0,0,37257158,40960,32768,10.352348399988841,0.0,,1785,1785,ok,450d93ea0f90cc2867a97f77be3e2aca7c321845efc219819defdf1b05d8771a,False
case_033,1,5,weighted_window_15_s0.65,966371,1774196,1.8359367158161823,2972910,36130742,33157832,33157832,0,0.0,0,0,0,0,36130742,43008,32768,9.395400300010806,0.0,,1685,1685,ok,5f99323366366fc0b8196c1393b6f7b8695b6cb4b547ae7042ec542ec2a6d807,False
case_033,1,5,weighted_window_10_s0.35,919901,1774196,1.9286814559392804,2972910,33443746,30470836,30470836,0,0.0,0,0,0,0,33443746,43008,32768,8.55130389999249,0.0,,1493,1493,ok,8935892c43c30026adfb59f54b9a07054fbf0ba9ba8446c69cf27c22db37c104,False
case_033,1,5,critical_cut_b0.16_s1.0,533262,1774196,3.3270624946086538,2972910,24773522,21800612,21800612,0,0.0,0,0,0,0,24773522,46080,40964,5.598522399988724,0.0,,818,818,ok,d24ba2ab6e940cf27ec9892617705dde5c3e0254a7653650e61776d16c008c4d,False
case_033,1,5,critical_cut_b0.06_s0.35,690064,1774196,2.5710600755871917,2972910,33751950,30779040,30779040,0,0.0,0,0,0,0,33751950,40960,40964,10.219918799994048,0.0,,1545,1545,ok,cc94cc20dbac5ef119bae880ba27ae60511de56b2041a285bc0577e055e26de5,False
case_033,1,5,win_w5,419684,1774196,4.227456848486003,2972910,18002926,15030016,15030016,0,0.0,0,0,0,0,18002926,46080,32770,2.5419047999894246,0.0,,307,307,ok,79fcf3d0cb006f427d5a6007e2909b9d2e35e8679340b1bcc62d3413e4d491d6,False
case_033,1,5,win_w7,384605,1774196,4.613034151922102,2972910,16432870,13459960,13459960,0,0.0,0,0,0,0,16432870,46080,32770,1.8796406000037678,0.0,,195,195,ok,0492038d0fe3c4897c9d42f090eecf2b42a2452e7f2cf5db464715563e5e7185,False
case_033,1,5,win_w14,375790,1774196,4.721243247558477,2972910,16018346,13045436,13045436,0,0.0,0,0,0,0,16018346,46080,40964,1.7743723999883514,0.0,,112,112,ok,8303db175ff2ea8fa6a6b6d36f8ba4e96484554e7eb28c32d33268d8ce439caa,False
case_033,1,5,stageU4_k5,934477,1774196,1.8985978253076319,2972910,33857462,30884552,30884552,0,0.0,0,0,0,0,33857462,43008,40960,6.921465299994452,0.0,,1534,1534,ok,80b09ba21653f73345683cdf24f88566044761fd2a8deeab04b6d3a0ce4c10d9,False
case_033,1,5,stageC5_k4,668258,1774196,2.6549566185515174,2972910,25604046,22631136,22631136,0,0.0,0,0,0,0,25604046,40960,36864,4.497586899989983,0.0,,869,869,ok,f95664b52977bb9034335f0b2c61d675204ece13a4e1d9c6910786da4514481c,False
case_033,1,5,stageU12_k5,1067966,1774196,1.661285097091106,2972910,42452974,39480064,39480064,0,0.0,0,0,0,0,42452974,36864,36864,9.387184799998067,0.0,,2239,2239,ok,202fdcf4afab62f14066cf20e7a25958350b4ee0edc9266ffc745525cdff74a6,False
case_033,1,5,component_group3,358558,1774196,4.948142281025664,2972910,12024078,9051168,9051168,0,0.0,0,0,0,0,12024078,173568,65544,1.9414287999970838,0.0,,32,32,ok,a9c4f3563af563aa85c4619a1947ef30a1a08bfad2451559ceef478b91983486,False
case_033,1,5,component_group4,380300,1774196,4.665253747041809,2972910,11477262,8504352,8504352,0,0.0,0,0,0,0,11477262,173568,65544,1.92058140001609,0.0,,24,24,ok,8f6716715dfd0dc971c2861516a94906c54496bc7b524a6b5dfc4d4d672e4853,False
case_033,1,5,component_group5,360861,1774196,4.916563441325053,2972910,11303694,8330784,8330784,0,0.0,0,0,0,0,11303694,285696,65544,1.8379620999912731,0.0,,19,19,ok,5424e8315f7e52d8f9fb7ca5fdc88e97742cb5011f0fe5a59c9d01eca655a3b9,False
case_033,1,5,component_group6,379574,1774196,4.674176840352605,2972910,11052270,8079360,8079360,0,0.0,0,0,0,0,11052270,297984,65544,2.038110699999379,0.0,,16,16,ok,f23aedb109ebb8dce0fd06ea7470f29b81dfe14f1894984602329176c96d9093,False
case_033,1,5,component_group8,429283,1774196,4.132928627502137,2972910,9765102,6792192,6792192,0,0.0,0,0,0,0,9765102,505344,65544,2.812439600005746,0.0,,12,12,ok,c8963d8ded8a6d19be00fcdc3ac2e8b3ee81e988aa3fd584d1a3f4d84da32c93,False
case_033,1,5,pipevec_merge,378003,1774196,4.693602960823062,2972910,15799182,12826272,12826272,0,0.0,0,0,0,0,15799182,46080,40964,1.7058317000046372,0.0,,95,95,ok,68571fa44e928310506570f7d6657a97aedcb37e86d148b144e9e625a7eb65fc,False
case_033,1,5,membatch_70,391128,1774196,4.536100713832812,2972910,15378798,12405888,12405888,0,0.0,0,0,0,0,15378798,65536,40964,1.6342398000124376,0.0,,71,71,ok,88ad6304ab4e0565da27611aaabedcefa42b6add74d880555cea6d4254167ca1,False
case_033,1,5,whole_graph,1774196,1774196,1.0,2972910,7565550,4592640,0,4592640,0.0,0,0,0,0,7565550,524288,69644,0.002724199992371723,0.0,,1,1,ok,6318b96fe2b981830534333407193e9b9814e918f408f30fd79b4f0a17d08798,True
case_034,1,5,component_round_robin,175717,842996,4.797464104213025,2280386,5587906,3307520,3274752,32768,0.0,0,0,0,0,5587906,323072,122890,14.259534500015434,0.0,,5,5,ok,27ce3d78fb69dd599aefd5cb51ad63cf37d57cd274bf5a0938421aaf22543a85,False
case_034,1,5,component_lpt,171637,842996,4.911505095055262,2280386,5948354,3667968,3618816,49152,0.0,0,0,0,0,5948354,361984,122890,14.108344100008253,0.0,,5,5,ok,29fa665c7201c5cc3cdc2b0c21cf679a527dc5b6371f418dd2df4d340d8661ac,False
case_034,1,5,component_pipe_balance,178384,842996,4.725737734325948,2280386,5792706,3512320,3463168,49152,0.0,0,0,0,0,5792706,408064,122890,14.3053857999912,0.0,,5,5,ok,d3629e47ad592b2a186570c029e9d65caeb854581992dbab449f1d41b802becd,False
case_034,1,5,component_batches,184319,842996,4.573570820154189,2280386,6244802,3964416,3915264,49152,0.0,0,0,0,0,6244802,207872,122890,5.664161000022432,0.0,,18,18,ok,3a493b8f396b5fe780b02040eb8f8b69c653c29032afe58aad471d20d1f4ceb4,False
case_034,1,5,component_batches_128,174076,842996,4.84268940003217,2280386,6913474,4633088,4633088,0,0.0,0,0,0,0,6913474,125952,81924,4.058560600009514,0.0,,34,34,ok,46c1d18805fbae7cc3aa3e9c6d9107b4feb5bdef4a7b47285e0d284ee2e5d0e1,False
case_034,1,5,component_batches_512,180778,842996,4.663155914989656,2280386,6023618,3743232,3694080,49152,0.0,0,0,0,0,6023618,375808,122890,8.385080000007292,0.0,,10,10,ok,554644e76c8a4146b720eb8bb2aaf7a2b18525d0826f57d27056b4760a72e4de,False
case_034,1,5,component_pipe_lpt,199256,842996,4.2307182719717344,2280386,8970690,6690304,6690304,0,0.0,0,0,0,0,8970690,32768,81924,4.928494399995543,0.0,,155,155,ok,187a0ca664552540859a4a2d391fec077c631fa052a7d216742fac31c39b5196,False
case_034,1,5,component_comm,217452,842996,3.876699225576219,2280386,8970690,6690304,6690304,0,0.0,0,0,0,0,8970690,32768,81924,4.305029499984812,0.0,,155,155,ok,7fac40fc818233d3d412ed0b6273c11dfd301b00013d4db8ac25ed2d0c3c64d8,False
case_034,1,5,scene_a_peft,195571,842996,4.310434573633105,2280386,8970690,6690304,6690304,0,0.0,0,0,0,0,8970690,32768,81924,5.402759299991885,0.0,,155,155,ok,43014f13a28ab0e36260860e1ae9b4eabf284fbdfdf49666577c9303421ba6f2,False
case_034,1,5,scene_a_spine,197363,842996,4.271297051625685,2280386,8970690,6690304,6690304,0,0.0,0,0,0,0,8970690,32768,81924,4.439630800014129,0.0,,155,155,ok,ee85cfe8c9a8769c610e0447dd3acdfe71b842b53243f3f8dbde2327d0e8529b,False
case_034,1,5,weighted_window_20_s1.0,445140,842996,1.8937772386215572,2280386,23543434,21263048,21263048,0,0.0,0,0,0,0,23543434,30720,32770,17.352093499997864,0.0,,1351,1351,ok,cd3e65810186c7aba4fe3cbca98b530b6ca17a1cff5966e7b84563d03ef24c49,False
case_034,1,5,weighted_window_15_s0.65,395311,842996,2.132488091654419,2280386,21266132,18985746,18985746,0,0.0,0,0,0,0,21266132,30720,32768,16.891174400021555,0.0,,1280,1280,ok,31754765675f80116c9ca10275787c200df248fd57508d98030b09e64fb9537a,False
case_034,1,5,weighted_window_10_s0.35,299240,842996,2.817123379227376,2280386,15652434,13372048,13372048,0,0.0,0,0,0,0,15652434,30720,65542,10.743117299978621,0.0,,678,678,ok,022e70f06b960647986508f9acb244f6522410d444f232e2e5fb464d4da9caba,False
case_034,1,5,critical_cut_b0.16_s1.0,282910,842996,2.979732070269697,2280386,14175798,11895412,11895412,0,0.0,0,0,0,0,14175798,32768,65542,8.690033699997002,0.0,,594,594,ok,c4d8c717c27e603f65e2fe22b10a5c6abdd6a33eb38971fd5cad5df2254ada17,False
case_034,1,5,critical_cut_b0.06_s0.35,356885,842996,2.36209423203553,2280386,18335286,16054900,16054900,0,0.0,0,0,0,0,18335286,43008,65542,14.350660700001754,0.0,,1113,1113,ok,be268f58950d64517a1cf3e6d5e64b0e106c7872355c39429179d754e0a2c908,False
case_034,1,5,win_w5,262657,842996,3.20949375040452,2280386,13452878,11172492,11172492,0,0.0,0,0,0,0,13452878,32768,32768,8.25937580000027,0.0,,615,615,ok,1deba3f5f485132043d4eaf51413f33d5c4a24416015a750b73ed2af30e5f4e7,False
case_034,1,5,win_w7,218351,842996,3.860737986086622,2280386,10687310,8406924,8406924,0,0.0,0,0,0,0,10687310,32768,65542,8.961298699985491,0.0,,351,351,ok,0ed68d8f45fa68fd3958529bc0f5c9769e6afa576d11ecaf7390d8f6e7436066,False
case_034,1,5,stageU4_k5,430066,842996,1.9601549529607083,2280386,20820638,18540252,18540252,0,0.0,0,0,0,0,20820638,36864,32774,30.64932399999816,0.0,,1529,1529,ok,6ef9e0feb183bea9a65d6dcb7c98162fde5e52e434a611b84a0f1fedef651c12,False
case_034,1,5,stageC5_k4,369245,842996,2.283026175032837,2280386,16438046,14157660,14157660,0,0.0,0,0,0,0,16438046,30720,32774,22.496413300017593,0.0,,1106,1106,ok,5cd2cc89477b67582651ff87f50c8916c8794e231767674e7eaf4c9eae4d07a9,False
case_034,1,5,stageU12_k5,488592,842996,1.7253577627140846,2280386,25757348,23476962,23476962,0,0.0,0,0,0,0,25757348,30720,32772,40.99313010001788,0.0,,2192,2192,ok,3366cbaf6732ea5a50cd8329ac111362a4af99aa1d473cc63fdaa05232383060,False
case_034,1,5,component_group3,176849,842996,4.766755819936782,2280386,6871490,4591104,4460032,131072,0.0,0,0,0,0,6871490,78848,122894,5.135686099994928,0.0,,52,52,ok,06ba607267a9dc2c6f6711590fd35311d552fcd50e59c66afdd1c948e4494de7,False
case_034,1,5,component_group4,179594,842996,4.693898459859461,2280386,6681542,4401156,4237312,163844,0.0,0,0,0,0,6681542,108544,122896,5.540849799988791,0.0,,39,39,ok,09bb7c5d8f83fa8b106b6a205f37a2813d86f908cc72fb83ab3be69043af2b24,False
case_034,1,5,component_group5,187731,842996,4.490446436656706,2280386,6559178,4278792,4082176,196616,0.0,0,0,0,0,6559178,78848,122902,5.8599199000163935,0.0,,31,31,ok,2e70c4bf1e10ec1601f84d4055dae2bd161d45bb9f31a23296d8690cd55e1ed3,False
case_034,1,5,component_group6,173086,842996,4.870388130755809,2280386,6038978,3758592,3561984,196608,0.0,0,0,0,0,6038978,161792,122898,5.279265599994687,0.0,,26,26,ok,168f7b0c03bf2612170e7a4fe78dfe99890e66595ae36eef41ac29b635972066,False
case_034,1,5,component_group8,177846,842996,4.740033512139717,2280386,5504970,3224584,2946048,278536,0.0,0,0,0,0,5504970,225280,122906,5.024925200006692,0.0,,20,20,ok,28ed41f850ab8038a99caf1b4dd36e202b69db5cde205f0ee6b27ef1b473f06c,False
case_034,1,5,pipevec_merge,196163,842996,4.297426120114395,2280386,8970690,6690304,6690304,0,0.0,0,0,0,0,8970690,32768,81924,4.557889799994882,0.0,,155,155,ok,ece3845fec79cc02e0a885f3147ad210e5af75213665103f6f2375cdc23b1c3f,False
case_034,1,5,membatch_70,188504,842996,4.472032423715147,2280386,7654338,5373952,5373952,0,0.0,0,0,0,0,7654338,109568,81924,3.4335451999795623,0.0,,73,73,ok,c88b0d869468d7e31fe678b3db95c09126f35ac1a516c672e8aa41707d36ff85,False
case_034,1,5,whole_graph,842996,842996,1.0,2280386,3360218,1079832,0,1079832,0.0,0,0,0,0,3360218,524288,122906,0.0028273999923840165,0.0,,1,1,ok,f11662c2f11045e32e3a57a563e5764f51957a7b9da2ce849800feb334242056,True
case_035,1,5,component_round_robin,99892,169571,1.6975433468145598,410854,420070,9216,9216,0,0.0,0,0,0,0,420070,73728,24588,6.743890799989458,0.0,,5,5,ok,59e47dedb0be91d656944f47554f8da3b2dd2ae36dcca77a487967f0c753eddc,False
case_035,1,5,component_lpt,95460,169571,1.7763565891472868,410854,415462,4608,4608,0,0.0,0,0,0,0,415462,73728,48152,6.664440799999284,0.0,,5,5,ok,780a3a7492dce53e125c18cd228c8641a14bdccd24aebd271a07e88cd943a949,False
case_035,1,5,component_pipe_balance,95460,169571,1.7763565891472868,410854,410854,0,0,0,0.0,0,0,0,0,410854,73728,39956,7.136570700007724,0.0,,5,5,ok,2a9c08bac57cdbe2eda4f1e0022c7d5b0edcacfc78abde9b27319c4e9a2501fb,False
case_035,1,5,chain_heft,199427,169571,0.8502910839555327,410854,4592502,4181648,4181648,0,0.0,0,0,0,0,4592502,13824,16384,18.648053499986418,0.0,,2363,2363,ok,26522960e68ec2d4681db32383aeefcdc3488c120842557a7d91cf2f10b143e3,False
case_035,1,5,window8_heft,81289,169571,2.086026399635867,410854,2627412,2216558,2216558,0,0.0,0,0,0,0,2627412,73728,29184,2.9567059999972116,0.0,,257,257,ok,7e1bcf0a3ddb8b90ad0df2680b6a4d439ddc2f9e1d7474d7a115e991edd024e7,False
case_035,1,5,window10_heft,79144,169571,2.1425629232790864,410854,1997262,1586408,1586408,0,0.0,0,0,0,0,1997262,73728,29184,2.555846200004453,0.0,,256,256,ok,19efba9a2e7301f7605805a1df61c69ac83da552c2ee8746b6c60e50a0295054,False
case_035,1,5,window16_heft,79391,169571,2.135897016034563,410854,1567726,1156872,1156872,0,0.0,0,0,0,0,1567726,73728,32768,2.146548399992753,0.0,,149,149,ok,b687df9483142c534cf22ce854d32013030ec759ec20bdefc7c76056494d907d,False
case_035,1,5,component_pipe_lpt,95460,169571,1.7763565891472868,410854,420070,9216,9216,0,0.0,0,0,0,0,420070,73728,19654,3.827980399975786,0.0,,16,16,ok,fa828045672ac8ab5388c1cbb93b8134521bce8eb53df02dc562e8720db62e15,False
case_035,1,5,component_comm,95460,169571,1.7763565891472868,410854,420070,9216,9216,0,0.0,0,0,0,0,420070,73728,19654,3.243512799992459,0.0,,16,16,ok,79f89e5bd176cd8339a909bd4fa8042f4440f3ecad8ee3c9b668eeaf294d1f82,False
case_035,1,5,pipe_lane_pack,226050,169571,0.750148197301482,410854,4592502,4181648,4181648,0,0.0,0,0,0,0,4592502,13824,16384,13.190244299999904,0.0,,2363,2363,ok,c93ad30351c339f7fc09a6db649f8dbed0b86cdef4117ac32f16fa83c93351a6,False
case_035,1,5,window12_heft,80926,169571,2.0953834367199664,410854,1968414,1557560,1557560,0,0.0,0,0,0,0,1968414,73728,29184,2.3022035000030883,0.0,,231,231,ok,e1283d6269f157a0cd119ad93370bfd14225110b153598bd8864300bb429f2b7,False
case_035,1,5,window4_heft,107824,169571,1.5726647128654103,410854,3830874,3420020,3420020,0,0.0,0,0,0,0,3830874,16384,25120,4.6100237000209745,0.0,,639,639,ok,5236a31de97d0173bd9aae8aaa72920c804a29c8b3a66459677ff8cc18693d9b,False
case_035,1,5,weighted_window_20_s1.0,71491,169571,2.3719209410974806,410854,1891834,1480980,1480980,0,0.0,0,0,0,0,1891834,73728,23808,1.8174150999984704,0.0,,140,140,ok,e7fc7e289fa19a316425e1a9d98428675289edd68faab417c5dc008ae6e473f2,False
case_035,1,5,weighted_window_15_s0.65,87170,169571,1.9452908110588505,410854,1424940,1014086,1014086,0,0.0,0,0,0,0,1424940,73728,27904,1.7600378000061028,0.0,,105,105,ok,ec1a4e1d6720bf27247620700aa0813df3f252d8f169e68a33eef0b5a9738773,False
case_035,1,5,weighted_window_10_s0.35,87442,169571,1.9392397246174606,410854,1086656,675802,675802,0,0.0,0,0,0,0,1086656,73728,27392,1.699497399997199,0.0,,81,81,ok,829a76d3d03435105553f2e0d93398082071967e1bfcbcdb900da163e9b23956,False
case_035,1,5,critical_cut_b0.16_s1.0,95500,169571,1.775612565445026,410854,649944,239090,239090,0,0.0,0,0,0,0,649944,73728,19140,2.2241075999918394,0.0,,125,125,ok,c6c1deb63aca9c33207290628d8d53e818a8b7fed4d1cbfc6892e65d727d3866,False
case_035,1,5,critical_cut_b0.06_s0.35,90911,169571,1.8652418299215716,410854,823406,412552,412552,0,0.0,0,0,0,0,823406,73728,19140,2.110971999994945,0.0,,83,83,ok,e3aecbd6a021598dcbd1016ae6f8b9d92bd266653afec72b6754ef683fd7b61c,False
case_035,1,5,win_w5,99395,169571,1.7060314905176317,410854,3332880,2922026,2922026,0,0.0,0,0,0,0,3332880,16384,28704,4.122894500003895,0.0,,596,596,ok,bc9a9840c83f8917cf5780617991f9556eb8b7aadcae5aa3057ad2b08350475a,False
case_035,1,5,win_w7,81624,169571,2.077464961285896,410854,2621286,2210432,2210432,0,0.0,0,0,0,0,2621286,13824,29184,2.7176490999991074,0.0,,308,308,ok,c3411cfb77ca7d6409a765bf732b6e258df3643dfb563e243913902d41f1b0f3,False
case_035,1,5,win_w14,80686,169571,2.1016161415859007,410854,1566540,1155686,1155686,0,0.0,0,0,0,0,1566540,73728,29184,2.2976854000007734,0.0,,175,175,ok,4b266a9bd7eecd5adf83eeaf1c14124edf8f4f14607a5f5a67ec7407c8954b67,False
case_035,1,5,win_w23,80702,169571,2.101199474610295,410854,1213974,803120,803120,0,0.0,0,0,0,0,1213974,73728,32768,1.9115062000055332,0.0,,104,104,ok,4c4c83bcf891db52c27791e8c57f39b0addb44aa0e62757e6bd38edeee75b16e,False
case_035,1,5,stageU4_k5,97511,169571,1.7389935494457036,410854,1064472,653618,653618,0,0.0,0,0,0,0,1064472,73728,19652,2.7948271999775898,0.0,,139,139,ok,94d9bcbe7851714a3aaa330148b78cebf19b08e174db1a1fe2a35d9da30a3897,False
case_035,1,5,stageC5_k4,96507,169571,1.7570849782917302,410854,527218,116364,116364,0,0.0,0,0,0,0,527218,73728,19652,1.9847787999897264,0.0,,64,64,ok,2323f0f153ad3f4494f1cd810e18e4a79b7d91c6c4415abedd490923c4490007,False
case_035,1,5,stageU12_k5,103058,169571,1.6453938558869763,410854,2611352,2200498,2200498,0,0.0,0,0,0,0,2611352,13824,32288,4.032013999996707,0.0,,479,479,ok,49be3de2af1e2add912edcce0626b92fe7941f30388d3f622cbe23e1974d4ac2,False
case_035,1,5,component_group3,137234,169571,1.2356340265531864,410854,410854,0,0,0,0.0,0,0,0,0,410854,73728,31760,2.9074217999877874,0.0,,6,6,ok,4457fe3669a8a5fe9ad10c92454cbff84eeae098de8d83961dd73f096f8262e7,False
case_035,1,5,component_group4,137460,169571,1.2336025025461952,410854,415462,4608,4608,0,0.0,0,0,0,0,415462,73728,32784,2.7460039999859873,0.0,,4,4,ok,fed299d5349785693eb23f5cd0888e864a53c2957e7d0697d61dad4ecf435598,False
case_035,1,5,component_group5,137628,169571,1.2320966663760282,410854,415462,4608,4608,0,0.0,0,0,0,0,415462,73728,39956,2.6650398999918252,0.0,,4,4,ok,2413350006385e9511b8da7d3ae138ff7be233870d3ca3a6dfc1c37e60512fad,False
case_035,1,5,component_group6,137778,169571,1.2307552729753661,410854,410854,0,0,0,0.0,0,0,0,0,410854,73728,54300,2.8587376000068616,0.0,,3,3,ok,713329c627aa9221f059a290d4932a84d97bffb82f5fb1d50ce4c2e793247948,False
case_035,1,5,component_group8,144486,169571,1.1736154367897236,410854,410854,0,0,0,0.0,0,0,0,0,410854,73728,52252,3.2247567999875173,0.0,,2,2,ok,33dfa0b4662b4cddb35b8c7adda8bbf8baf2ef89beb5c79be398cae77784be66,False
case_035,1,5,pipevec_merge,95460,169571,1.7763565891472868,410854,420070,9216,9216,0,0.0,0,0,0,0,420070,73728,19654,2.4708281999919564,0.0,,16,16,ok,634551a7cba7437c06ee2f89dd6660c8555a6b89bed277a87c512b4dabc886d2,False
case_035,1,5,membatch_70,95460,169571,1.7763565891472868,410854,410854,0,0,0,0.0,0,0,0,0,410854,73728,19654,2.4742263999942224,0.0,,10,10,ok,9a42616c3e2573b1c8f3eb904feea3d79eccbe4c52ec46bad54869743c053288,False
case_035,1,5,whole_graph,169571,169571,1.0,410854,410854,0,0,0,0.0,0,0,0,0,410854,73728,74792,0.001188700000056997,0.0,,1,1,ok,b8bd226513d4641e88d739078d206e48360bceb720b15ebf874dac1bac94c2d8,True
case_036,1,5,component_round_robin,187182,931510,4.976493466252097,6554752,6559360,4608,4608,0,0.0,0,0,0,0,6559360,13440,8192,1.6685099999886006,0.0,,5,5,ok,18d5ca2a8ee47d8fb48240132ae77abca22643d26a005505bcb7c0c6a95dee06,False
case_036,1,5,component_batches,188224,931510,4.9489438116286975,6554752,6565120,10368,10368,0,0.0,0,0,0,0,6565120,13440,8192,3.2244340000033844,0.0,,10,10,ok,caa02e646fe0e7ef9ee8b89306ee11b50358e6411d68f000e623029e99e1210f,False
case_036,1,5,component_batches_128,190308,931510,4.894749563864893,6554752,6576640,21888,21888,0,0.0,0,0,0,0,6576640,13440,8192,2.7349899999971967,0.0,,20,20,ok,bc3c8aac324dc415f521ddfe49ccaf9f60ee63825a6076a89962c77b758488a5,False
case_036,1,5,component_pipe_lpt,352860,931510,2.6398855069999434,6554752,7475200,920448,920448,0,0.0,0,0,0,0,7475200,9344,8192,12.783660899993265,0.0,,800,800,ok,6ab596e5690aa26e59fc2f04ccae93c3d8c59f57193e6952fd385ff8f05f0faa,False
case_036,1,5,weighted_window_20_s1.0,660860,931510,1.4095421117937232,6554752,23859200,17304448,17304448,0,0.0,0,0,0,0,23859200,9344,8192,30.01460120000411,0.0,,2400,2400,ok,cd9b100e947409ba25bed09cf5c5dc4e997fd15fc38a4781dbd1c7f90b4b9d8b,False
case_036,1,5,weighted_window_15_s0.65,522300,931510,1.7834769289680261,6554752,17305600,10750848,10750848,0,0.0,0,0,0,0,17305600,9344,8192,23.14009430000442,0.0,,1600,1600,ok,ddfa5b694a3ff4dc1e0ceb473de58185355f219d7bcb38e18bfb7ff35e75211f,False
case_036,1,5,critical_cut_b0.16_s1.0,554413,931510,1.6801734447063832,6554752,18558976,12004224,12004224,0,0.0,0,0,0,0,18558976,9344,8192,23.149477700004354,0.0,,1753,1753,ok,425b25a452fc0db437d51eb3f87f10cd891fa74e9d01e60ef659a42e71ff21b6,False
case_036,1,5,critical_cut_b0.06_s0.35,494766,931510,1.8827284009006278,6554752,15708160,9153408,9153408,0,0.0,0,0,0,0,15708160,9344,8192,16.32740310000372,0.0,,1470,1470,ok,f248ab4bd2576ebb0dd5132f596ff0fda3a0f26757da599df873304d92584e41,False
case_036,1,5,whole_graph,931510,931510,1.0,6554752,6554752,0,0,0,0.0,0,0,0,0,6554752,13440,8192,0.040445499995257705,0.0,,1,1,ok,1a50ef8846506b5fdac9af4a8baa3ec85d93877d6f970071c7a0bcca41c7c7d4,True
case_037,1,5,component_round_robin,43800,210001,4.794543378995434,614400,2539520,1925120,1925120,0,0.0,0,0,0,0,2539520,28672,0,0.7768776000011712,0.0,,5,5,ok,dbdc2a38d97c07496c9a6a7e8ef46821d79b4c8a5a6534397eb9c5b6499c561f,False
case_037,1,5,component_batches_128,44728,210001,4.6950679663745305,614400,2539520,1925120,1925120,0,0.0,0,0,0,0,2539520,28672,0,0.6208125999837648,0.0,,10,10,ok,5db54fd5b22479b517f103abfb90ed2556e58a03fa222c4c125ae9d092dd9c6e,False
case_037,1,5,component_pipe_lpt,46592,210001,4.507233001373627,614400,2539520,1925120,1925120,0,0.0,0,0,0,0,2539520,28672,0,0.533739999984391,0.0,,20,20,ok,3c1c606affb7dd8bef42afd68587c2a58c5727d11814858af27001c810581d9d,False
case_037,1,5,component_comm,46592,210001,4.507233001373627,614400,2539520,1925120,1925120,0,0.0,0,0,0,0,2539520,28672,0,0.5138727000157814,0.0,,20,20,ok,0389b3eb397750cfe780f11499754469761bf841b9db17e96ae2ec3940474488,False
case_037,1,5,scene_a_peft,50510,210001,4.157612353989309,614400,2621440,2007040,2007040,0,0.0,0,0,0,0,2621440,28672,0,1.135278699977789,0.0,,30,30,ok,c0ee8abb4677954c1724ba6f16db55d42ce921d3136b8f40560dcb65a6f2f8dc,False
case_037,1,5,scene_a_spine,51498,210001,4.077847683405181,614400,2621440,2007040,2007040,0,0.0,0,0,0,0,2621440,28672,0,0.589773999992758,0.0,,30,30,ok,63e15c5a509a66781b47741b14d5893ceff40159c953597e6823e5f5f3a9d3e7,False
case_037,1,5,weighted_window_20_s1.0,211056,210001,0.9950013266621182,614400,8765440,8151040,8151040,0,0.0,0,0,0,0,8765440,12288,0,2.3574455000052694,0.0,,780,780,ok,c42103f6eda7ed6d2545f04b81867dfa5135f743618f694a24827e359d903612,False
case_037,1,5,weighted_window_10_s0.35,207592,210001,1.0116044934294193,614400,8601600,7987200,7987200,0,0.0,0,0,0,0,8601600,16384,0,2.5181802000151947,0.0,,760,760,ok,ee21164ecb911d2cb1a99722fca598adfdfd70c6dcdafbad193b87d4d876e8b3,False
case_037,1,5,critical_cut_b0.16_s1.0,124592,210001,1.6855095030178502,614400,5382144,4767744,4767744,0,0.0,0,0,0,0,5382144,24576,0,1.5375373999995645,0.0,,367,367,ok,82352f45bc66845f4e033845f76bd8493403beb25d0133668613a23fac9b651a,False
case_037,1,5,critical_cut_b0.06_s0.35,129265,210001,1.6245774184814141,614400,5300224,4685824,4685824,0,0.0,0,0,0,0,5300224,28672,0,1.0994894999894314,0.0,,357,357,ok,641292a91ab8a3fadf3586a7298dceca243f0d22c7b286277c81f225aea8ee36,False
case_037,1,5,component_group3,64450,210001,3.258355314197052,614400,2129920,1515520,1515520,0,0.0,0,0,0,0,2129920,73728,0,0.7344389999925625,0.0,,7,7,ok,e3d60001c8db314c9161dc304cec9229762af9aae42a3f9d40b13e17ec7f1b23,False
case_037,1,5,component_group4,43013,210001,4.882268151489085,614400,1925120,1310720,1310720,0,0.0,0,0,0,0,1925120,73728,0,0.7026689999911468,0.0,,5,5,ok,d706b69e9371f5e2988a0d1d9bf0e21a91d18201564b8628662441458a693d9f,False
case_037,1,5,component_group5,53320,210001,3.938503375843961,614400,1720320,1105920,1105920,0,0.0,0,0,0,0,1720320,155648,0,0.49473929998930544,0.0,,4,4,ok,769274d602147c38e93ec652f113181df2f831d951465d0127b9dca783c83dcd,False
case_037,1,5,component_group6,63731,210001,3.2951154069448148,614400,1515520,901120,901120,0,0.0,0,0,0,0,1515520,237568,0,0.595477299997583,0.0,,4,4,ok,69f1641e61f5ebdc47d8aa4cc82f1f312dd2f8bb08cd9786f3549c01bfc2507d,False
case_037,1,5,component_group8,84518,210001,2.4846896519084694,614400,1269760,655360,655360,0,0.0,0,0,0,0,1269760,352256,0,0.7323613000044134,0.0,,3,3,ok,05a1b5b8db71bfada4d2012b17d7e27ae8990c683922b3b8bdfd74e1988ef706,False
case_037,1,5,membatch_70,46592,210001,4.507233001373627,614400,2539520,1925120,1925120,0,0.0,0,0,0,0,2539520,28672,0,0.5853225000028033,0.0,,20,20,ok,9df53442130f2cdecf62011e0f3d4fe3b2626443b52247dfad879c0c3d5606a7,False
case_037,1,5,whole_graph,210001,210001,1.0,614400,614400,0,0,0,0.0,0,0,0,0,614400,393216,0,0.0006869000208098441,0.0,,1,1,ok,a6b6ba2c8406d987664ddf48390a485c8db32855dd091a116f087e46c3fd4d07,True
case_038,1,5,component_round_robin,286736,1364555,4.758924585681602,2802950,11247878,8444928,7411200,1033728,0.0,0,0,0,0,11247878,523776,36864,43.69829010000103,0.0,,5,5,ok,a7bb09b61f8c5fd789a2854f798e95d547c9d308b3114195d8a3f2fe7defca8d,False
case_038,1,5,component_lpt,275133,1364555,4.959619529463932,2802950,12479750,9676800,8567808,1108992,0.0,0,0,0,0,12479750,523776,36864,49.212322599982144,0.0,,5,5,ok,81b3d30c51788259856dd76463c3d85b4f7e7fcf9e82d8d250b8074df8158f61,False
case_038,1,5,component_pipe_balance,283932,1364555,4.805921840440669,2802950,12470534,9667584,8558592,1108992,0.0,0,0,0,0,12470534,523776,36864,52.21283609999227,0.0,,5,5,ok,17410bf582b1e2e9c1bda4b6c91e3a16be6f08dc4787796a2e7ac149e1c6916b,False
case_038,1,5,component_batches,279726,1364555,4.878184366129712,2802950,14978822,12175872,12175872,0,0.0,0,0,0,0,14978822,235520,36864,12.137504400016041,0.0,,27,27,ok,082c426c79cc52e7e8d0c3d0ad2b33a516abe89782913544c319309228957a9a,False
case_038,1,5,component_batches_128,294015,1364555,4.641106746254443,2802950,16669958,13867008,13867008,0,0.0,0,0,0,0,16669958,127488,36864,8.421270599996205,0.0,,58,58,ok,15f76344b2d2de18cb25d043a69396ff564666e94339c4593d52de19ed48cb3b,False
case_038,1,5,component_batches_512,280947,1364555,4.85698370155225,2802950,13329158,10526208,10427904,98304,0.0,0,0,0,0,13329158,511488,36864,17.21065270001418,0.0,,15,15,ok,c96cca3194e0064d07b794daa59dd417a4effb6315d4ef3cf27950c331eec5f2,False
case_038,1,5,component_pipe_lpt,333271,1364555,4.094430658533145,2802950,18462470,15659520,15659520,0,0.0,0,0,0,0,18462470,40448,36864,8.155599699995946,0.0,,130,130,ok,b7adcdba3994f8d228c3320d1efb8e9f88901253cda7cf22472902e6ecbb3b24,False
case_038,1,5,component_comm,325751,1364555,4.188951069989041,2802950,18462470,15659520,15659520,0,0.0,0,0,0,0,18462470,40448,36864,9.07611170000746,0.0,,130,130,ok,eaa2e4ec48f8637a41a223c2689d2ef418638b1c1a5cadc21161c2eaca588c24,False
case_038,1,5,scene_a_peft,324438,1364555,4.205903747403202,2802950,18495238,15692288,15692288,0,0.0,0,0,0,0,18495238,40448,36864,9.492644499987364,0.0,,138,138,ok,e18accde515138b5e0ebf822ee6909ffd2a2e8ec89a372920ce8816105412655,False
case_038,1,5,scene_a_spine,319868,1364555,4.265994097565246,2802950,18495238,15692288,15692288,0,0.0,0,0,0,0,18495238,40448,36864,8.105233799986308,0.0,,138,138,ok,992f7c02e67a43bd5e91ee64e22b3f40101a556f20c697c9a721d36888bfa485,False
case_038,1,5,weighted_window_20_s1.0,560665,1364555,2.433815201590968,2802950,26126354,23323404,23323404,0,0.0,0,0,0,0,26126354,40448,20480,28.478673999983585,0.0,,1668,1668,ok,3c933747bdb1d43c63021c63092ce20a75c8dbc3d5e6734af225bd4513c15509,False
case_038,1,5,weighted_window_15_s0.65,347015,1364555,3.9322651758569513,2802950,20170122,17367172,17367172,0,0.0,0,0,0,0,20170122,40448,24576,10.132731599995168,0.0,,331,331,ok,50bbc52f96e034a16927a0f02c09e452a7cb966aa89db97cc97f0154ac04113c,False
case_038,1,5,weighted_window_10_s0.35,366093,1364555,3.7273452374123517,2802950,20544530,17741580,17741580,0,0.0,0,0,0,0,20544530,40448,24576,10.263685900019482,0.0,,409,409,ok,28dbacc26f4f939c8925e324579ba6dab0c54a3b44d2d7d16838c29c8b530bcf,False
case_038,1,5,critical_cut_b0.16_s1.0,386112,1364555,3.5340911445383725,2802950,21408138,18605188,18605188,0,0.0,0,0,0,0,21408138,40448,24576,15.088928100012708,0.0,,624,624,ok,0196a4a366205530a185d7d1ecb1ce1f4c5d2d7b03ded7b600a5bdae73ca4560,False
case_038,1,5,critical_cut_b0.06_s0.35,520223,1364555,2.623019359005657,2802950,27425158,24622208,24622208,0,0.0,0,0,0,0,27425158,40448,28672,33.080883300019195,0.0,,1751,1751,ok,5be953937092959f3399cbbf830e7d75e093eb8d6431311926d364aa69f335c4,False
case_038,1,5,win_w5,368388,1364555,3.704124455736886,2802950,21129854,18326904,18326904,0,0.0,0,0,0,0,21129854,40448,20480,13.459288899990497,0.0,,570,570,ok,07ee9c868298dc6de39c8e3d817f4153436d1393dd280de85fe695f8d796dbe3,False
case_038,1,5,win_w7,344306,1364555,3.963204242737565,2802950,19514902,16711952,16711952,0,0.0,0,0,0,0,19514902,40448,24576,9.073720800020965,0.0,,294,294,ok,862db8b3c1b6cddf56e26ee3fd1c25eacfe254e118a00e6f7a443f0204f30bc7,False
case_038,1,5,win_w14,322256,1364555,4.2343819820267115,2802950,18765582,15962632,15962632,0,0.0,0,0,0,0,18765582,40448,28672,9.320529899996473,0.0,,153,153,ok,d8e26225d4d2ba6568a3e98569890420d33d9ea9a24e3992f2d5d0293b1ed753,False
case_038,1,5,stageU4_k5,817391,1364555,1.6694030152032504,2802950,32131846,29328896,29328896,0,0.0,0,0,0,0,32131846,40448,36864,42.306459200015524,0.0,,2724,2724,ok,f7c9ee0ab9a38e7acaea9d004cded83eb026d3edbc1e7304ee4944f2950e1493,False
case_038,1,5,stageC5_k4,509292,1364555,2.6793175624199868,2802950,24518022,21715072,21715072,0,0.0,0,0,0,0,24518022,40448,32768,22.258331199991517,0.0,,1172,1172,ok,7f10d2bed42834619afc883eb395b809a9e03ca97f9e5f5d69c821bc608479f5,False
case_038,1,5,stageU12_k5,758150,1364555,1.7998483149772473,2802950,35827078,33024128,33024128,0,0.0,0,0,0,0,35827078,40448,32768,58.04467570001725,0.0,,3395,3395,ok,dc6282f5dd38f6b074c1645afb8b28093068e986c12b9af388f23536ef23a807,False
case_038,1,5,component_group3,279000,1364555,4.890878136200717,2802950,14048006,11245056,11245056,0,0.0,0,0,0,0,14048006,112128,36864,10.042662100022426,0.0,,44,44,ok,f3ff9ba70eab9cdfd537050e192cb176a04cc1a34dec4dbccffaa92fff8e88e0,False
case_038,1,5,component_group4,284099,1364555,4.8030968078029135,2802950,13341446,10538496,10538496,0,0.0,0,0,0,0,13341446,167424,36864,9.675686400005361,0.0,,33,33,ok,146d94e860ddb038fd30511d42f37622b72bc0b8b5ac84269cc21fe113399de4,False
case_038,1,5,component_group5,278308,1364555,4.9030390790059935,2802950,12885254,10082304,10082304,0,0.0,0,0,0,0,12885254,188928,36864,10.079090999992331,0.0,,26,26,ok,7c8669104342013ff64cc2afc2ab8eaaeab662afe9c460c752bb894bea8d850c,False
case_038,1,5,component_group6,284538,1364555,4.795686340664516,2802950,12737798,9934848,9934848,0,0.0,0,0,0,0,12737798,167424,36864,12.403287900000578,0.0,,22,22,ok,2abed63616be8eb59aafa808ad6aed0e448ed8ccfc222060d813be9ce662e0fa,False
case_038,1,5,component_group8,285921,1364555,4.772489603771671,2802950,11051270,8248320,8248320,0,0.0,0,0,0,0,11051270,396288,36864,12.849763199978042,0.0,,17,17,ok,f29e56d4fed62c3ac40d81452065ed6092060552cb017916e00bfadac4846d1f,False
case_038,1,5,pipevec_merge,321562,1364555,4.243520689633725,2802950,18462470,15659520,15659520,0,0.0,0,0,0,0,18462470,40448,36864,7.694346100004623,0.0,,130,130,ok,9a2cfec43e023c07acd55c57fad0a89791a028067a509c1c46caa487ecf62cf5,False
case_038,1,5,membatch_70,321626,1364555,4.242676276171703,2802950,18453254,15650304,15650304,0,0.0,0,0,0,0,18453254,40448,36864,7.311557300010463,0.0,,118,118,ok,931cd29db5e02587c51ec03e649b4a3c3d4a94b33a580d89cda5bc247094a477,False
case_038,1,5,whole_graph,1364555,1364555,1.0,2802950,8430854,5627904,0,5627904,0.0,0,0,0,0,8430854,524288,36864,0.026376099995104596,0.0,,1,1,ok,0e7bf2d3ef0b79f9fdec4847f87df4066ff2f5568332e4c5b5052dd42f71e909,True
case_039,1,5,component_round_robin,431161,1435262,3.3288307615948565,4489216,24969216,20480000,16809984,3670016,0.0,0,0,0,0,24969216,524288,0,37.941200099972775,0.0,,5,5,ok,930c52ea74680a40d019f2bfed3a6894a2fb77ddd49f9a3327a4fd273311f708,False
case_039,1,5,component_batches,497865,1435262,2.882833699898567,4489216,28925952,24436736,24436736,0,0.0,0,0,0,0,28925952,331776,0,10.964175000000978,0.0,,25,25,ok,4e4abbac41f7d7abfa5d3b73b5da90114c9e3f079c14e739445163017e30ca38,False
case_039,1,5,component_batches_128,562938,1435262,2.54959160689099,4489216,32972800,28483584,28483584,0,0.0,0,0,0,0,32972800,40960,0,4.89625629998045,0.0,,70,70,ok,c631a1e2145e73e692e78cd68d331a9ea66988d4ee44021020bea47093cfa75b,False
case_039,1,5,component_batches_512,474601,1435262,3.0241444918995115,4489216,27992064,23502848,23502848,0,0.0,0,0,0,0,27992064,331776,0,16.879821800015634,0.0,,15,15,ok,a408f623c86fadf96fdb9b360573d8db3a412ed6b7b3ffe7ca6120dda2bd6dc1,False
case_039,1,5,component_pipe_lpt,562938,1435262,2.54959160689099,4489216,32972800,28483584,28483584,0,0.0,0,0,0,0,32972800,40960,0,5.146928100002697,0.0,,70,70,ok,4591186b0a3eb0c18f02502ab511aa190afd16a6146202ed8fde26b942a4886f,False
case_039,1,5,component_comm,562938,1435262,2.54959160689099,4489216,32972800,28483584,28483584,0,0.0,0,0,0,0,32972800,40960,0,5.656789000000572,0.0,,70,70,ok,bba272bc435705d7b7d85abdaae9b3226e0a5aab58b46d0a20a975e56c3ea55a,False
case_039,1,5,scene_a_peft,556237,1435262,2.580306595929433,4489216,33087488,28598272,28598272,0,0.0,0,0,0,0,33087488,40960,0,9.009270099981222,0.0,,84,84,ok,f21c791b12457a62790066e9cdb06f88868c331b12b5e9e860cd372e65486f18,False
case_039,1,5,scene_a_spine,567680,1435262,2.5282941093573843,4489216,33087488,28598272,28598272,0,0.0,0,0,0,0,33087488,40960,0,4.764839300012682,0.0,,84,84,ok,eafd06f524b679e0a308b998082a9792203e05c1c71f15d6a6e95cd7565ba18b,False
case_039,1,5,weighted_window_20_s1.0,1656198,1435262,0.866600491004095,4489216,74833920,70344704,70344704,0,0.0,0,0,0,0,74833920,16384,0,66.89282680000179,0.0,,5180,5180,ok,fbbff1ed4258a09cd63a564f93460dbbd54384679515b2a9da20f726dc7ffe5f,False
case_039,1,5,weighted_window_15_s0.65,1556158,1435262,0.9223112306076889,4489216,70246400,65757184,65757184,0,0.0,0,0,0,0,70246400,16384,0,65.40239099998144,0.0,,4620,4620,ok,b32782623ace4c753ca06345b689b47a20fa94a4427336fccf995843b8e54630,False
case_039,1,5,weighted_window_10_s0.35,1426486,1435262,1.0061521809537564,4489216,63365120,58875904,58875904,0,0.0,0,0,0,0,63365120,16384,0,49.98009559998172,0.0,,3780,3780,ok,b0f058b089167bc472513872297967313f8531cec997b528cb831d408376c593,False
case_039,1,5,critical_cut_b0.16_s1.0,1193128,1435262,1.2029405059641547,4489216,54116352,49627136,49627136,0,0.0,0,0,0,0,54116352,28672,0,37.20180809998419,0.0,,2651,2651,ok,7df7bf5b45ea299c9ed22b9fed46dc511ff33dcc58c735960126215b41107e42,False
case_039,1,5,critical_cut_b0.06_s0.35,1100299,1435262,1.3044290688258373,4489216,50249728,45760512,45760512,0,0.0,0,0,0,0,50249728,40960,0,31.743857800000114,0.0,,2179,2179,ok,86c572cd88f2ce55fed22fc011519decd33f15166cdb7ecdd3302ca1eb6895a0,False
case_039,1,5,component_group3,389581,1435262,3.684117038561942,4489216,20520960,16031744,16031744,0,0.0,0,0,0,0,20520960,339968,0,7.80978939999477,0.0,,24,24,ok,51614a0f99efbd9b6b90fdd6eb3f85d618e51d0a132b4da46e731f9b5c7ce9d6,False
case_039,1,5,component_group4,385850,1435262,3.7197408319295064,4489216,18964480,14475264,14475264,0,0.0,0,0,0,0,18964480,339968,0,7.463696999999229,0.0,,18,18,ok,a9069ad20b7e8469609fc694ec41509259b9a9625a40542d8ce5ec0b0815ee04,False
case_039,1,5,component_group5,350592,1435262,4.093824160277474,4489216,18030592,13541376,13541376,0,0.0,0,0,0,0,18030592,339968,0,10.363009399996372,0.0,,14,14,ok,90270165847c73097e73a7152ac86bc80895dcd10b0626d3b1913d69b9f240a6,False
case_039,1,5,component_group6,389139,1435262,3.688301609450608,4489216,17408000,12918784,12918784,0,0.0,0,0,0,0,17408000,339968,0,12.471044300007634,0.0,,12,12,ok,ab4c5f1eb03eb2143f2b864759dd45b6814e452939f4a2b5a8105b26ac842182,False
case_039,1,5,component_group8,349807,1435262,4.103011088971919,4489216,15228928,10739712,10739712,0,0.0,0,0,0,0,15228928,495616,0,9.027656299993396,0.0,,9,9,ok,1264934a1bb13bbfc5c0e45be64503b4255240f402e5230caf001bbef403d489,False
case_039,1,5,whole_graph,1435262,1435262,1.0,4489216,12419072,7929856,0,7929856,0.0,0,0,0,0,12419072,524288,0,1.9999861251562834e-06,0.0,,1,1,ok,7c8001684abf0f8abdecfa9ece1ca22fe6136a305e2c229e3d41b60a8ae4fa73,True
case_040,1,5,component_round_robin,119722,253454,2.1170210988790696,911238,1043334,132096,132096,0,0.0,0,0,0,0,1043334,245760,90112,4.758694999996806,0.0,,5,5,ok,ce2599e5724a9c1806b862bb501c3c5e822e8f4173e84e95d632fe1d234dd31f,False
case_040,1,5,component_lpt,110337,253454,2.2970898248094476,911238,1018758,107520,107520,0,0.0,0,0,0,0,1018758,245760,90112,5.006802800024161,0.0,,5,5,ok,d6df962996be1412e0a77e6c6168bf94ee6096f7fdbdd87d2cf9effde1f954a6,False
case_040,1,5,component_pipe_balance,110337,253454,2.2970898248094476,911238,977286,66048,66048,0,0.0,0,0,0,0,977286,245760,90112,5.198270199995022,0.0,,5,5,ok,9e1cd2fc7e033e1bbb67d53b84fb5b02beccae87703ef1881c39cd9cf3c79df6,False
case_040,1,5,chain_heft,213747,253454,1.1857663499370752,911238,7759050,6847812,6847812,0,0.0,0,0,0,0,7759050,16896,32768,15.511129600025015,0.0,,2012,2012,ok,60a18f4774eb0a1a57108278fd1bce1b3d50f0920e73db457886e01dd2188719,False
case_040,1,5,window8_heft,106186,253454,2.3868871602659483,911238,4644016,3732778,3732778,0,0.0,0,0,0,0,4644016,20480,49152,2.7397704999893904,0.0,,226,226,ok,df7ebb7958cf36af9d556c9ab1ff6660e9a9114297e88f4603218715097bb1f5,False
case_040,1,5,window10_heft,98843,253454,2.5642078852321357,911238,4120204,3208966,3208966,0,0.0,0,0,0,0,4120204,20480,49152,2.2700867999810725,0.0,,182,182,ok,b99872f30fc6d379401e82aea1062ba3ca7c1ab541b2685c08b3f3c4f32c9be1,False
case_040,1,5,window16_heft,95090,253454,2.6654117152171626,911238,3258178,2346940,2346940,0,0.0,0,0,0,0,3258178,245760,57344,1.7344216000055894,0.0,,119,119,ok,c79ae288b1169a66dc9f814ce39ff802a93eee1a0468b68502471ee629b11e8e,False
case_040,1,5,component_pipe_lpt,110337,253454,2.2970898248094476,911238,1227654,316416,316416,0,0.0,0,0,0,0,1227654,245760,90112,2.7697096000192687,0.0,,28,28,ok,078745616efbbca76e43a45ae8ca52c7767d4a451fbe9f59b3e2921756da850b,False
case_040,1,5,component_comm,120361,253454,2.1057817731657265,911238,1227654,316416,316416,0,0.0,0,0,0,0,1227654,245760,90112,2.8500472999876365,0.0,,28,28,ok,ef9f659b862fb39258639115e9faad21b2e0ff9fa50c012d07a6265255da53bf,False
case_040,1,5,pipe_lane_pack,234959,253454,1.078715861065122,911238,7759050,6847812,6847812,0,0.0,0,0,0,0,7759050,16896,32768,10.475481100002071,0.0,,2012,2012,ok,3217c056809fb64b282902c1134cadc6fc3402b85efd4a9d929b936353abf16d,False
case_040,1,5,window3_heft,190808,253454,1.3283195673137396,911238,7099908,6188670,6188670,0,0.0,0,0,0,0,7099908,16896,40960,4.197699299984379,0.0,,814,814,ok,7502f67946304d756ab181707a274a0517c2bf507b172df8f5c8b808b3a4c572,False
case_040,1,5,window12_heft,95473,253454,2.6547191352528987,911238,3227664,2316426,2316426,0,0.0,0,0,0,0,3227664,20480,49152,1.5538459999952465,0.0,,149,149,ok,ddd5e19ae512c25a241be52e7de6d8c30060aa341e9a6cca04556028f3ef9042,False
case_040,1,5,weighted_window_20_s1.0,133959,253454,1.8920266648750736,911238,6768540,5857302,5857302,0,0.0,0,0,0,0,6768540,20480,40960,1.795854900003178,0.0,,233,233,ok,15052c57437e97dde01d03a233ee02f0d7424c46d7a9d90ead2d9ed438f5812e,False
case_040,1,5,weighted_window_15_s0.65,126055,253454,2.0106620126135417,911238,6087040,5175802,5175802,0,0.0,0,0,0,0,6087040,32768,49152,1.7768856000038795,0.0,,172,172,ok,ab8adebceb25ef1105307ea966a553b8623a696379d5655c3d26334443c7eb0d,False
case_040,1,5,weighted_window_10_s0.35,104768,253454,2.419192883323152,911238,3906418,2995180,2995180,0,0.0,0,0,0,0,3906418,23040,49152,1.6317692000011448,0.0,,112,112,ok,66c6f750c97a464f76fd90838714b810ca9b269b2132aee257ed3116ba2be295,False
case_040,1,5,critical_cut_b0.16_s1.0,109623,253454,2.312051303102451,911238,1972286,1061048,1061048,0,0.0,0,0,0,0,1972286,229376,57344,1.5827667999838013,0.0,,68,68,ok,cc4436dc43d873f15c6df2bc0c26513e6243341fcbc828019f7269f8cfa90492,False
case_040,1,5,critical_cut_b0.06_s0.35,118840,253454,2.132733086502861,911238,2533514,1622276,1622276,0,0.0,0,0,0,0,2533514,229376,57344,1.5099744999897666,0.0,,93,93,ok,a18e4c48948b0818dd402f3ec43033976a6d7aae4dc267988c64a970cf5ff0ac,False
case_040,1,5,win_w5,145771,253454,1.738713461525269,911238,6630582,5719344,5719344,0,0.0,0,0,0,0,6630582,32768,40960,2.9993721999926493,0.0,,433,433,ok,0e70cf57fb2742dbf9357545f7b92977a500a9f08187801a30e693027a555a8e,False
case_040,1,5,win_w7,110270,253454,2.2984855355037634,911238,4727648,3816410,3816410,0,0.0,0,0,0,0,4727648,16896,49152,2.130792800016934,0.0,,265,265,ok,e5b0e392226523753f775d13f90b41661472dc9a5a504a187a8db313f423dd5c,False
case_040,1,5,win_w14,97698,253454,2.5942598620237876,911238,3818798,2907560,2907560,0,0.0,0,0,0,0,3818798,245760,57344,1.6329050000058487,0.0,,130,130,ok,ac9803004913876ac5f4eec16683f51108bd1f91cf7026b0b77c04a5283fa2ff,False
case_040,1,5,win_w23,93569,253454,2.7087390054398357,911238,2279916,1368678,1368678,0,0.0,0,0,0,0,2279916,245760,73728,1.4244326000043657,0.0,,91,91,ok,cfe9ca799a091df9fd789d472dee58767b8fdb908aefa854426c1cc15b926527,False
case_040,1,5,stageU4_k5,111883,253454,2.2653486231152185,911238,2523128,1611890,1611890,0,0.0,0,0,0,0,2523128,229376,65536,1.8304134999925736,0.0,,116,116,ok,267b25469002c793461797bcc73c28561c26ad35f295f44ca9dccdb5a3fb256f,False
case_040,1,5,stageC5_k4,108442,253454,2.3372309621733276,911238,1985996,1074758,1074758,0,0.0,0,0,0,0,1985996,229376,65536,1.728496499999892,0.0,,91,91,ok,97eb03d2caac528b1113d6d38a1cf7b507644c9467380ed6e723a392ee396a95,False
case_040,1,5,stageU12_k5,154314,253454,1.6424562904208302,911238,7213578,6302340,6302340,0,0.0,0,0,0,0,7213578,32768,49152,2.856555100006517,0.0,,475,475,ok,d58f202be8b97673cc926b467862abd6c1f1cafa3d5478e0a5b00915020e417b,False
case_040,1,5,component_group3,113658,253454,2.2299706135951713,911238,1026438,115200,115200,0,0.0,0,0,0,0,1026438,245760,90112,2.4262241999967955,0.0,,10,10,ok,c30bbad10112a04f5b8a8cfc2414a32ca617ab1d823305a414628d8f3d7e2157,False
case_040,1,5,component_group4,125089,253454,2.0261893531805355,911238,960390,49152,49152,0,0.0,0,0,0,0,960390,245760,90112,2.5186538999842014,0.0,,7,7,ok,721c84e8056aeae314598fddcb541beb4f7e12d811501679775e54476ae25b6f,False
case_040,1,5,component_group5,219146,253454,1.1565531654695955,911238,948102,36864,36864,0,0.0,0,0,0,0,948102,245760,90112,2.5355324000120163,0.0,,6,6,ok,0be77e0c62c6ba3508be67e47117aafdc8e56dc217a9ddcc1368fff5d102d5bf,False
case_040,1,5,component_group6,125770,253454,2.0152182555458378,911238,948102,36864,36864,0,0.0,0,0,0,0,948102,245760,90112,2.45194860000629,0.0,,5,5,ok,3b58cc1dbc72291b081a636dc7150d75062a2605529b86641afec83d6871a331,False
case_040,1,5,component_group8,126475,253454,2.0039849772682348,911238,935814,24576,24576,0,0.0,0,0,0,0,935814,245760,90112,2.8846354999986943,0.0,,4,4,ok,67cd0b25b54bbdf2da1de86dd1cbc85684c5626d42e9234f9ab758f2b96d3e87,False
case_040,1,5,pipevec_merge,110337,253454,2.2970898248094476,911238,1227654,316416,316416,0,0.0,0,0,0,0,1227654,245760,90112,2.8574263000045903,0.0,,28,28,ok,4ac0caf50f62fd49dfba38d8a011562a3a9e29f2e86384a41aabd2a00eaecbb4,False
case_040,1,5,membatch_70,110337,253454,2.2970898248094476,911238,977286,66048,66048,0,0.0,0,0,0,0,977286,245760,90112,2.5702078999893274,0.0,,10,10,ok,6a9be5c25d845b6ff778d1c3fe0fb0e586c499e3c04bdd060be9f7410dc2d3d2,False
case_040,1,5,whole_graph,253454,253454,1.0,911238,911238,0,0,0,0.0,0,0,0,0,911238,245760,90112,0.0021538000146392733,0.0,,1,1,ok,c419c6afed544096510944df9e3fbf34ab25bf422684cccf073e8deb5c626bc4,True
case_041,1,5,component_round_robin,1211779,6003957,4.954663350330382,4949980,42784732,37834752,18161664,19673088,0.0,0,0,0,0,42784732,524288,8198,638.0497404000198,0.0,,5,5,ok,ae9cdb1999a5bcf3f820889c52abb337abae8f9986956d392775f1953a7fb6b5,False
case_041,1,5,component_pipe_balance,1196379,6003957,5.018440644645217,4949980,45580252,40630272,18020352,22609920,0.0,0,0,0,0,45580252,524288,8198,701.6033696999948,0.0,,5,5,ok,558ae81491457054d7a75f5996fe9343eda75ed5c934b22ec818d63c9838e830,False
case_041,1,5,component_batches,1205399,6003957,4.980887656286424,4949980,46486492,41536512,41536512,0,0.0,0,0,0,0,46486492,352256,8198,23.36060469999211,0.0,,72,72,ok,a343307a9114fe342cc932097feb5e985aa53ff715654061d7825faf8128465d,False
case_041,1,5,component_pipe_lpt,1252937,6003957,4.791906536402069,4949980,69710812,64760832,64760832,0,0.0,0,0,0,0,69710812,34816,8198,33.52236229999107,0.0,,494,494,ok,bf34896025cf7c5cf7af3a8768435febe13d4623cba20edaf3be02d7d59d35c1,False
case_041,1,5,component_comm,1251856,6003957,4.796044433225546,4949980,69710812,64760832,64760832,0,0.0,0,0,0,0,69710812,34816,8198,29.23822149998159,0.0,,494,494,ok,f154d3e9397fc72a41ef8c5c8c39b00c2c45f8d672664ab0c4596ef6f05f90f0,False
case_041,1,5,scene_a_peft,1256837,6003957,4.777037117780587,4949980,69825692,64875712,64875712,0,0.0,0,0,0,0,69825692,34816,8196,27.1677760000166,0.0,,536,536,ok,e0c6f8ba4fe808b0461a6bf6eafc9224507bacf9e7746d3dabff3c1764f8fc58,False
case_041,1,5,scene_a_spine,1277939,6003957,4.698156171773457,4949980,69825692,64875712,64875712,0,0.0,0,0,0,0,69825692,34816,8196,22.867689500009874,0.0,,536,536,ok,2329203dda87bd1aedb388f56c812615354a88ad3efd27e5d71daa1f31f3ce9d,False
case_041,1,5,whole_graph,6003957,6003957,1.0,4949980,35848156,30898176,0,30898176,0.0,0,0,0,0,35848156,524288,8198,0.023972900002263486,0.0,,1,1,ok,e0625d388faa93d39d0f45571ae4cdc505b7772dc90640eba54a3dcf64a2123d,True
case_042,1,5,component_round_robin,357457,1686740,4.718721412645437,2388964,12924004,10535040,8209536,2325504,0.0,0,0,0,0,12924004,524288,32776,25.999863300006837,0.0,,5,5,ok,9502818f7bdc9442a9a839ce86e5a0b21543fc06db388302f6f16be98bda750d,False
case_042,1,5,component_lpt,342520,1686740,4.924500759079762,2388964,12576580,10187616,7253856,2933760,0.0,0,0,0,0,12576580,524288,32776,25.467041299998527,0.0,,5,5,ok,e4ef6cbd9335573ac20f263a6c53b41f47239d5c31fe9fb33cb974e37cc41f6c,False
case_042,1,5,component_pipe_balance,370832,1686740,4.5485287138111055,2388964,12204004,9815040,7286784,2528256,0.0,0,0,0,0,12204004,524288,32776,26.137569000013173,0.0,,5,5,ok,b836e26b571178ab22ae607324c3c58cd7d04935ccbb506289b82274cf05b1a9,False
case_042,1,5,component_batches,385793,1686740,4.372137389740094,2388964,15205348,12816384,12816384,0,0.0,0,0,0,0,15205348,252928,32776,6.066056699986802,0.0,,24,24,ok,14b59a80caaccb4c1c9528be7e8b60341a2a592b97d9649b83b0b7e68c856469,False
case_042,1,5,component_batches_128,388461,1686740,4.342108989061965,2388964,17752036,15363072,15363072,0,0.0,0,0,0,0,17752036,180224,32776,6.30209990000003,0.0,,47,47,ok,24f0b16c3446d6a8483669910b6dfe6241371ca9c87f8cc13792ebc814237e85,False
case_042,1,5,component_batches_512,381956,1686740,4.416058394160584,2388964,12594148,10205184,10205184,0,0.0,0,0,0,0,12594148,480256,32776,8.257304099999601,0.0,,11,11,ok,68540c673583fef014e8c28f5695d78db0205e4e7284aa69c14d59476907f94f,False
case_042,1,5,component_pipe_lpt,392571,1686740,4.29664952327095,2388964,19433860,17044896,17044896,0,0.0,0,0,0,0,19433860,180224,32776,5.361655899992911,0.0,,104,104,ok,75848d51c23b97c9c15c8ade25901b37c6944ff58dbcc562800bdf3ce6c6cf3a,False
case_042,1,5,component_comm,390262,1686740,4.322070813966002,2388964,19433860,17044896,17044896,0,0.0,0,0,0,0,19433860,180224,32776,5.841688600019552,0.0,,104,104,ok,3f3ad4b6538f7a0bda3676d17ab2588c1a036a818ad3be9aa7489bf0d1e80651,False
case_042,1,5,scene_a_peft,369660,1686740,4.5629497375967105,2388964,20089460,17700496,17700496,0,0.0,0,0,0,0,20089460,24192,32772,6.421892299986212,0.0,,156,156,ok,3f1ea2c8bb15c51a738edf79b75168a1e673998e28ed54f822196f219108b279,False
case_042,1,5,scene_a_spine,364335,1686740,4.629640303566772,2388964,20089460,17700496,17700496,0,0.0,0,0,0,0,20089460,24192,32772,6.789625100005651,0.0,,156,156,ok,3e0ece3c8db908aa1f9107c67361e4911bef23dfbe39380f1fc5617118168813,False
case_042,1,5,weighted_window_20_s1.0,984310,1686740,1.713626804563603,2388964,46218668,43829704,43829704,0,0.0,0,0,0,0,46218668,32768,32774,37.74237480000011,0.0,,2795,2795,ok,d73486850d58a3e351d071c3308ac000517888fa77437981c9752f00c7f1b3b9,False
case_042,1,5,weighted_window_15_s0.65,892920,1686740,1.8890158132867445,2388964,40537512,38148548,38148548,0,0.0,0,0,0,0,40537512,32768,32774,29.475172800011933,0.0,,2252,2252,ok,0ace0f9fc5a66245680c3011deb541bb2d1fbc98a2ef262c6b5df94f596c3576,False
case_042,1,5,weighted_window_10_s0.35,820582,1686740,2.055541067193772,2388964,37326248,34937284,34937284,0,0.0,0,0,0,0,37326248,24192,32774,27.797879799996736,0.0,,2018,2018,ok,eb05f68a5adbc706c46d2234af16b073dbf2df218ea6b35a3492a834545ad246,False
case_042,1,5,critical_cut_b0.16_s1.0,646245,1686740,2.610062747100558,2388964,30479768,28090804,28090804,0,0.0,0,0,0,0,30479768,163840,32776,20.18885809998028,0.0,,1388,1388,ok,34a503542bbc86b7cc81a397dc3e12ea5bc5527023149fb43791f69d9825215d,False
case_042,1,5,critical_cut_b0.06_s0.35,869758,1686740,1.9393210525226556,2388964,34013588,31624624,31624624,0,0.0,0,0,0,0,34013588,163840,32776,23.716005499998573,0.0,,1836,1836,ok,e1281d3c67e83093c2edba14a580ad78c8d2dd68ae397e28bf1a67910df81f0a,False
case_042,1,5,win_w5,707992,1686740,2.3824280500344637,2388964,37698580,35309616,35309616,0,0.0,0,0,0,0,37698580,32768,32774,28.912516000011237,0.0,,2174,2174,ok,0937d6a2f6e765167aacd63960314272a4543161ad8a877ee6aeeabe97d519e6,False
case_042,1,5,win_w7,686107,1686740,2.458421208353799,2388964,34673596,32284632,32284632,0,0.0,0,0,0,0,34673596,32768,32774,25.974795799993444,0.0,,1854,1854,ok,01149119fdd31aa4efdbfc6a648edc462f178a3064fb4171def86f760bbda44a,False
case_042,1,5,win_w14,634318,1686740,2.6591394221825646,2388964,27988524,25599560,25599560,0,0.0,0,0,0,0,27988524,180224,49154,23.399227800022345,0.0,,1108,1108,ok,343e2f920e9053d1ff7009b09d6b028f9d1d7c8773fc0e839a3b817945178c5d,False
case_042,1,5,win_w23,387497,1686740,4.352911119311892,2388964,21578144,19189180,19189180,0,0.0,0,0,0,0,21578144,180224,32776,13.561285300005693,0.0,,352,352,ok,bc57714232740271cf19789f4121911e335f4c942dc9904cb058aecdc96cfef1,False
case_042,1,5,stageU4_k5,953370,1686740,1.7692396446290528,2388964,36842884,34453920,34453920,0,0.0,0,0,0,0,36842884,163840,32776,39.18577660000301,0.0,,2161,2161,ok,8c38b337420b7fedfb4579fa47a0e27c5ddd7ae6bcd9d199fffe2d22b19bbf45,False
case_042,1,5,stageC5_k4,776198,1686740,2.1730795492902586,2388964,34248636,31859672,31859672,0,0.0,0,0,0,0,34248636,163840,32776,37.083584400010295,0.0,,1902,1902,ok,090f4ceafc2f28a5807a5fb6f339e74ca5357b5cc738c39309d2c4b7646fc6ba,False
case_042,1,5,stageU12_k5,973350,1686740,1.7329223814660708,2388964,38086036,35697072,35697072,0,0.0,0,0,0,0,38086036,163840,32776,27.415831399994204,0.0,,2256,2256,ok,23d2df5e1a77e12b82f3d988ad4803990a9e1d967b660bb8c268ce599450dc8c,False
case_042,1,5,component_group3,357844,1686740,4.713618224701267,2388964,15359236,12970272,12970272,0,0.0,0,0,0,0,15359236,248832,32776,5.489832499995828,0.0,,35,35,ok,80078b57fc7c7af5a27477387d9f75a1eb11235e174aa15695e6b7b09b876817,False
case_042,1,5,component_group4,374634,1686740,4.5023676441540275,2388964,14711044,12322080,12322080,0,0.0,0,0,0,0,14711044,248832,32776,4.0310541999933776,0.0,,26,26,ok,8e1efb882f05b63dbffb55a6efac510569595f407d1c5239f5e381712e0460b8,False
case_042,1,5,component_group5,378126,1686740,4.460788202874174,2388964,14711044,12322080,12322080,0,0.0,0,0,0,0,14711044,180224,32776,3.6674944999977015,0.0,,21,21,ok,5fb0da0548ffa1b4cddb98553085ff468374e8b811a03866540e487a71245805,False
case_042,1,5,component_group6,353727,1686740,4.768479646733216,2388964,14403556,12014592,12014592,0,0.0,0,0,0,0,14403556,325632,32776,3.790104199986672,0.0,,18,18,ok,cf863aa663f8bf1a92a6a9d575ae1280a9caf0459d25ebb67cfe954acb21f1d9,False
case_042,1,5,component_group8,383375,1686740,4.399713074665797,2388964,13734148,11345184,11345184,0,0.0,0,0,0,0,13734148,248832,32776,3.786251799989259,0.0,,13,13,ok,1bf6dd5b0336169f0ceecf583f678f6b84df5e82e76334b550c4e01ec203bb7a,False
case_042,1,5,pipevec_merge,350642,1686740,4.810433433530496,2388964,19433860,17044896,17044896,0,0.0,0,0,0,0,19433860,180224,32776,3.3257028000080027,0.0,,104,104,ok,e1135320e14d41d73c83bb1ddaf8226e40750220a3cef69884eca348c88e93bd,False
case_042,1,5,membatch_70,393142,1686740,4.290409063391853,2388964,19045636,16656672,16656672,0,0.0,0,0,0,0,19045636,180224,32776,3.2094770000257995,0.0,,91,91,ok,6e1cc24a68d5404a2b971595cdd0d9793e6114c9738afe7b2f816b73469aa85e,False
case_042,1,5,whole_graph,1686740,1686740,1.0,2388964,9018340,6629376,0,6629376,0.0,0,0,0,0,9018340,524288,32776,0.008244900003774092,0.0,,1,1,ok,f35f4966ac43981337636f18e67e18fee96be9f4b487309d250c4a43d3057926,True
case_043,1,5,component_round_robin,303949,677656,2.2295056078486852,1431122,2997842,1566720,1566720,0,0.0,0,0,0,0,2997842,192512,81928,65.66875000001164,0.0,,5,5,ok,72d45c76e450a1e0d27b6dbb2d86e235c290d79bf014e1a8d4d54c2c0ece788a,False
case_043,1,5,component_lpt,269612,677656,2.5134489562779105,1431122,2444882,1013760,1013760,0,0.0,0,0,0,0,2444882,328704,81928,60.5246874000004,0.0,,5,5,ok,41d57f0e3ee7d637a6f32363cc4af0769f921a74ea9c8990c3bf8715362df9a6,False
case_043,1,5,component_pipe_balance,269612,677656,2.5134489562779105,1431122,2494042,1062920,1013760,49160,0.0,0,0,0,0,2494042,328704,122896,58.10854549999931,0.0,,5,5,ok,2b3c369eed485cae6d9b57bd18643c3c95b565f25201bb97ab95a1f192ff5191,False
case_043,1,5,chain_heft,612241,677656,1.1068451802476476,1431122,24245850,22814728,22814728,0,0.0,0,0,0,0,24245850,24576,32768,181.02632189998985,0.0,,6893,6893,ok,52e32e8e29778544629ed5188988d063af7b0fdfa8b2012c9ca03f34b3b230a5,False
case_043,1,5,window8_heft,248533,677656,2.7266238286263795,1431122,10523518,9092396,9092396,0,0.0,0,0,0,0,10523518,25136,126736,20.709672600001795,0.0,,690,690,ok,7ce2d36c55b74cf341c472d9eb74b241f8b555be94f5cb17d69159622cdb7717,False
case_043,1,5,window10_heft,248781,677656,2.7239057645077396,1431122,10075634,8644512,8644512,0,0.0,0,0,0,0,10075634,32768,126736,16.8116695000208,0.0,,560,560,ok,a688b829ee8068b5a39a9370f5cc239ef9c850cd9636c6a77fb5955cdd0174a0,False
case_043,1,5,window16_heft,232508,677656,2.9145491768025185,1431122,7908078,6476956,6426268,50688,0.0,0,0,0,0,7908078,32768,129808,11.667815199994948,0.0,,234,234,ok,74ee7f4006bd6bea0e989b85ecbda3153df92df2bb2b82fc483e65bdf0148a41,False
case_043,1,5,component_pipe_lpt,269230,677656,2.517015191471976,1431122,3689042,2257920,2257920,0,0.0,0,0,0,0,3689042,149760,59718,58.171677300008014,0.0,,38,38,ok,b682e66a6332e0ec228d1a144021ba290f68f7a3950aa5d8fdba588d4cbb4920,False
case_043,1,5,component_comm,312383,677656,2.169311390184485,1431122,3689042,2257920,2257920,0,0.0,0,0,0,0,3689042,149760,59718,54.47944229998393,0.0,,38,38,ok,a7a4e96ff08d566d358b3f73c6b4496608f4092e544384459236bd569bce8280,False
case_043,1,5,window2_heft,476218,677656,1.4229953508687199,1431122,20537522,19106400,19106400,0,0.0,0,0,0,0,20537522,24576,32770,104.41232810000656,0.0,,4183,4183,ok,276d30dc977eb1ffad24abce0f8e8dd8d19748f6cbf42248e38e7731ae128958,False
case_043,1,5,window12_heft,249950,677656,2.7111662332466495,1431122,9473020,8041898,8041898,0,0.0,0,0,0,0,9473020,25088,124864,14.74951449999935,0.0,,437,437,ok,4d56ab8b21d3c3a4f30e59f10bc5f7f755e6e71703a92a1720e5db2ef94ddc38,False
case_043,1,5,window4_heft,346736,677656,1.9543860458677496,1431122,14643050,13211928,13211928,0,0.0,0,0,0,0,14643050,24576,115216,40.116548899997724,0.0,,1692,1692,ok,818f5deafcb5e4e1ae3032b897673c97c3b66d1d5db45043e895a06f31987fef,False
case_043,1,5,weighted_window_20_s1.0,241729,677656,2.8033707167944266,1431122,7595672,6164550,6164550,0,0.0,0,0,0,0,7595672,51200,114304,12.231014799996046,0.0,,217,217,ok,35dcbca1d4c44a2ddb4d5d03e6578d4310ce89964ad2d52c3ffe3ab05156cfcc,False
case_043,1,5,weighted_window_15_s0.65,234164,677656,2.8939375822073417,1431122,7008634,5577512,5577512,0,0.0,0,0,0,0,7008634,43008,114304,12.75619889999507,0.0,,169,169,ok,26a0a174596086f91be3a5802a37e5dda68fa1dd99e7cb1b46bb6f0cbf28cab0,False
case_043,1,5,weighted_window_10_s0.35,210745,677656,3.2155258724999407,1431122,5689566,4258444,4258444,0,0.0,0,0,0,0,5689566,73856,114304,16.369945700018434,0.0,,118,118,ok,e67d32d43bf386d9dce0bb4bc87aa09d60fe57e3385203da8eb8203b46079090,False
case_043,1,5,critical_cut_b0.16_s1.0,252899,677656,2.6795519159822696,1431122,4924516,3493394,3493394,0,0.0,0,0,0,0,4924516,163072,56580,32.81991809999454,0.0,,160,160,ok,cb1dd37507627925de2a353bc4b0f137d0a853fb22c0d50c1d676a1303f9895b,False
case_043,1,5,critical_cut_b0.06_s0.35,258758,677656,2.6188794162885785,1431122,5735608,4304486,4304486,0,0.0,0,0,0,0,5735608,149504,49988,23.728725799999665,0.0,,366,366,ok,fe2a2fb2fea159944730ce60b5567ccd464cbca406a5cf351e37de4c97ab221e,False
case_043,1,5,win_w5,307689,677656,2.2024056758610153,1431122,13785604,12354482,12354482,0,0.0,0,0,0,0,13785604,24576,126736,33.26411829999415,0.0,,1287,1287,ok,f786a0d4ccd2feb979020214f2f0d53de87e6d1b4a33aaf128e2b83ef45914a3,False
case_043,1,5,win_w7,259488,677656,2.6115119003576273,1431122,11286742,9855620,9855620,0,0.0,0,0,0,0,11286742,25136,126736,24.912439400010044,0.0,,796,796,ok,e4f57b7491d00392cf8209617481557498932e5588976741ddd8f57ac010354a,False
case_043,1,5,win_w14,216377,677656,3.1318300928472067,1431122,8634692,7203570,7203570,0,0.0,0,0,0,0,8634692,25184,126736,13.637314299994614,0.0,,313,313,ok,d413a5c8ea985724e05ee239e4974fb42ddd0a121d26cf4c6b3b1d5800c38e82,False
case_043,1,5,win_w23,218234,677656,3.1051806776212687,1431122,7241464,5810342,5759654,50688,0.0,0,0,0,0,7241464,30000,129808,11.816875299991807,0.0,,149,149,ok,25e7ed97c068d063b5872ccd7a7d4b9f29f28892877cd95f1a6ad3dfeb33e2db,False
case_043,1,5,component_group3,479784,677656,1.412418921848165,1431122,2951762,1520640,1520640,0,0.0,0,0,0,0,2951762,149760,81928,59.400405099993804,0.0,,13,13,ok,1269ee8d8cdcc0ec05f9d60a852d97a2172e2bb766e97d3afa7dfb0b06a73b6f,False
case_043,1,5,component_group4,496900,677656,1.363767357617227,1431122,2813522,1382400,1382400,0,0.0,0,0,0,0,2813522,195840,81928,56.987646499997936,0.0,,10,10,ok,01ae2c7d53638b8c3dc3d022d4784db8e9c156ff7f22292833f0ba93cdaa83f7,False
case_043,1,5,component_group5,272731,677656,2.4847047090356433,1431122,2583122,1152000,1152000,0,0.0,0,0,0,0,2583122,149760,81928,65.39744719999726,0.0,,8,8,ok,17bf2af998ed13258d1136f1812a5a44c540c2698ac613961ea42f153bd68257,False
case_043,1,5,component_group6,482233,677656,1.405246011782686,1431122,2490962,1059840,1059840,0,0.0,0,0,0,0,2490962,193536,81928,54.765618600009475,0.0,,7,7,ok,a248aa3a30e205361943d73ca233c631fa70a0c6076ba317aca59cdcde7e907f,False
case_043,1,5,component_group8,496900,677656,1.363767357617227,1431122,2323026,891904,875520,16384,0.0,0,0,0,0,2323026,285696,122896,64.22443509998266,0.0,,5,5,ok,3951733364917dee9d751c9074dd12bafffeb78a22af1f618b1ce3560607f480,False
case_043,1,5,pipevec_merge,268850,677656,2.520572810117166,1431122,3689042,2257920,2257920,0,0.0,0,0,0,0,3689042,149760,59718,92.21862509998027,0.0,,38,38,ok,f3a0eead8e0cb65323a1e8076c63f1c8a3b2c702caf76b328263a6ec321a83f3,False
case_043,1,5,whole_graph,677656,677656,1.0,1431122,1480282,49160,0,49160,0.0,0,0,0,0,1480282,515072,122896,0.010504100006073713,0.0,,1,1,ok,13e6612a6ef8e3983befa1db689d1b565e8f779a0ad62df3b28bfad55cdd9b67,True
case_044,1,5,component_round_robin,132892,154407,1.161898383649881,975456,7171488,6196032,3721600,2474432,0.0,0,0,0,0,7171488,524192,0,0.5770121999958064,0.0,,5,5,ok,3542a75049a61b9b0370404f4bf0a6c4a75ed189acb21ef22d382f4f45ade34d,False
case_044,1,5,component_batches,137490,154407,1.1230416757582369,975456,7689216,6713760,4652000,2061760,0.0,0,0,0,0,7689216,524192,0,0.5411745999881532,0.0,,6,6,ok,98848b8e35ddea1c22d08d0364b2ecc3c8b47c2a3f59fb885292c61b97dbf3b4,False
case_044,1,5,component_batches_128,175986,154407,0.8773822917732093,975456,10279456,9304000,9304000,0,0.0,0,0,0,0,10279456,77952,0,0.5332205000158865,0.0,,11,11,ok,14f9ddfa25e968938b386c382f4d47411fc89ae485b008b04b5d672cd5a3c504,False
case_044,1,5,component_pipe_lpt,175986,154407,0.8773822917732093,975456,10279456,9304000,9304000,0,0.0,0,0,0,0,10279456,77952,0,0.5610991999856196,0.0,,11,11,ok,7e136e54049b971a34a71024d90c5456036a6ac32ad9d8e2b086bb608d2da0e9,False
case_044,1,5,component_comm,194028,154407,0.7957975137609005,975456,10279456,9304000,9304000,0,0.0,0,0,0,0,10279456,77952,0,0.8760987000132445,0.0,,11,11,ok,88f6e4b80182c618d35ccd5e54004f823755f1dd1cb26540da196ccbdea230f5,False
case_044,1,5,share_pack_3,123553,154407,1.2497227910289512,975456,6136672,5161216,1860800,3300416,0.0,0,0,0,0,6136672,524192,0,1.6195895000128075,0.0,,3,3,ok,7c7665bb78f772acac441b2054b5da756d7f6e2da732ad6c49a00af4ef3df15a,False
case_044,1,5,share_pack_4,124268,154407,1.2425322689670713,975456,6654080,5678624,2791200,2887424,0.0,0,0,0,0,6654080,524192,0,1.4065721000079066,0.0,,4,4,ok,832476acbb24ac840fe9ee912fb150170688ca11638ee085a4eaff8e7b6cc34d,False
case_044,1,5,share_pack_9,156916,154407,0.9840105534171149,975456,9243360,8267904,7443200,824704,0.0,0,0,0,0,9243360,524192,0,0.9207833000109531,0.0,,9,9,ok,7e082547aafdafefd33312d503ea90b8cd6ecabcea8958529bb89fc3147e9e81,False
case_044,1,5,share_pack_10,165899,154407,0.9307289374860608,975456,9761408,8785952,8373600,412352,0.0,0,0,0,0,9761408,524192,0,1.0927564000012353,0.0,,10,10,ok,325cb8cb32ed99f1a9a68a1d893a9cc7a438cdfce6cd1f389e9aee1d49dc916c,False
case_044,1,5,weighted_window_20_s1.0,187209,154407,0.8247840648686762,975456,10932768,9957312,9957312,0,0.0,0,0,0,0,10932768,74240,0,2.773170400003437,0.0,,220,220,ok,acd21554aa99344c8c29e96cf18c45f02f5c4b2d867f25895da0baf553a17016,False
case_044,1,5,weighted_window_15_s0.65,184964,154407,0.8347948790034817,975456,10814496,9839040,9839040,0,0.0,0,0,0,0,10814496,74368,0,2.1944517999945674,0.0,,176,176,ok,1cf63ba0dc06e2774246dcbaa73c004c1cf54bf839f6258bc13e9f2f86250b81,False
case_044,1,5,weighted_window_10_s0.35,182106,154407,0.8478962801884616,975456,10608928,9633472,9633472,0,0.0,0,0,0,0,10608928,74368,0,1.2784506999887526,0.0,,110,110,ok,334c189e9ef5462e3987438d88ec77fd59f8964a57cc2dfab8b23a4d8350166e,False
case_044,1,5,critical_cut_b0.16_s1.0,179486,154407,0.8602732246526191,975456,10442784,9467328,9467328,0,0.0,0,0,0,0,10442784,74368,0,1.2614715999807231,0.0,,55,55,ok,f04c837eadbf2bbe0af3bdb1c18bbcf6279d1221cf39dce32981b3be42060717,False
case_044,1,5,critical_cut_b0.06_s0.35,180080,154407,0.8574355841848067,975456,10406176,9430720,9430720,0,0.0,0,0,0,0,10406176,74112,0,1.0184736999799497,0.0,,55,55,ok,d3f668d94748dbe9c198ceef64b8e748cad4bf02b147f7ad0cf3a688a9e8b10e,False
case_044,1,5,win_w5,202036,154407,0.764254885267972,975456,11082016,10106560,10106560,0,0.0,0,0,0,0,11082016,74112,0,2.582967499998631,0.0,,275,275,ok,ace7093bf492b68b36549105308fa19775a262cd1937f7a3cd36a8603a03661a,False
case_044,1,5,win_w7,185580,154407,0.8320239249919172,975456,10741280,9765824,9765824,0,0.0,0,0,0,0,10741280,74112,0,2.4293084000237286,0.0,,198,198,ok,4b332e77de05c8d1aa5cb4b73da3d4c5239b11a980956fa367cb80dc6b26d7bc,False
case_044,1,5,win_w14,181816,154407,0.8492486909842918,975456,10496288,9520832,9520832,0,0.0,0,0,0,0,10496288,74368,0,1.7825141999928746,0.0,,99,99,ok,2dbd3afec16dfe807c1ace2c8e6665d50e2e6e785ab456f4734e3f7314c697d1,False
case_044,1,5,win_w23,181430,154407,0.8510555034999724,975456,10538528,9563072,9563072,0,0.0,0,0,0,0,10538528,74368,0,1.5705635000194889,0.0,,66,66,ok,55a575c8181acc019266a410ecbc811b44c9d7d7cc73e74b08e83e2cef737c74,False
case_044,1,5,stageU4_k5,178906,154407,0.8630621667244252,975456,10414624,9439168,9439168,0,0.0,0,0,0,0,10414624,74880,0,1.2538912000018172,0.0,,44,44,ok,1c88fedcf1723a118d4be021e8d0949fc88c9b5ba42e01fad1ca67a9a415da92,False
case_044,1,5,stageC5_k4,180631,154407,0.8548200475001523,975456,10406176,9430720,9430720,0,0.0,0,0,0,0,10406176,74112,0,1.3019526999851223,0.0,,55,55,ok,305f01a62e5ecd45347464f7d2012fb11b8c2b87ae843f0370d474f6790db97a,False
case_044,1,5,stageU12_k5,182930,154407,0.8440769693325316,975456,10715936,9740480,9740480,0,0.0,0,0,0,0,10715936,74112,0,2.4157677000039257,0.0,,132,132,ok,5c89ae6eee660550481c8ff8fd65b84135200156654f7d1d1ba6d19038e88c01,False
case_044,1,5,component_group3,124268,154407,1.2425322689670713,975456,6654080,5678624,2791200,2887424,0.0,0,0,0,0,6654080,524192,0,2.0687334000249393,0.0,,4,4,ok,eb0c4576dec51ac37d1f7bcb86b146b5c2108e3a5e6daceeb2f2004f956b4efe,False
case_044,1,5,component_group4,123553,154407,1.2497227910289512,975456,6136672,5161216,1860800,3300416,0.0,0,0,0,0,6136672,524192,0,1.3706735000014305,0.0,,3,3,ok,bd2b1522293fd9413aee7dfbafcccca4894d6a0ccbb4ea1b1428ca4a59795d19,False
case_044,1,5,component_group5,131976,154407,1.1699627204946355,975456,6136480,5161024,1860800,3300224,0.0,0,0,0,0,6136480,524192,0,1.4534090000088327,0.0,,3,3,ok,a85f975b1ba6b675fb25ef864dcc8cd4501a3fcd600fe5eb0d2f45760554d5f6,False
case_044,1,5,component_group6,131105,154407,1.1777354029213225,975456,5648448,4672992,930400,3742592,0.0,0,0,0,0,5648448,524192,0,1.989519199996721,0.0,,2,2,ok,c8b852e17fa95af527affcf58c752818db2734a50da048eb59f69271995ea6bd,False
case_044,1,5,component_group8,145042,154407,1.0645675045848788,975456,5717184,4741728,930400,3811328,0.0,0,0,0,0,5717184,524192,0,2.2876379000081215,0.0,,2,2,ok,588602dc1a098dd9c5a7cf0af0ce1738bcc7bbfdae9e3edafce9acdbc1eced5d,False
case_044,1,5,whole_graph,154407,154407,1.0,975456,5413568,4438112,0,4438112,0.0,0,0,0,0,5413568,524192,0,0.008970499999122694,0.0,,1,1,ok,319bb8d783f776ffa6fa3964f76c1a2ff5e6ccc6d9403c48fed370662de80fbe,True
case_045,1,5,component_round_robin,26558,125614,4.729798930642367,557056,557056,0,0,0,0.0,0,0,0,0,557056,0,32768,0.741567400022177,0.0,,5,5,ok,7a7ecc626e3a235b5ed8b6983085447e8bf6e4321f3be3d20f0994d431c57f71,False
case_045,1,5,component_lpt,26164,125614,4.801024308209754,557056,557056,0,0,0,0.0,0,0,0,0,557056,0,32768,0.9336547999992035,0.0,,5,5,ok,f965974b60ae15d5b329c6581bf536014af93eeee56db590fb128df6b6830aed,False
case_045,1,5,component_batches,26813,125614,4.684817066348413,557056,557056,0,0,0,0.0,0,0,0,0,557056,0,32768,0.8182586999901105,0.0,,10,10,ok,4b44f938bbfddd91d7c13759440adb1f34e3232595bfa387ef0c6b030e068d49,False
case_045,1,5,component_batches_128,27440,125614,4.5777696793002915,557056,557056,0,0,0,0.0,0,0,0,0,557056,0,32768,0.7095190999971237,0.0,,15,15,ok,f15c358538d4abc4b10785d3aef4379dc61d1e17286b64db65910138443cecc5,False
case_045,1,5,component_pipe_lpt,35703,125614,3.5183037839957425,557056,557056,0,0,0,0.0,0,0,0,0,557056,0,32768,0.46736110001802444,0.0,,68,68,ok,8498aa02853a26626f214a783276359c7ca9848b9a647d15bf78ec29f6b88735,False
case_045,1,5,scene_a_peft,30894,125614,4.065967501780281,557056,651264,94208,94208,0,0.0,0,0,0,0,651264,0,32768,1.1796326000185218,0.0,,74,74,ok,24b809dc29262ef6f49a219a131ddf3449f531b5dbf4c104dc89c8730a675388,False
case_045,1,5,scene_a_spine,36763,125614,3.4168593422734816,557056,651264,94208,94208,0,0.0,0,0,0,0,651264,0,32768,1.095496699999785,0.0,,74,74,ok,b1912bcecbb1e8df0dcc536378032bb878b578e9f865282440e29c6322003f33,False
case_045,1,5,weighted_window_20_s1.0,249821,125614,0.5028160162676476,557056,14548992,13991936,13991936,0,0.0,0,0,0,0,14548992,0,16384,6.794960300001549,0.0,,1380,1380,ok,2047e1441836720fde5b722977dab24705558f5d1b42e8104f662c8b83095099,False
case_045,1,5,weighted_window_15_s0.65,207247,125614,0.6061076879279315,557056,12132352,11575296,11575296,0,0.0,0,0,0,0,12132352,0,16384,5.524043500015978,0.0,,1085,1085,ok,9738c64784bd100310d573a97a5345123383daa27cf26c843b8df32228ebd9f3,False
case_045,1,5,weighted_window_10_s0.35,153291,125614,0.8194479780287166,557056,8896512,8339456,8339456,0,0.0,0,0,0,0,8896512,0,16384,3.481606899993494,0.0,,679,679,ok,ee034517357f2ccf4fa1d8429b50e6f5138a86d57bcbcf6fdaed5779c75cd82b,False
case_045,1,5,critical_cut_b0.16_s1.0,73314,125614,1.7133698884251303,557056,4063232,3506176,3506176,0,0.0,0,0,0,0,4063232,0,24576,2.0236345999874175,0.0,,305,305,ok,372dd89ae62077720b39f67798427ab38ad9245000ba203288146d2adba9de97,False
case_045,1,5,critical_cut_b0.06_s0.35,96775,125614,1.2980005166623612,557056,5533696,4976640,4976640,0,0.0,0,0,0,0,5533696,0,20480,2.272095599997556,0.0,,328,328,ok,83a38a6638e0293a9b6acfb72f644eee287279e793632c3dd5401c6fa857677f,False
case_045,1,5,win_w5,110593,125614,1.1358223395694123,557056,5652480,5095424,5095424,0,0.0,0,0,0,0,5652480,0,20480,1.3625769999925978,0.0,,362,362,ok,8b66b928f369dc301518afcf5f74a811c97c5af67b2cc0919d20eb6eedea53b5,False
case_045,1,5,win_w7,91775,125614,1.3687169708526288,557056,4816896,4259840,4259840,0,0.0,0,0,0,0,4816896,0,24576,1.4958042000071146,0.0,,226,226,ok,532889169eb1b0bee4397bbc813f0def2453494a6c6ce871793612f1200bc40e,False
case_045,1,5,stageU4_k5,92932,125614,1.351676494641243,557056,5103616,4546560,4546560,0,0.0,0,0,0,0,5103616,0,20480,1.3527951999858487,0.0,,272,272,ok,0f6ca30cb49bdb65c21afd434f92040a7f6e29dbefcf4caf1405445653939693,False
case_045,1,5,stageC5_k4,104794,125614,1.1986754966887416,557056,5562368,5005312,5005312,0,0.0,0,0,0,0,5562368,0,20480,1.871355199982645,0.0,,317,317,ok,692cbf9cb12e9ab4b871ce71f6c43dc9472531ca01cca34225f92e0e69977a2b,False
case_045,1,5,stageU12_k5,185072,125614,0.6787304400449555,557056,10665984,10108928,10108928,0,0.0,0,0,0,0,10665984,0,16384,3.5979678999865428,0.0,,838,838,ok,25caed693f94666c917e6ae97e6bcee9334c14af19a7b8106d5aef5027124d5a,False
case_045,1,5,component_group3,31245,125614,4.020291246599456,557056,557056,0,0,0,0.0,0,0,0,0,557056,0,32768,0.34193180000875145,0.0,,23,23,ok,07c51b8efcbaa0ace70125281398e877b1b476a2dc44d8300e14c062820ee9ab,False
case_045,1,5,component_group4,31830,125614,3.946402764687402,557056,557056,0,0,0,0.0,0,0,0,0,557056,0,32768,0.4129487999889534,0.0,,17,17,ok,ab18ca3034efd1099fa557ec4a728b446651240231b5cfd04ef1956bf4e9a1fd,False
case_045,1,5,component_group5,28776,125614,4.365234917987212,557056,557056,0,0,0,0.0,0,0,0,0,557056,0,32768,0.5536750999744982,0.0,,14,14,ok,84968bf786b811461541121953d3be855f9f411b1b4e183cd126d175f485019d,False
case_045,1,5,component_group6,35075,125614,3.581297220242338,557056,557056,0,0,0,0.0,0,0,0,0,557056,0,32768,0.3374990999873262,0.0,,12,12,ok,73035c5986e4fdcc51cdecf950a73924faa8aadfe3169401243e41f5877a7c37,False
case_045,1,5,component_group8,30402,125614,4.131767646865338,557056,557056,0,0,0,0.0,0,0,0,0,557056,0,32768,0.41518120002001524,0.0,,9,9,ok,725c03fac84bbb217e7fd932daaa95723e22134ef1cf4ed748e4bad5e4485b98,False
case_045,1,5,membatch_70,35703,125614,3.5183037839957425,557056,557056,0,0,0,0.0,0,0,0,0,557056,0,32768,0.41705559997353703,0.0,,68,68,ok,7e6631338ad4673d66d619889aacd095a09d4d16bdf2bd8cd57ca13029f2ebd5,False
case_045,1,5,whole_graph,125614,125614,1.0,557056,557056,0,0,0,0.0,0,0,0,0,557056,0,32768,0.0005038999952375889,0.0,,1,1,ok,c3bc7b08bb5a6c60aadbec6508150ede658f03b0828fccc8b1dc2d0aec568b65,True
case_046,1,5,component_round_robin,131039,276455,2.10971542823129,1061472,6075136,5013664,3721600,1292064,0.0,0,0,0,0,6075136,524288,0,0.8715528000029735,0.0,,5,5,ok,6d64f86a856be597ad548ad00980a99a405ccf5360f5273b298ee4ba7f18791e,False
case_046,1,5,component_pipe_lpt,140604,276455,1.966195840801115,1061472,7574272,6512800,6512800,0,0.0,0,0,0,0,7574272,90624,0,0.7547516000049654,0.0,,8,8,ok,6d115ec50007b88f7ec3ac91824903d75d94d82916e7c08dc37d80f7306146d2,False
case_046,1,5,share_pack_3,142176,276455,1.9444561670042764,1061472,5082752,4021280,1860800,2160480,0.0,0,0,0,0,5082752,524288,0,1.2887631000194233,0.0,,3,3,ok,7f8a309c81b11f18f45c58533f3315ec7f8cc15fc1fb3c155ef991869cf4d28a,False
case_046,1,5,share_pack_4,124612,276455,2.218526305652746,1061472,5575424,4513952,2791200,1722752,0.0,0,0,0,0,5575424,524288,0,0.9181782999949064,0.0,,4,4,ok,9650fe8b5dfd07848b541e6cf29d8ea19d6ba78883f88a209443c29eb01fc25a,False
case_046,1,5,weighted_window_20_s1.0,173222,276455,1.5959577882716975,1061472,9646848,8585376,8585376,0,0.0,0,0,0,0,9646848,75776,0,1.7320846999937203,0.0,,168,168,ok,df1249304c749def2d6bf44555173679d7383a353b96875f890a63fae8fdb0c2,False
case_046,1,5,weighted_window_15_s0.65,163686,276455,1.6889349119655928,1061472,9138944,8077472,8077472,0,0.0,0,0,0,0,9138944,76288,0,1.5126512999995612,0.0,,128,128,ok,ada2179c03f3cabbbdd1c9393cdd445693fc34838241070101ebbb728634c464,False
case_046,1,5,weighted_window_10_s0.35,160710,276455,1.720210316719557,1061472,8794880,7733408,7733408,0,0.0,0,0,0,0,8794880,76288,0,1.738960099988617,0.0,,88,88,ok,1332facdc02c5a519cfcdb6beb842a709b48d2821d139041bb4f40663c622fa6,False
case_046,1,5,critical_cut_b0.16_s1.0,151073,276455,1.8299431400713562,1061472,8049408,6987936,6987936,0,0.0,0,0,0,0,8049408,76288,0,0.7340632999839727,0.0,,40,40,ok,600dc54587ada68a682047371cc99e6a25e7263abdf10d8ca01be8819ab52670,False
case_046,1,5,critical_cut_b0.06_s0.35,148859,276455,1.8571601313995123,1061472,7942912,6881440,6881440,0,0.0,0,0,0,0,7942912,75264,0,1.2975530999829061,0.0,,40,40,ok,a54542372199e6ae56a3b452d2841202d11052c87ff40228833a21ef1effe8a6,False
case_046,1,5,win_w5,179037,276455,1.5441221646922145,1061472,9908992,8847520,8847520,0,0.0,0,0,0,0,9908992,75264,0,1.7856924000079744,0.0,,200,200,ok,a8eeafde023a8f0094d0828654ac63b043704d7dca6a2edbea4b463fa6f27792,False
case_046,1,5,win_w7,162940,276455,1.6966674849637904,1061472,8917760,7856288,7856288,0,0.0,0,0,0,0,8917760,75264,0,1.2716025999980047,0.0,,144,144,ok,2b43d3cb0d9a785c1a7acfa21ecb608ad1f37d2cc363b8c9f6f83d2e5157bbcb,False
case_046,1,5,win_w14,155469,276455,1.7782001556580411,1061472,8205056,7143584,7143584,0,0.0,0,0,0,0,8205056,76288,0,1.2146961000107694,0.0,,72,72,ok,80790cf1672d9b3b8dd02a44c681405d005cf0dc1a68f0a7c2269dedc2e60df7,False
case_046,1,5,win_w23,153776,276455,1.7977772864426178,1061472,8327936,7266464,7266464,0,0.0,0,0,0,0,8327936,76288,0,1.2021464999997988,0.0,,48,48,ok,8491ddf6409bb2ecdc60b5c2361c1a71e7b3a0531d6d48884b2846e57dfe5364,False
case_046,1,5,stageU4_k5,148010,276455,1.8678129856090804,1061472,7967488,6906016,6906016,0,0.0,0,0,0,0,7967488,78336,0,1.1079869999957737,0.0,,32,32,ok,edfba02e728a52f4be52bd0fb51ee0f2f83242b3720b6c3c52fe624451724d6c,False
case_046,1,5,stageC5_k4,158512,276455,1.744063540930655,1061472,7942912,6881440,6881440,0,0.0,0,0,0,0,7942912,75264,0,1.1262387000024319,0.0,,40,40,ok,9096fdaac6111b2ac0ae8cea013777c9b84b603fcf802cbcc5581db11e9205d9,False
case_046,1,5,stageU12_k5,160337,276455,1.7242121282049683,1061472,8844032,7782560,7782560,0,0.0,0,0,0,0,8844032,75264,0,0.8132510999857914,0.0,,96,96,ok,684696fb9be3116cd1918948f9bc174190c8ac8e3edfb3c0e42a6e64884011c6,False
case_046,1,5,component_group3,142176,276455,1.9444561670042764,1061472,5082752,4021280,1860800,2160480,0.0,0,0,0,0,5082752,524288,0,1.0453850999765564,0.0,,3,3,ok,56ba1a6054c2c2d203a43cefc8c89010e0ad03cf4e9861bef7bb924f3d6347a9,False
case_046,1,5,component_group4,166578,276455,1.6596129140702853,1061472,4583104,3521632,930400,2591232,0.0,0,0,0,0,4583104,524288,0,1.689368099992862,0.0,,2,2,ok,6a42e00c4769c3ef6774314216432e1da11acb23a2ea6e316f5ffd7e5174ee66,False
case_046,1,5,component_group5,192594,276455,1.4354289334039483,1061472,4594752,3533280,930400,2602880,0.0,0,0,0,0,4594752,524288,0,1.4897845999803394,0.0,,2,2,ok,a22188cc1d8cc3af87f0f73e564d1aa945ef92c6a800e5754deff190801098e8,False
case_046,1,5,component_group6,223381,276455,1.237594065744177,1061472,4592288,3530816,930400,2600416,0.0,0,0,0,0,4592288,524288,0,1.4731643999984954,0.0,,2,2,ok,523a2c5b4042a30c0fb210e59e0ae7638c191ac3a0cde26f15a018a42a80de8e,False
case_046,1,5,component_group8,276455,276455,1.0,1061472,4237760,3176288,0,3176288,0.0,0,0,0,0,4237760,524288,0,0.0004889999981969595,0.0,,1,1,ok,18b73c0ef4b6986171e2adacce2b519e512ea90db74f739605d321d2d3a5b094,True
case_046,1,5,membatch_70,140604,276455,1.966195840801115,1061472,7574272,6512800,6512800,0,0.0,0,0,0,0,7574272,90624,0,0.33100519998697564,0.0,,8,8,ok,9ce7421efd6ea8e47065cdf06a7aec7dcd19e7bf7cb3207a52838da14e8f42c3,False
case_047,1,5,component_round_robin,326508,326508,1.0,463942,463942,0,0,0,0.0,0,0,0,0,463942,37120,19878,0.00044559998787008226,0.0,,1,1,ok,c5ecac257d3bd6e1243bd8260cc6ede08d947b3ea59041a781239e2e00078cab,True
case_047,1,5,chain_heft,462225,326508,0.7063832549083239,463942,10677676,10213734,10213734,0,0.0,0,0,0,0,10677676,6144,4096,407.9763163999887,0.0,,10176,10176,ok,41dea020fc0445d662625c567e4068ef0fcae5f9b50626b6e596a5f3f537e59b,False
case_047,1,5,window10_heft,179781,326508,1.8161429739516413,463942,3705486,3241544,3241544,0,0.0,0,0,0,0,3705486,10752,50784,22.404654499987373,0.0,,409,409,ok,8f89493351116b5aa1567afb839b92a47301bafb373a75c50055e0ff6d98770c,False
case_047,1,5,window16_heft,181515,326508,1.798793488141476,463942,2951850,2487908,2487908,0,0.0,0,0,0,0,2951850,11840,56592,14.936797900008969,0.0,,226,226,ok,d2ec2d756529396fa8c5ddc941be10d920f428eecc4faea637513a989acdaff7,False
case_047,1,5,window2_heft,361912,326508,0.902175114392449,463942,8575720,8111778,8111778,0,0.0,0,0,0,0,8575720,6144,4096,205.65870699999505,0.0,,6010,6010,ok,c877538ef61734d152d3c72d5bd997269a9e6c32dc2a1e163f5fc28c2e0ba3ff,False
case_047,1,5,window12_heft,183570,326508,1.7786566432423598,463942,3496132,3032190,3032190,0,0.0,0,0,0,0,3496132,10752,50784,19.65561489999527,0.0,,338,338,ok,a953c1d2d1ee41944777c2178ef746de97469e2fcf394e00fb9338b574dfc436,False
case_047,1,5,window4_heft,210686,326508,1.5497375240879792,463942,5648570,5184628,5184628,0,0.0,0,0,0,0,5648570,6400,7682,65.22701509998296,0.0,,1920,1920,ok,d20fdd75fca14e0232c1409677689f70a1e7b924aaf276c8dcf4855ea5ea387f,False
case_047,1,5,hybrid20_10,205762,326508,1.586823611745609,463942,2535790,2071848,2071848,0,0.0,0,0,0,0,2535790,15424,57440,15.46945340000093,0.0,,170,170,ok,218c11019f383ad2d3db4675c46887a8b5dc87733174218472e24467674d4dc7,False
case_047,1,5,hybrid32_16,265441,326508,1.2300586571027083,463942,1671252,1207310,1207310,0,0.0,0,0,0,0,1671252,21568,57440,14.667126200016355,0.0,,99,99,ok,f0eb2ddf12b2cee9a763fe4a45a364cc901d014d568479c0b4290c7a6fc9c8fb,False
case_047,1,5,window10_lowcomm,183197,326508,1.782278094073593,463942,3705486,3241544,3241544,0,0.0,0,0,0,0,3705486,10752,50784,20.750781699985964,0.0,,409,409,ok,5002ae9e5ea23a319b49158839b82dfd130a7c709f174c296f658a48ede44a47,False
case_047,1,5,window4_peft,202939,326508,1.6088972548401244,463942,5648570,5184628,5184628,0,0.0,0,0,0,0,5648570,6400,7682,68.0375781999901,0.0,,1920,1920,ok,d9f60816dbb173508083945c0d510ba1d10b0f9fadabd46b337f247bd74cfd8c,False
case_047,1,5,window10_peft,180777,326508,1.8061368426293167,463942,3705486,3241544,3241544,0,0.0,0,0,0,0,3705486,10752,50784,20.779617699998198,0.0,,409,409,ok,e0f8b7c80ebc630f132a642e2a91305a27f3bb2d474dab42ebf110c2a87e84b9,False
case_048,1,5,component_round_robin,222220,222220,1.0,414790,414790,0,0,0,0.0,0,0,0,0,414790,36608,17542,7.599999662488699e-05,0.0,,1,1,ok,844ee531edb69eeaf58e4f5cd814fc5e483258803e482e0df34f871faa3aca9d,True
case_048,1,5,chain_heft,168056,222220,1.322297329461608,414790,3735396,3320606,3320606,0,0.0,0,0,0,0,3735396,8192,8192,8.524876299983589,0.0,,1245,1245,ok,38bde1fe3d104b22100e0872074df6f1ce8494ffb0686cae1301065972f0c5bc,False
case_048,1,5,window8_heft,150430,222220,1.4772319351193246,414790,1525280,1110490,1110490,0,0.0,0,0,0,0,1525280,12800,14992,2.716838899999857,0.0,,179,179,ok,e823fdf9ddecf5a154dd76b9728f3d70efffd2fba47ebd0a4baf01b18c207c9b,False
case_048,1,5,window10_heft,149780,222220,1.4836426759246895,414790,1390520,975730,975730,0,0.0,0,0,0,0,1390520,12416,15152,2.5341157999937423,0.0,,147,147,ok,47e55c41c7b9ea3ed376f6bca4037fcb06a55a8f25a391f11a8c3d498ee037d8,False
case_048,1,5,window16_heft,156477,222220,1.4201448136147805,414790,1139492,724702,724702,0,0.0,0,0,0,0,1139492,18496,19600,1.8188432999886572,0.0,,106,106,ok,0c70ea500f3dee1652e2df8666a1029839b97098a14a29a82aa0e786947a8175,False
case_048,1,5,pipe_lane_pack,188664,222220,1.1778611711826315,414790,3735396,3320606,3320606,0,0.0,0,0,0,0,3735396,8192,8192,12.449801100010518,0.0,,1245,1245,ok,f3a27ebc8c107b640df5139ea16479d118c616a9626295e12f1e21e57b5db11d,False
case_048,1,5,window9_heft,149685,222220,1.4845842936834017,414790,1461468,1046678,1046678,0,0.0,0,0,0,0,1461468,12800,15152,2.702445999981137,0.0,,159,159,ok,c7bcebacd4ab62fb8bc3e3e98ad255f1480bfb9ba12b921d8a541282ab1022a9,False
case_048,1,5,window12_heft,152432,222220,1.457830376823764,414790,1295408,880618,880618,0,0.0,0,0,0,0,1295408,12800,15152,2.2907358999946155,0.0,,128,128,ok,ea21bd8f18fca7a799d7221bf63627cab503260f2003f53394c537c148fb1823,False
case_048,1,5,window4_heft,155669,222220,1.427516075776166,414790,2053002,1638212,1638212,0,0.0,0,0,0,0,2053002,12800,10384,4.336648199998308,0.0,,352,352,ok,1e3688e3d600121f20ac5701348fdcfb1c1efcdfe8c9e6e9519d1bd142b297fc,False
case_048,1,5,hybrid20_10,175268,222220,1.2678868932149623,414790,1131804,717014,717014,0,0.0,0,0,0,0,1131804,20544,19760,1.5674600999918766,0.0,,89,89,ok,2b4eda83c964ba3b237406ed0cca8274fa8e94612b997427d3ac4f1d37d02be8,False
case_048,1,5,hybrid32_16,189873,222220,1.170361241461398,414790,795392,380602,380602,0,0.0,0,0,0,0,795392,25600,19632,1.814561599981971,0.0,,68,68,ok,f158e3add9cb6d045063bf5c52b250cfda673f1a32bec7ad1a43192ebe192e7d,False
case_048,1,5,window10_lowcomm,149780,222220,1.4836426759246895,414790,1390520,975730,975730,0,0.0,0,0,0,0,1390520,12416,15152,2.640483499999391,0.0,,147,147,ok,2a399d2566916b2aaf1288fe70ffd77bb7250f7b54630b9316a63820ffe7fd96,False
case_048,1,5,weighted_window_20_s1.0,172898,222220,1.2852664576802508,414790,1046360,631570,631570,0,0.0,0,0,0,0,1046360,17408,15552,1.9300762999919243,0.0,,91,91,ok,cd51abeedfe463d7b53641dad5812bdb966963dba0a87386f3cac8897401204c,False
case_048,1,5,weighted_window_15_s0.65,165235,222220,1.3448724543831512,414790,989960,575170,575170,0,0.0,0,0,0,0,989960,21632,15488,2.154320600006031,0.0,,78,78,ok,298c86b415757107d99a372605742ade21c87c2995e08dfcfab62a28647aed30,False
case_048,1,5,weighted_window_10_s0.35,209506,222220,1.0606856128225444,414790,718096,303306,303306,0,0.0,0,0,0,0,718096,25664,15956,2.0267595000041183,0.0,,60,60,ok,dbe79c4d1b37db92d295d6ce981c36f546026be68207152b3182da5c19c4d982,False
case_048,1,5,critical_cut_b0.16_s1.0,219523,222220,1.0122857286024698,414790,495860,81070,81070,0,0.0,0,0,0,0,495860,33856,17540,2.3692997000180185,0.0,,53,53,ok,e9985171909645b80182c7d83e2cb23deee512e3c66fd26255bc6f33614245f5,False
case_048,1,5,critical_cut_b0.06_s0.35,221018,222220,1.0054384710747541,414790,498544,83754,83754,0,0.0,0,0,0,0,498544,33024,16516,1.992810299998382,0.0,,47,47,ok,d964cda4036ba0631e2fc68549c89a8e4fcd4e7f320d667329f302f248a6dcbe,False
case_048,1,5,win_w5,153547,222220,1.447244166281334,414790,1862624,1447834,1447834,0,0.0,0,0,0,0,1862624,12800,14992,3.5080689000023995,0.0,,277,277,ok,3f2493a8fbc5674795f52cff07b084370397b033c359f7754e8dc12ddc7fe08a,False
case_048,1,5,win_w7,152082,222220,1.4611854131323891,414790,1609478,1194688,1194688,0,0.0,0,0,0,0,1609478,12800,14992,2.47543069999665,0.0,,200,200,ok,ea6c12be8a50d5d2779c557a58d2be27adb325757f2226051d1ea338338994e8,False
case_048,1,5,win_w14,155787,222220,1.4264348116338335,414790,1191046,776256,776256,0,0.0,0,0,0,0,1191046,15360,15152,2.136625199986156,0.0,,113,113,ok,58405a2282c69d994804c52b88c6ce00d6791bb4d2ec68f1612f2feff05ac138,False
case_048,1,5,win_w23,174221,222220,1.2755063970474283,414790,942804,528014,528014,0,0.0,0,0,0,0,942804,20544,19760,1.4562390000210144,0.0,,85,85,ok,a33523f7a883758227a5ae2c1f06e4a42048a00540c14f21366b49808dbd02dc,False
case_048,1,5,stageU4_k5,221637,222220,1.0026304272301105,414790,518730,103940,103940,0,0.0,0,0,0,0,518730,36608,17540,2.3170645000063814,0.0,,42,42,ok,99f03caf0d33e7892d0d605ea8a45311c65273eae9ab46c42e2f1f5eb5690542,False
case_048,1,5,stageC5_k4,222780,222220,0.9974863093634976,414790,498286,83496,83496,0,0.0,0,0,0,0,498286,36608,17540,2.036744600016391,0.0,,45,45,ok,2b690964f39c8d64c397fd41fce8161cd41d158e3a760d9ff256f463418dac7a,False
case_048,1,5,stageU12_k5,177018,222220,1.2553525630161904,414790,872940,458150,458150,0,0.0,0,0,0,0,872940,26688,19760,1.995360000000801,0.0,,72,72,ok,f990e74c937e71add728e186ee53d765d43e167d2f5c6513bfe550085b26d2bb,False
case_049,1,5,component_round_robin,168400,196276,1.1655344418052256,152540,152540,0,0,0,0.0,0,0,0,0,152540,31360,44358,13.47650329998578,0.0,,5,5,ok,d7a092a21855b3284912e4bb19d511ed22b5681fe420218101631d65e65d1e85,False
case_049,1,5,component_lpt,160260,196276,1.224734805940347,152540,152540,0,0,0,0.0,0,0,0,0,152540,31360,44358,12.612674900010461,0.0,,5,5,ok,9c57cb59c89b1354062cf61acc4fb52bd48e695f3c3c221f343b7be46bfa04c8,False
case_049,1,5,component_pipe_balance,160260,196276,1.224734805940347,152540,152540,0,0,0,0.0,0,0,0,0,152540,31360,44358,11.632173499994678,0.0,,5,5,ok,cb0efcce02125c142fd0172c1003796add55dd417951dd874ad389edebae664d,False
case_049,1,5,chain_heft,228280,196276,0.8598037497809707,152540,6597290,6444750,6444750,0,0.0,0,0,0,0,6597290,12288,16512,33.197171399981016,0.0,,2989,2989,ok,f4c513661bb77e99804a6dc443cb8129a93c8583837594e7222d61473879b52b,False
case_049,1,5,window8_heft,113311,196276,1.7321884018321256,152540,2578978,2426438,2426438,0,0.0,0,0,0,0,2578978,13312,124864,4.662184899993008,0.0,,235,235,ok,c49de7c0bf86ec37593d52d0d1026bbe3480277a53d6333af801f377c218d0b4,False
case_049,1,5,window10_heft,90019,196276,2.1803841411257623,152540,2255274,2102734,2102734,0,0.0,0,0,0,0,2255274,12288,124864,4.7128779999911785,0.0,,190,190,ok,409d8951d3b887938d9dba2392c60feae374ab01a7c2491f367c41ed2575fbfe,False
case_049,1,5,window16_heft,111533,196276,1.7598020316856895,152540,1577712,1425172,1425172,0,0.0,0,0,0,0,1577712,18944,123040,4.150378299993463,0.0,,113,113,ok,d5f9b9559ffbb750c7e38e7f38624a695d2e2f4c0a7c4094fc6b03af7e0aaa50,False
case_049,1,5,component_pipe_lpt,160260,196276,1.224734805940347,152540,152540,0,0,0,0.0,0,0,0,0,152540,31360,44358,10.837550900003407,0.0,,11,11,ok,ca3918b057ffddcd70872e094886a23c499abcb92a28627b3aed5eddaebf6127,False
case_049,1,5,component_comm,160260,196276,1.224734805940347,152540,152540,0,0,0,0.0,0,0,0,0,152540,31360,44358,18.42877710002358,0.0,,11,11,ok,a716706b90bf95d3036de447d4cacdc4284b0ba58faae6b112ca81d694500a51,False
case_049,1,5,pipe_lane_pack,231145,196276,0.8491466395552575,152540,6597290,6444750,6444750,0,0.0,0,0,0,0,6597290,12288,16512,58.132016799994744,0.0,,2989,2989,ok,94efe011289ada0779cbe053159cf1c5c4ad7a0ad0f11357bdbf2100f269ab67,False
case_049,1,5,window2_heft,180555,196276,1.087070421755144,152540,5852274,5699734,5699734,0,0.0,0,0,0,0,5852274,13312,16512,29.698724599991692,0.0,,1748,1748,ok,cdeabb211a74940163ac46836cad9ca247aae0479bfc7e1e51da72cc18daa5b6,False
case_049,1,5,window12_heft,107425,196276,1.8270979753316268,152540,2078452,1925912,1925912,0,0.0,0,0,0,0,2078452,13312,124864,5.429085100011434,0.0,,159,159,ok,ebff2ba4023ee09f52515997ff215235f16db233993209c1ee460feffb56157f,False
case_049,1,5,weighted_window_20_s1.0,89640,196276,2.189602855867916,152540,2953330,2800790,2800790,0,0.0,0,0,0,0,2953330,18432,17536,6.095805299992207,0.0,,224,224,ok,01ee8513c659ae9d0d90cfd505fb8b6996bbd45400ce7848853eb04650ea6fef,False
case_049,1,5,weighted_window_15_s0.65,116965,196276,1.678074637712136,152540,2605676,2453136,2453136,0,0.0,0,0,0,0,2605676,20480,115392,5.440465299994685,0.0,,178,178,ok,fb4a06f55231b454cc3a9f84ecc33eec08ed8a42baca1acc54512ec049dd3411,False
case_049,1,5,weighted_window_10_s0.35,104971,196276,1.8698116622686265,152540,1855504,1702964,1702964,0,0.0,0,0,0,0,1855504,18944,110080,3.4084488000080455,0.0,,125,125,ok,f55fa955b5ee4ed5c98097e0341a8f643f4f74cdd5fdaf4e211b416777682291,False
case_049,1,5,critical_cut_b0.16_s1.0,156467,196276,1.2544242555938312,152540,421956,269416,269416,0,0.0,0,0,0,0,421956,21504,32452,3.805307600006927,0.0,,55,55,ok,ad8adf766ff895ffb4f323d200ef1a6f4af30e0ed1567f4dd0379286143eef7b,False
case_049,1,5,critical_cut_b0.06_s0.35,151820,196276,1.2928204452641285,152540,554026,401486,401486,0,0.0,0,0,0,0,554026,21504,32452,2.9769078999815974,0.0,,64,64,ok,25b8d40c1387e3907a73fd068b76aa2af1300fcf6a94af9604cda57b14945f1f,False
case_049,1,5,win_w5,85695,196276,2.2904020071182685,152540,3248562,3096022,3096022,0,0.0,0,0,0,0,3248562,12288,16512,6.960488600016106,0.0,,487,487,ok,4adc85477cd1fc203d6af0028e8268a8cc279f258a9dc36b55d77abc23e71b65,False
case_049,1,5,win_w7,110629,196276,1.7741821764636758,152540,2594794,2442254,2442254,0,0.0,0,0,0,0,2594794,13312,124864,4.807688500004588,0.0,,271,271,ok,6a99545e317912cd1c9bc514ada427a509cd60dfdce7f99d07be07eda312532d,False
case_049,1,5,win_w14,107275,196276,1.8296527615940341,152540,1838402,1685862,1685862,0,0.0,0,0,0,0,1838402,13312,124864,3.423244799982058,0.0,,126,126,ok,67792acc983a6ce273e86799638b0d06bfdc3d2bfe4b756a1d041f8188e25311,False
case_049,1,5,win_w23,133350,196276,1.471886014248219,152540,1165448,1012908,1012908,0,0.0,0,0,0,0,1165448,18944,25218,2.95987019999302,0.0,,78,78,ok,40ddbe0ec7604fbeca1fd18cde2209029ecd4e9c33e985654162e044f6918739,False
case_049,1,5,stageU4_k5,165557,196276,1.185549387824133,152540,677888,525348,525348,0,0.0,0,0,0,0,677888,21536,40388,2.8852944999816827,0.0,,43,43,ok,39f8374e460b0e671a4f150ad99b4ce2a85d8a7ee23a1f399d3b1dea5b4d912f,False
case_049,1,5,stageC5_k4,158776,196276,1.2361817906988462,152540,293374,140834,140834,0,0.0,0,0,0,0,293374,21504,25282,2.3266410999931395,0.0,,59,59,ok,ee7c1bf8e78aa335e644fe7ce032561b190c45c2167355fb276e6ae044470efb,False
case_049,1,5,stageU12_k5,105417,196276,1.8619008319341284,152540,2475184,2322644,2322644,0,0.0,0,0,0,0,2475184,13312,19458,2.6507532999967225,0.0,,147,147,ok,8403483150ce34d2b39f280daa725679986c2b2ef73239a1c667a5e5f1234462,False
case_049,1,5,component_group3,167951,196276,1.168650380170407,152540,152540,0,0,0,0.0,0,0,0,0,152540,31360,44358,6.488242799998261,0.0,,4,4,ok,dd33df762d876424f8be46bf54f5973d65be36790483b47b54b979c005c9f608,False
case_049,1,5,component_group4,170973,196276,1.1479941277277699,152540,152540,0,0,0,0.0,0,0,0,0,152540,31360,44358,6.353794399998151,0.0,,3,3,ok,9a3ea80e506a14b403afe5844033a0073d25915d9dba8c6448bbf26eec41a66b,False
case_049,1,5,component_group5,173984,196276,1.128126724296487,152540,152540,0,0,0,0.0,0,0,0,0,152540,31360,44358,6.152957499987679,0.0,,3,3,ok,40db01768d2dd7f0f62c88a45088e6b797d531d904e7c14ef4b022790449419a,False
case_049,1,5,component_group6,177006,196276,1.1088663661118832,152540,152540,0,0,0,0.0,0,0,0,0,152540,31360,44358,8.37216470000567,0.0,,2,2,ok,c4b61adfd14e410d24fee57ae5b4317bdd3452c0a63320ba59ba91e4325c1a6d,False
case_049,1,5,component_group8,183086,196276,1.0720426466250832,152540,152540,0,0,0,0.0,0,0,0,0,152540,31360,44358,11.648081299994374,0.0,,2,2,ok,493cb1563606c85182787205338aa60b58bad55ef87255c36e3fab4c2b62779d,False
case_049,1,5,pipevec_merge,160260,196276,1.224734805940347,152540,152540,0,0,0,0.0,0,0,0,0,152540,31360,44358,11.716889000002993,0.0,,11,11,ok,45f101e9ced28b305812e9d02f60a4b62c1706884670d76289e9ce3fde65981b,False
case_049,1,5,membatch_70,160260,196276,1.224734805940347,152540,152540,0,0,0,0.0,0,0,0,0,152540,31360,44358,10.775847199984128,0.0,,8,8,ok,864bbcc4b795daa19a85002a744f8e8f88995497b30c2f09fe3564a4167b85d1,False
case_049,1,5,whole_graph,196276,196276,1.0,152540,152540,0,0,0,0.0,0,0,0,0,152540,31360,44358,0.001181300001917407,0.0,,1,1,ok,6924c582b499da6b8b519bdd28c3e79ef61e90ea209a299c803b8df8321e7784,True
case_050,1,5,component_round_robin,115565,149690,1.2952883658547139,319376,333200,13824,13824,0,0.0,0,0,0,0,333200,22656,73736,13.426932900008978,0.0,,5,5,ok,e5d72334340620f08934212c7df4dd1283835b371dfd1f206c2b398d05fe9ad1,False
case_050,1,5,component_lpt,108160,149690,1.3839681952662721,319376,333200,13824,13824,0,0.0,0,0,0,0,333200,22656,57354,11.920210500014946,0.0,,5,5,ok,f16a4f1041bf033bfe5e42e1e3270b8f18bd076256d5e146532456d90e8de726,False
case_050,1,5,component_pipe_balance,108160,149690,1.3839681952662721,319376,333200,13824,13824,0,0.0,0,0,0,0,333200,22656,57354,11.8425922000024,0.0,,5,5,ok,d8acb4dcdc757bc3706be1caa44debbd001b8ecd3338373ad3c9853822943baa,False
case_050,1,5,chain_heft,196692,149690,0.7610375612632949,319376,5698906,5379530,5379530,0,0.0,0,0,0,0,5698906,5120,32768,39.174635000003036,0.0,,3172,3172,ok,ac922257a5112f8b94c91cd19917a8bf611c71ec15e6d46990a9e5054a819c86,False
case_050,1,5,window8_heft,79364,149690,1.8861196512272567,319376,2427650,2108274,2108274,0,0.0,0,0,0,0,2427650,8704,57632,5.673438500001794,0.0,,256,256,ok,69b3b90155fb73cd8e0e4e5cba63c598e76614b7ca187ea81938c8aae4074592,False
case_050,1,5,window10_heft,68461,149690,2.1865003432611267,319376,2338490,2019114,2019114,0,0.0,0,0,0,0,2338490,8064,57632,4.900923100009095,0.0,,220,220,ok,a8626ee8c9ef43bec2244d107aced4522b700f1b036e5cea80e9ab785160ee68,False
case_050,1,5,window16_heft,74892,149690,1.998744859264007,319376,1398216,1078840,1078840,0,0.0,0,0,0,0,1398216,12672,56400,4.032961499993689,0.0,,125,125,ok,19fab72bebc0d6b9d7ca70749e63e7bc13383f9d492ae94babd22260308c2a73,False
case_050,1,5,component_pipe_lpt,108160,149690,1.3839681952662721,319376,357392,38016,38016,0,0.0,0,0,0,0,357392,22656,57354,12.83612219998031,0.0,,23,23,ok,cd93073ecd63b664124d6fc87fe1cc0de933b9f6111b9abd5203d6eb3c707265,False
case_050,1,5,component_comm,108160,149690,1.3839681952662721,319376,357392,38016,38016,0,0.0,0,0,0,0,357392,22656,57354,13.813103000022238,0.0,,23,23,ok,7aaa20372d66054fcd3b948bd2641824fee5a95df2bfa2760de1c75bf9a42b5c,False
case_050,1,5,pipe_lane_pack,232107,149690,0.6449180765767513,319376,5698906,5379530,5379530,0,0.0,0,0,0,0,5698906,5120,32768,41.125860100000864,0.0,,3172,3172,ok,898cb42ce12fec15903d9ae7c4f0d8a928f6d4eb8bfb79a34c8c8cc733fee9bd,False
case_050,1,5,window2_heft,158855,149690,0.9423058764281892,319376,5615494,5296118,5296118,0,0.0,0,0,0,0,5615494,8704,32770,32.27573379999376,0.0,,1878,1878,ok,24533ba9d3dc5501ed478615b99bb84548d8d4d30ae30533074f0d8b28ddc6cc,False
case_050,1,5,window12_heft,74084,149690,2.0205442470708923,319376,1873632,1554256,1554256,0,0.0,0,0,0,0,1873632,8704,57632,5.994825299974764,0.0,,183,183,ok,c41b0ffb884532d9ed56a37486e7b73e543773653755d2a506a45263f7aed41e,False
case_050,1,5,weighted_window_20_s1.0,82030,149690,1.824820187736194,319376,3021104,2701728,2701728,0,0.0,0,0,0,0,3021104,12672,32772,8.716247400006978,0.0,,273,273,ok,fac17b2ee6cb90b6b7f55bed3f062d59982290bb49f6198db204dcee318b9e67,False
case_050,1,5,weighted_window_15_s0.65,94532,149690,1.5834849574747176,319376,2460354,2140978,2140978,0,0.0,0,0,0,0,2460354,13056,46560,7.487844299990684,0.0,,206,206,ok,c08bd30e4c4dc2bd1e7201503674bf235eccae0eddccfc18b011cdcf695ba2d9,False
case_050,1,5,weighted_window_10_s0.35,85380,149690,1.7532208948231436,319376,1968436,1649060,1649060,0,0.0,0,0,0,0,1968436,13056,47568,5.7609124000009615,0.0,,148,148,ok,3c088737911616d259c1e93865e163c5d4f0142463318b5814f7c41854538bfd,False
case_050,1,5,critical_cut_b0.16_s1.0,100710,149690,1.4863469367490816,319376,965568,646192,646192,0,0.0,0,0,0,0,965568,18688,32774,6.117330099979881,0.0,,89,89,ok,0c9e6910f0db071fe1f6d8f310219b6a729ed73ef45535deff315f7724327719,False
case_050,1,5,critical_cut_b0.06_s0.35,95616,149690,1.5655329651941097,319376,1269548,950172,950172,0,0.0,0,0,0,0,1269548,18688,32772,7.273874900012743,0.0,,89,89,ok,c4ed57b514f3acb39d0a012d152262ba5fa709e7041646994122ec723dd1ecc9,False
case_050,1,5,win_w5,88239,149690,1.6964154172191435,319376,3540030,3220654,3220654,0,0.0,0,0,0,0,3540030,5760,32772,12.827843500010204,0.0,,541,541,ok,68a224994a6b09581b98905a978b8d5dfd127f55720ddf1bdfaaa2fb5e2f8782,False
case_050,1,5,win_w7,79141,149690,1.8914342755335414,319376,2372466,2053090,2053090,0,0.0,0,0,0,0,2372466,8704,57632,9.825795099983225,0.0,,297,297,ok,092bcf50bfa806bcb948de72a46ed3eb8b8a01f1526ecb86645cc7d66e9edd89,False
case_050,1,5,win_w14,70513,149690,2.122870959964829,319376,1503298,1183922,1183922,0,0.0,0,0,0,0,1503298,8704,57632,4.7956906000035815,0.0,,144,144,ok,4537cb9eb9d638bd6e97dbd84482125a9e6796e10846395e44c30ce688b52d9d,False
case_050,1,5,win_w23,85135,149690,1.7582662829623539,319376,1144576,825200,825200,0,0.0,0,0,0,0,1144576,13056,49156,6.496712899999693,0.0,,90,90,ok,778e80993222d366e6d9988a4e09eb1556f3133aa4ee18abe29cdc8755855052,False
case_050,1,5,stageU4_k5,104519,149690,1.432179795061185,319376,1019460,700084,700084,0,0.0,0,0,0,0,1019460,18688,49156,8.369839099992532,0.0,,71,71,ok,65405e2f32937bd70e97b790c5c84d0dd9fdb72004167267dac579dd7e7a1075,False
case_050,1,5,stageC5_k4,104744,149690,1.4291033376613458,319376,868538,549162,549162,0,0.0,0,0,0,0,868538,18688,45056,6.175278400012758,0.0,,96,96,ok,188e70a5f0062c7ab340f335dc26413e82dd5185541f42d2a01e4d6177e70d7b,False
case_050,1,5,stageU12_k5,88498,149690,1.6914506542520735,319376,2920304,2600928,2600928,0,0.0,0,0,0,0,2920304,11296,32768,6.759356199996546,0.0,,286,286,ok,3d46357919a3e822c9803677d38ccb26125bd8cc5adc44e03d04d595d016fd8c,False
case_050,1,5,component_group3,110898,149690,1.3497989143176612,319376,333200,13824,13824,0,0.0,0,0,0,0,333200,22656,57354,13.238280199992005,0.0,,8,8,ok,8955e523bb20985aa253b3e7d3512412d0a2ca4f2604e2b7e4c50d8f9dc41d4f,False
case_050,1,5,component_group4,112512,149690,1.3304358646188852,319376,329744,10368,10368,0,0.0,0,0,0,0,329744,22656,73736,12.273303800000576,0.0,,6,6,ok,60f8ad77d5a02322bb5a69df4fa25c5d6bff1204b1a9944b2dd4e060173c4d97,False
case_050,1,5,component_group5,112913,149690,1.3257109455952814,319376,326288,6912,6912,0,0.0,0,0,0,0,326288,22656,73736,7.593374199990649,0.0,,5,5,ok,25043278669a52956feed664d67c6719c502c838a7dc9a0a26351507ec96a85b,False
case_050,1,5,component_group6,113260,149690,1.3216493024898464,319376,326288,6912,6912,0,0.0,0,0,0,0,326288,22656,73736,7.05393069999991,0.0,,4,4,ok,3df85a3d775cfb000eac48b55f0fa956b7ad61ecc8d9486ac5a62351184bb585,False
case_050,1,5,component_group8,114327,149690,1.3093145101332144,319376,322832,3456,3456,0,0.0,0,0,0,0,322832,22656,73736,6.780846099980408,0.0,,3,3,ok,d699d6ff1f3cb39ab2aae204f649fefd1b130724ffe01031057f46393b44df77,False
case_050,1,5,pipevec_merge,108160,149690,1.3839681952662721,319376,357392,38016,38016,0,0.0,0,0,0,0,357392,22656,57354,6.238432699989062,0.0,,23,23,ok,66e254dc02cbaf427c3840a0d88f7a1c9554cb3ce1d114bcd0063ea540c79511,False
case_050,1,5,membatch_70,108160,149690,1.3839681952662721,319376,340112,20736,20736,0,0.0,0,0,0,0,340112,22656,57354,7.341917000012472,0.0,,15,15,ok,5fc0e7057574680293a0e0e1b3be0e425e7de622836bf68d963a0d2a55471636,False
case_050,1,5,whole_graph,149690,149690,1.0,319376,319376,0,0,0,0.0,0,0,0,0,319376,22656,122896,0.002446600003167987,0.0,,1,1,ok,39c3a6c03e1e58d6280eeb531eae63c35f78faf1ee5933f66809198da3687b2f,True
case_051,1,5,component_round_robin,607628,607628,1.0,393218,393218,0,0,0,0.0,0,0,0,0,393218,393216,65544,6.230000872164965e-05,0.0,,1,1,ok,456eecf04e269a172a7af1acb42c946578f7cff24aea1494b816e99b7d7ce0f4,True
case_051,1,5,chain_heft,322093,607628,1.8864986199637992,393218,9439896,9046678,9046678,0,0.0,0,0,0,0,9439896,32768,65536,1.7625410999753512,0.0,,552,552,ok,920e84d0a74f98be867d1fead69aa17a672e16245f0618dee4263bdc58def060,False
case_051,1,5,window8_heft,622555,607628,0.9760230019837605,393218,9437278,9044060,9044060,0,0.0,0,0,0,0,9437278,32768,65544,0.6039495000150055,0.0,,24,24,ok,6f86c6ee5bc50a0848c38d2c0a166093149cb3aaacb70ec94320e513e369a599,False
case_051,1,5,window10_heft,621382,607628,0.9778654676189525,393218,11403582,11010364,11010364,0,0.0,0,0,0,0,11403582,393216,98306,1.5741811000043526,0.0,,20,20,ok,e06c8c0a906d7ed0d39d34f07962b19a723f3078064bb14a81713fc9dba6cf5f,False
case_051,1,5,window16_heft,614767,607628,0.9883874703749551,393218,4718638,4325420,4325420,0,0.0,0,0,0,0,4718638,393216,65544,0.9716434000001755,0.0,,12,12,ok,d8092a32384d9888beec27a81ee745b2fac8872d3b76a9b24be51c05daedc257,False
case_051,1,5,scene_a_peft,304056,607628,1.9984081879653748,393218,9438230,9045012,9045012,0,0.0,0,0,0,0,9438230,32768,65540,1.4756796000001486,0.0,,216,216,ok,9f0256c42707304c3d93fe9c8d9655444da7316fb992d01e7e879a970d27fd4d,False
case_051,1,5,pipe_lane_pack,320414,607628,1.8963840531312615,393218,9439896,9046678,9046678,0,0.0,0,0,0,0,9439896,32768,65536,3.9537406000017654,0.0,,552,552,ok,a5e507e3fb78c8a681e887d6a717d18f789282a7bf283ce8292d69751edadf84,False
case_051,1,5,scene_a_spine,294616,607628,2.0624406006462648,393218,9438230,9045012,9045012,0,0.0,0,0,0,0,9438230,32768,65540,2.1911728999984916,0.0,,216,216,ok,2ba8d79e2b3b3c92a438f736eaa509cd41cbfef63a166b152e5f514efaebb391,False
case_051,1,5,window5_heft,530753,607628,1.1448413857293318,393218,20447750,20054532,20054532,0,0.0,0,0,0,0,20447750,65536,65542,1.6018631999904756,0.0,,79,79,ok,5f4b0216a02e1b4733d6a1712ca5873032b6abfd27a8309d6e38d7ee3062ad79,False
case_051,1,5,window12_heft,616307,607628,0.9859177325586113,393218,6291870,5898652,5898652,0,0.0,0,0,0,0,6291870,393216,65544,1.2685446999967098,0.0,,16,16,ok,9d85137bfa12e2ea988ecb1cb6cf52d98a8c7acd283372ceac85f1cb26ebe424,False
case_051,1,5,window4_heft,317741,607628,1.9123374068817056,393218,9438936,9045718,9045718,0,0.0,0,0,0,0,9438936,32768,65536,2.567275899986271,0.0,,312,312,ok,65204e0602144d9a1bfee9c2d912fdb57089fa92cf6966ebf05a6b18275051c5,False
case_051,1,5,hybrid20_10,612809,607628,0.9915454897039697,393218,3932418,3539200,3539200,0,0.0,0,0,0,0,3932418,393216,65544,0.6946019000024535,0.0,,10,10,ok,dd088d12a45d70f24262821b332058a0e38d3e83977afab1f971bb8b8ee016d2,False
case_051,1,5,bundle_pack,253856,607628,2.3935932182024455,393218,9438614,9045396,9045396,0,0.0,0,0,0,0,9438614,32768,65538,1.7689734000014141,0.0,,144,144,ok,3dee0e755cde3899dbf5f223c895d39c3191fcd424f3a06e3164d9aaee6afce3,False
case_051,1,5,weighted_window_20_s1.0,629830,607628,0.964749218042964,393218,17301554,16908336,16908336,0,0.0,0,0,0,0,17301554,393216,98306,1.1887645999959204,0.0,,21,21,ok,d8eb9ff630f7c471103cf142df55ef708572ba0219e1c8987a6e5b75d646c7fb,False
case_051,1,5,weighted_window_15_s0.65,622825,607628,0.975599887608879,393218,12976150,12582932,12582932,0,0.0,0,0,0,0,12976150,393216,98306,0.8732761999999639,0.0,,15,15,ok,1f8a5f82a35fb7a39365914afb3d62c707a7fb681630bba4debdfd07b1d6386e,False
case_051,1,5,weighted_window_10_s0.35,617634,607628,0.9837994669982546,393218,8650778,8257560,8257560,0,0.0,0,0,0,0,8650778,393216,98306,1.195429499988677,0.0,,11,11,ok,cbb1f435c1e0caef492e13d2e42e22df5cea3aba4acc2521327e033ec37a4c4f,False
case_051,1,5,critical_cut_b0.16_s1.0,610176,607628,0.9958241556534508,393218,1966114,1572896,1572896,0,0.0,0,0,0,0,1966114,393216,65544,0.9424951999972109,0.0,,5,5,ok,546f9e334c3cc7ca0331c58f15b8e737cd9a6c3848baba72bdb22f21a4beda1b,False
case_051,1,5,win_w7,611962,607628,0.9929178609129325,393218,16515412,16122194,16122194,0,0.0,0,0,0,0,16515412,65536,65542,1.5123395000118762,0.0,,32,32,ok,d68101e7196ee6aa7a231f98dcb771fa45831f8681d1d97d9d19e36a8c499a03,False
case_051,1,5,win_w14,617208,607628,0.9844784902334384,393218,7864526,7471308,7471308,0,0.0,0,0,0,0,7864526,393216,98306,1.674319599987939,0.0,,14,14,ok,5daaf054fc3baa608b842765de113bb8dc7e2eae645e5e85298841c48be5edbe,False
case_051,1,5,win_w23,614629,607628,0.9886093887532154,393218,5898338,5505120,5505120,0,0.0,0,0,0,0,5898338,393216,98306,0.6639585999946576,0.0,,9,9,ok,6eafd9503e46f00a8fc11d8ba479243bc37d8d8be3501783d0963d1915b31144,False
case_051,1,5,stageU4_k5,609575,607628,0.9968059713734979,393218,1572878,1179660,1179660,0,0.0,0,0,0,0,1572878,393216,65544,0.9847793999942951,0.0,,4,4,ok,6721dddeb8bfa459fda2ef414757af00c9fd45a51727cccc0079afbf6e9cc89c,False
case_051,1,5,stageC5_k4,610176,607628,0.9958241556534508,393218,1966114,1572896,1572896,0,0.0,0,0,0,0,1966114,393216,65544,0.9327844999788795,0.0,,5,5,ok,56dbb099e0e41d255e65639c6540a4ce36af49ea3068eba14ab860e26f7c312f,False
case_052,1,5,component_round_robin,42528,180301,4.239583333333333,810204,1148124,337920,337920,0,0.0,0,0,0,0,1148124,101376,53260,1.0052421000145841,0.0,,5,5,ok,fe7eb1a54924d373b65cd9755de55ce808bb187ad500bd5ff30b0f76f5e0fb36,False
case_052,1,5,component_lpt,37846,180301,4.76407017914707,810204,1143516,333312,333312,0,0.0,0,0,0,0,1143516,101376,55312,0.8422701000235975,0.0,,5,5,ok,24d23e67b46bfba2b84b5787681413347f54c97fec4e25b626ef633e8be26360,False
case_052,1,5,component_pipe_balance,51643,180301,3.491296013012412,810204,1143516,333312,333312,0,0.0,0,0,0,0,1143516,96768,86032,1.2742155000159983,0.0,,5,5,ok,a1dff05b4445a453d0d38a3dfa179c46899b2e652b70cdcc741e1b5dcaf805e3,False
case_052,1,5,component_batches,52218,180301,3.452851507143131,810204,1143516,333312,333312,0,0.0,0,0,0,0,1143516,96768,49164,0.7337497000116855,0.0,,6,6,ok,518769879ec8dfd26f71a4a87923f908cfebef3c9e38a52e40a28c0ed4a37761,False
case_052,1,5,component_batches_128,52643,180301,3.4249757802556844,810204,1184988,374784,374784,0,0.0,0,0,0,0,1184988,96768,49160,0.8584407999878749,0.0,,10,10,ok,bd38db0468b779a0334454534970a2ee47551b1037ca1e2655b98dacc9f4d411,False
case_052,1,5,component_pipe_lpt,46150,180301,3.9068472372697727,810204,1664220,854016,854016,0,0.0,0,0,0,0,1664220,27648,28680,0.8122824999736622,0.0,,52,52,ok,f60bca55eee2950729046f311a95095a72fc5707544f3645ac024a782f7ff287,False
case_052,1,5,component_comm,51246,180301,3.518342895055224,810204,1664220,854016,854016,0,0.0,0,0,0,0,1664220,27648,28680,0.6721926000027452,0.0,,52,52,ok,5fc5a4274ccf7d9025e74989bdfd557b09c2b9239386d72487d04196ca87e78f,False
case_052,1,5,scene_a_peft,44991,180301,4.007490386966282,810204,1696476,886272,886272,0,0.0,0,0,0,0,1696476,27648,28680,0.7660562999953981,0.0,,54,54,ok,fec3a74ee563e7a7357a45902e83b11786145da6f224aecc75f57f7565d39820,False
case_052,1,5,scene_a_spine,44332,180301,4.067062167283226,810204,1696476,886272,886272,0,0.0,0,0,0,0,1696476,27648,28680,0.5262298000161536,0.0,,54,54,ok,8a605a043dce323eb1bc2cfd1e2856aaa1bd413eaa133650232a7aa2804d50be,False
case_052,1,5,weighted_window_20_s1.0,107943,180301,1.6703352695404057,810204,5333876,4523672,4523672,0,0.0,0,0,0,0,5333876,23040,16384,2.5626296999980696,0.0,,419,419,ok,b77fb9c6dcca121003ecc30ba850e30739c61d980af803c5b2e29e6796e45cb0,False
case_052,1,5,weighted_window_15_s0.65,89799,180301,2.0078285949732178,810204,4111672,3301468,3301468,0,0.0,0,0,0,0,4111672,23040,20486,1.5666008999978658,0.0,,298,298,ok,6845dac033ffeb16e6c006c1f34589bce8636eefcd8bb652dbba7c005ee46a9d,False
case_052,1,5,weighted_window_10_s0.35,75684,180301,2.382286877014957,810204,3673620,2863416,2863416,0,0.0,0,0,0,0,3673620,27648,20486,1.492539200000465,0.0,,236,236,ok,bce3490ba93cf41e3cf9fa66b6ef1b3725dc90bc93b8089a77302fd085bfa534,False
case_052,1,5,critical_cut_b0.16_s1.0,55151,180301,3.269224492756251,810204,2428452,1618248,1618248,0,0.0,0,0,0,0,2428452,32256,16390,1.1054672000173014,0.0,,136,136,ok,e72c414c8fe78a44257688970600a888b3806c01597446dac970e78eac19ccb7,False
case_052,1,5,critical_cut_b0.06_s0.35,57872,180301,3.1155135471385127,810204,2616572,1806368,1806368,0,0.0,0,0,0,0,2616572,27648,28680,1.1338971000222955,0.0,,158,158,ok,bdc045f29f3516de2c222e150c1187288ec3765f69a93e3a59486560269ed73d,False
case_052,1,5,win_w5,55757,180301,3.233692630521728,810204,2635708,1825504,1825504,0,0.0,0,0,0,0,2635708,27648,20484,1.443069699977059,0.0,,191,191,ok,2b1482c0fc0efb2fb8b8d7b41bcb706805de3190d937e99c35d1b618ba585fb9,False
case_052,1,5,win_w7,48141,180301,3.7452691053364076,810204,1992552,1182348,1182348,0,0.0,0,0,0,0,1992552,27648,20486,1.096121900016442,0.0,,115,115,ok,7893677b73a3437994870ebaf50477e00738782d6ccac22b59ba39bbb85dc3d3,False
case_052,1,5,stageU4_k5,81195,180301,2.2205924010099145,810204,3881884,3071680,3071680,0,0.0,0,0,0,0,3881884,23040,16388,1.45032689999789,0.0,,331,331,ok,e1a6d3b70f27207c989573775c9a2089f88baf2a2626fa15f5cb68538d6c1a22,False
case_052,1,5,stageC5_k4,95215,180301,1.8936197027779236,810204,3962212,3152008,3152008,0,0.0,0,0,0,0,3962212,23040,16388,2.2162324999808334,0.0,,345,345,ok,811e967294832bd048a8bbfbe970d4b3f941c121c8724698e8bfd34f47f32a15,False
case_052,1,5,stageU12_k5,105493,180301,1.7091276198420748,810204,4791016,3980812,3980812,0,0.0,0,0,0,0,4791016,23040,16388,2.5426444999757223,0.0,,512,512,ok,d441c0db4afa9f4eba2044f5acef6ccb13007fa8b4ecd5a16b1ce62c348a9a13,False
case_052,1,5,component_group3,40700,180301,4.43,810204,1102044,291840,291840,0,0.0,0,0,0,0,1102044,59904,65548,0.6014507999934722,0.0,,18,18,ok,2fbfe71f005710797aa5dddc749be8da4020c517f36281ea2099286fa9f30d17,False
case_052,1,5,component_group4,39337,180301,4.583496453720416,810204,1003740,193536,193536,0,0.0,0,0,0,0,1003740,75264,65548,0.673281199997291,0.0,,13,13,ok,8540be8551c6d6195c4b8179a40743b0dc27e24cc6781d0675affc02601dbedc,False
case_052,1,5,component_group5,39882,180301,4.520861541547565,810204,994524,184320,184320,0,0.0,0,0,0,0,994524,69120,73748,0.7688683000160381,0.0,,11,11,ok,10a7c2a2ae57b1d91b29620110323a24c0b3ba9a9aeec6429b8667738c42a2b9,False
case_052,1,5,component_group6,38742,180301,4.65388983532084,810204,925404,115200,115200,0,0.0,0,0,0,0,925404,75264,94232,0.531964900001185,0.0,,9,9,ok,1e49a8532c8f00641868c5edd1b38dc366ec26b69ab24f89df93b13e9af2617e,False
case_052,1,5,component_group8,50177,180301,3.5932997189947584,810204,930012,119808,119808,0,0.0,0,0,0,0,930012,101376,98332,1.0463357999979053,0.0,,7,7,ok,60166b0c4eb0318209ad3342a9cdd6bc9c89944c3f4a86b1efcaf6779c047af3,False
case_052,1,5,pipevec_merge,42249,180301,4.267580297758527,810204,1664220,854016,854016,0,0.0,0,0,0,0,1664220,27648,28680,0.512898100016173,0.0,,52,52,ok,e4013a4c444dd5a0059ab5c47e377b2848091f7a4eeffd512cc75637c8a9a2bb,False
case_052,1,5,membatch_70,54452,180301,3.3111915081172407,810204,1300188,489984,489984,0,0.0,0,0,0,0,1300188,87552,28680,0.8801243999914732,0.0,,17,17,ok,b9c8782251c3c46e2429ec474c0501ceceb04ae1b5945e8577f703d10415e768,False
case_052,1,5,whole_graph,180301,180301,1.0,810204,810204,0,0,0,0.0,0,0,0,0,810204,130560,98332,0.0006884000031277537,0.0,,1,1,ok,426a7b90be44399201132581af62e08a56ef410df72f38d731093e15e1dd5f3a,True
case_053,1,5,component_round_robin,658789,1472686,2.235444125509078,2995288,10472120,7476832,4139008,3337824,0.0,0,0,0,0,10472120,519008,54342,104.68412419999368,0.0,,5,5,ok,4f6443c6d505f83c7122f75a874b4be1b3c7da46c30e08c3bcc2502ee8114994,False
case_053,1,5,component_pipe_balance,492699,1472686,2.9890176355137723,2995288,9914200,6918912,3104256,3814656,0.0,0,0,0,0,9914200,519008,54342,103.65229289999115,0.0,,5,5,ok,a69a2ec21ac5fd5717a3855aef06f11901a09aee627ea24b5585141b535fcbc7,False
case_053,1,5,chain_heft,911433,1472686,1.6157918354942162,2995288,37397970,34402682,34402682,0,0.0,0,0,0,0,37397970,75264,18432,252.23046389999217,0.0,,8121,8121,ok,61b7cd3251ffff9fbf218ddb3e218e0e506c5238532c3944987133389c45c31c,False
case_053,1,5,window10_heft,543035,1472686,2.71195410977193,2995288,21504254,18508966,18508966,0,0.0,0,0,0,0,21504254,75264,130576,20.543472599994857,0.0,,456,456,ok,e4e2c539776a6b10b3a78802931a732dd1328ae28954cc105277586597ccc40b,False
case_053,1,5,window16_heft,523320,1472686,2.814121378888634,2995288,19151074,16155786,16148874,6912,0.0,0,0,0,0,19151074,75264,131072,16.18784910000977,0.0,,236,236,ok,d4750980b50b1ee60aa4c0fb966c25ee1fd4dd6acd3da81f299b0a836f6993a4,False
case_053,1,5,component_pipe_lpt,492699,1472686,2.9890176355137723,2995288,14266968,11271680,11271680,0,0.0,0,0,0,0,14266968,135360,54342,111.32822680001846,0.0,,39,39,ok,7eb68b1a941404d33b552600c7da088ee27f30d226866082e0ef50432800cb5f,False
case_053,1,5,component_comm,746074,1472686,1.9739141157579543,2995288,14266968,11271680,11271680,0,0.0,0,0,0,0,14266968,135360,54342,89.65414929998224,0.0,,39,39,ok,522d6906d3ffeaf9c9f38ae12175b97c47cd556ae65e26757ef0492ce74de5a2,False
case_053,1,5,scene_a_peft,737057,1472686,1.9980625650390675,2995288,14405208,11409920,11409920,0,0.0,0,0,0,0,14405208,135360,54342,92.12868449999951,0.0,,51,51,ok,23de764caff04eaa93509c85eee8e9c843fd76cdafebf3a44635aa67510f83a9,False
case_053,1,5,scene_a_spine,492699,1472686,2.9890176355137723,2995288,14405208,11409920,11409920,0,0.0,0,0,0,0,14405208,135360,54342,103.5730118000065,0.0,,51,51,ok,f9d21937e6df26cd2c2874458cfd52e8f9e840bfe070eda4652cd59cb2f9b2e2,False
case_053,1,5,window2_heft,781369,1472686,1.884750994728483,2995288,34389812,31394524,31394524,0,0.0,0,0,0,0,34389812,75264,18432,151.7726590000093,0.0,,4962,4962,ok,18736fda1aeaa0591d4664143aac48747be8c3f67b0306dab6b5e15cd9ed8387,False
case_053,1,5,window12_heft,555555,1472686,2.650837450837451,2995288,20788914,17793626,17793626,0,0.0,0,0,0,0,20788914,75264,130576,20.27982900000643,0.0,,413,413,ok,a489877a589c7e20b7cbe687ed5c7320de8ea9623e100c68d92e9308a4166bcb,False
case_053,1,5,window4_heft,606991,1472686,2.426207307851352,2995288,26960844,23965556,23965556,0,0.0,0,0,0,0,26960844,75264,37008,46.89273079999839,0.0,,1679,1679,ok,c3ff1d2bd951d1f2159a50a4e68d7c571bf6a0f1075b5408bce6655ea5cfa624,False
case_053,1,5,weighted_window_20_s1.0,693549,1472686,2.1234058444320443,2995288,19417586,16422298,16422298,0,0.0,0,0,0,0,19417586,102048,44690,20.747830299980706,0.0,,371,371,ok,49c5fe691aeb5f7a5476d324b0b5a88f771d8d8c9cac4be50954f243d7698788,False
case_053,1,5,weighted_window_15_s0.65,696659,1472686,2.1139266125895166,2995288,18392726,15397438,15397438,0,0.0,0,0,0,0,18392726,130608,44692,20.195991199987475,0.0,,313,313,ok,ef42c23bef61cd800a5b5260cffd609cff7b57d169fa24e91d57a89c53013a50,False
case_053,1,5,weighted_window_10_s0.35,616087,1472686,2.3903864226967944,2995288,17047876,14052588,14052588,0,0.0,0,0,0,0,17047876,130752,44692,28.725109299994074,0.0,,198,198,ok,678a04f22fd25c9b863a2393986fd9391e12a65a48ca42ac21dcd506187a59cf,False
case_053,1,5,critical_cut_b0.16_s1.0,490529,1472686,3.002240438383867,2995288,15096496,12101208,12101208,0,0.0,0,0,0,0,15096496,182688,54340,55.19043439999223,0.0,,102,102,ok,c0265dce6758c429c09a0d787d899340de8a2f6bd8ea84bb3da42fbc0673ee33,False
case_053,1,5,critical_cut_b0.06_s0.35,495079,1472686,2.9746484904429393,2995288,15482450,12487162,12487162,0,0.0,0,0,0,0,15482450,182688,50452,42.11111249998794,0.0,,124,124,ok,6fc6bb9f26ee4f6300c27a8f8740ce26b854cef8f96ff048ef69b976235355bf,False
case_053,1,5,win_w5,588868,1472686,2.5008762574974357,2995288,24868404,21873116,21873116,0,0.0,0,0,0,0,24868404,75264,130576,29.064120700000785,0.0,,1164,1164,ok,5ce52d36606aa55d37384329e2455ae81f158aa29858a509a76600089c87d9a5,False
case_053,1,5,win_w7,547758,1472686,2.688570500111363,2995288,21975658,18980370,18980370,0,0.0,0,0,0,0,21975658,75264,130576,15.163488899997901,0.0,,683,683,ok,daf556c3a58f52cfa50e4524ecfc8045d380c91640465bd1766c1339a657dc6a,False
case_053,1,5,win_w14,505075,1472686,2.9157768648220563,2995288,19579478,16584190,16542718,41472,0.0,0,0,0,0,19579478,94208,131072,8.74042489999556,0.0,,303,303,ok,acfe6cad19411a1f74a89659dd51f97997a2aea65f206d8df95e2b194da81a43,False
case_053,1,5,win_w23,525460,1472686,2.802660526015301,2995288,19344030,16348742,16187462,161280,0.0,0,0,0,0,19344030,76288,130624,12.505785699991975,0.0,,171,171,ok,3bd1467c4dd4e94f424d1506e93a6719b2e372f1f5cbfd944a4c37e61237142e,False
case_053,1,5,component_group3,503456,1472686,2.925153340113138,2995288,9932632,6937344,3122688,3814656,0.0,0,0,0,0,9932632,519008,54342,84.70053509998252,0.0,,13,13,ok,ae2d02c5190d9cc6a460c1fb3e0b207dc746a373b4e7b228d129ceb840ce6c26,False
case_053,1,5,component_group4,503456,1472686,2.925153340113138,2995288,9908056,6912768,3098112,3814656,0.0,0,0,0,0,9908056,519008,54342,58.64791570001398,0.0,,10,10,ok,af46c52e55985df9ea6aad1b3d4f5f517d1548e934f7af45dbac5759d0ff5706,False
case_053,1,5,component_group5,508832,1472686,2.8942480032702345,2995288,9405432,6410144,2118656,4291488,0.0,0,0,0,0,9405432,519008,54342,39.493776299990714,0.0,,8,8,ok,97d1ea2ec26677e864b8287ea6601449772e8882ba565a20497df73d14a91874,False
case_053,1,5,component_group6,503456,1472686,2.925153340113138,2995288,9380856,6385568,2094080,4291488,0.0,0,0,0,0,9380856,519008,54342,33.82570859999396,0.0,,7,7,ok,490ec1c1ec97c8281d65fb2b044ff7af95a144de46d31b9411ababc0e21b0691,False
case_053,1,5,component_group8,580872,1472686,2.535302097536118,2995288,9391064,6395776,2014208,4381568,0.0,0,0,0,0,9391064,520704,54342,37.54520150000462,0.0,,5,5,ok,f50e7abb7a754fa3ce4a2f641122227538deb18c09340c6c4425a28baa9b393a,False
case_053,1,5,pipevec_merge,492699,1472686,2.9890176355137723,2995288,14266968,11271680,11271680,0,0.0,0,0,0,0,14266968,135360,54342,59.141287300008116,0.0,,39,39,ok,8ed2f05ff570ab7798a6123a1a60746c3744e384dc8c7b50dc4da9fc744d4a67,False
case_053,1,5,whole_graph,1472686,1472686,1.0,2995288,8400824,5405536,0,5405536,0.0,0,0,0,0,8400824,523264,54342,0.010430700000142679,0.0,,1,1,ok,58d213ef7216ecf658035620bb81dc37a8fdbb05337c292e5cd60dbdba829fc5,True
case_054,1,5,component_round_robin,580410,815051,1.4042676728519494,1606276,1802884,196608,196608,0,0.0,0,0,0,0,1802884,119936,43510,247.93331480000052,0.0,,5,5,ok,18c3c54bd2f72aed8ad32a9f82227fad39c7e30a3a2b2adced60ed97b1393382,False
case_054,1,5,component_pipe_balance,518133,815051,1.5730536368075378,1606276,1802884,196608,196608,0,0.0,0,0,0,0,1802884,98304,43510,258.54155490000267,0.0,,5,5,ok,3a380b77761ce50153df7fd3c9dc24354ff3a3d515057ea79e2bc8cc41890e01,False
case_054,1,5,chain_heft,767956,815051,1.0613251280021252,1606276,24908172,23301896,23301896,0,0.0,0,0,0,0,24908172,24576,6144,500.65901259999373,0.0,,11705,11705,ok,cf43f8ee15385ef9793b825da433f133d372df6892ea36e0b1aec59d5cc7415e,False
case_054,1,5,window10_heft,247830,815051,3.288750353064601,1606276,9235080,7628804,7628804,0,0.0,0,0,0,0,9235080,81920,12352,31.614644099987345,0.0,,631,631,ok,8bb6ddb72bcf9727e17d13e6ffdc0c78f3e740e2288d55ea8328cb5894e0010b,False
case_054,1,5,window16_heft,319320,815051,2.5524583489916073,1606276,8055310,6449034,6003082,445952,0.0,0,0,0,0,8055310,81920,131072,21.970966799999587,0.0,,253,253,ok,5f0c87aa749ad286362e446de3c85c39d5813a7c485ddb689f2dfe97acd28db0,False
case_054,1,5,component_pipe_lpt,518133,815051,1.5730536368075378,1606276,2736772,1130496,1130496,0,0.0,0,0,0,0,2736772,87168,43510,263.96515689999796,0.0,,24,24,ok,6d2331f168968e157b4387716baeb35c10f87e7a25919124da6b37984eac7918,False
case_054,1,5,component_comm,518133,815051,1.5730536368075378,1606276,2736772,1130496,1130496,0,0.0,0,0,0,0,2736772,87168,43510,175.20628519999445,0.0,,24,24,ok,ff54e4936381b7cd308a83793a44354fd35123d43290ad3fd914801a69649a29,False
case_054,1,5,window2_heft,496722,815051,1.6408594747162397,1606276,19045458,17439182,17439182,0,0.0,0,0,0,0,19045458,40960,6144,112.77660660000402,0.0,,6073,6073,ok,30fe6284931b6367ef381aa6ca3d923b9a3b11cbbb27fb45cf8eb98663e35aa4,False
case_054,1,5,window12_heft,316011,815051,2.5791855346807546,1606276,8803308,7197032,6862184,334848,0.0,0,0,0,0,8803308,81920,131072,10.936432899994543,0.0,,373,373,ok,edeeb31651718a73bbdf2af83e6d032e45ed94eaa219072f2ba7104a88af5723,False
case_054,1,5,window4_heft,351525,815051,2.3186146077803853,1606276,12460310,10854034,10854034,0,0.0,0,0,0,0,12460310,49152,15106,58.868753100017784,0.0,,1944,1944,ok,e3059f4e7503fb964876f2f7f85d35f462fcac7a3132f7874646cbef4ef87ab9,False
case_054,1,5,hybrid20_10,269371,815051,3.0257562989334414,1606276,7129876,5523600,5188752,334848,0.0,0,0,0,0,7129876,81920,131072,10.609546300023794,0.0,,218,218,ok,41ad01ad133eecbb83bb65492b118ff41b3e3773275ab32ee8b31468457b80c1,False
case_054,1,5,hybrid32_16,358074,815051,2.27620826979898,1606276,5722390,4116114,3786386,329728,0.0,0,0,0,0,5722390,81920,131072,11.393749299983028,0.0,,118,118,ok,84e789d459d660d4ff31458d0e385ee4007607d35c850bc3080a67b3a268e432,False
case_054,1,5,component_group3,543356,815051,1.500031287038332,1606276,1950340,344064,344064,0,0.0,0,0,0,0,1950340,119936,43510,86.37948619999224,0.0,,8,8,ok,a3af5b7f1477a46d08f36cd9b5cc8877a67d4409be0d93cb407301c435b91477,False
case_054,1,5,component_group4,555716,815051,1.4666682262162687,1606276,1852036,245760,245760,0,0.0,0,0,0,0,1852036,119936,43510,63.325423199974466,0.0,,6,6,ok,9e58138754c4c6387ac88194cffaf46915ed76c2263253882f6719a4290f7518,False
case_054,1,5,component_group5,568076,815051,1.4347569691379323,1606276,1802884,196608,196608,0,0.0,0,0,0,0,1802884,119936,43510,63.72017960000085,0.0,,5,5,ok,e14cd79c4dbf9fdf21414cb9d9d833412790c473d3b3840c4bff213db5b88a14,False
case_054,1,5,component_group6,592665,815051,1.3752305265200409,1606276,1753732,147456,147456,0,0.0,0,0,0,0,1753732,119936,43510,64.28682060001302,0.0,,4,4,ok,7513dbd9826c42ab8d23e3c47883a7a0bc6002352616fdf35e1bd3cbdd9ebf21,False
case_054,1,5,component_group8,617356,815051,1.320228522926804,1606276,1704580,98304,98304,0,0.0,0,0,0,0,1704580,119936,43510,66.41264009999577,0.0,,3,3,ok,32ba9b3ca3f38bb41dc985035e3d92a7ace9b7dd76a07f6e1dd086147f361b2c,False
case_054,1,5,whole_graph,815051,815051,1.0,1606276,1606276,0,0,0,0.0,0,0,0,0,1606276,119936,43510,0.004949699999997392,0.0,,1,1,ok,4562b9c950edd31f7785b99c3bea7e96364ff4bfafb5b89412e4e5e9433daeae,True
case_055,1,5,component_round_robin,35742,118835,3.324799955234738,625810,857234,231424,231424,0,0.0,0,0,0,0,857234,40960,65544,1.8497479000070598,0.0,,5,5,ok,898a4751129a138f99affa1390dc2cb92beb23f1d6e1e234de1546e20ca5215b,False
case_055,1,5,component_lpt,25570,118835,4.647438404380133,625810,799378,173568,173568,0,0.0,0,0,0,0,799378,47616,86028,1.86250009998912,0.0,,5,5,ok,3bbe24fe9dc3880df74a9baaae32a1bfa50b6a5e436768f744f8a5d1fd68ef98,False
case_055,1,5,component_pipe_balance,26781,118835,4.437287629289422,625810,824466,198656,198656,0,0.0,0,0,0,0,824466,40960,65544,1.591740400006529,0.0,,5,5,ok,fa9e330fd7312a4ac98b803771903227881e590eaaf838410004217e3d0c36f7,False
case_055,1,5,component_batches,27075,118835,4.3891043397968605,625810,824466,198656,198656,0,0.0,0,0,0,0,824466,40960,65544,1.9682001000037417,0.0,,7,7,ok,2e8b75ec0be2a22b9d3a4aa91b0ecd0cdb3f7c9832c1fc71edfb4646fe5ae1fd,False
case_055,1,5,component_batches_128,28034,118835,4.238959834486694,625810,824466,198656,198656,0,0.0,0,0,0,0,824466,40960,36868,1.2462773000006564,0.0,,13,13,ok,7d57eb578fadd5a0209f69448a32c69c4d71abeb6c3620fc25fbe6db5547a592,False
case_055,1,5,component_pipe_lpt,31188,118835,3.8102795947159165,625810,873618,247808,247808,0,0.0,0,0,0,0,873618,40960,36868,1.2828026000061072,0.0,,24,24,ok,652322bbff78464810d1c74aa59b3da642f298d971d371d663e9db33643d38e8,False
case_055,1,5,component_comm,33676,118835,3.5287742012115455,625810,873618,247808,247808,0,0.0,0,0,0,0,873618,40960,36868,1.2071231000008993,0.0,,24,24,ok,1b2b629945d827156a3dd039b375377b31bc53f1a3d5a3020b488a6d8c3d1745,False
case_055,1,5,scene_a_peft,30133,118835,3.9436830053429794,625810,890002,264192,264192,0,0.0,0,0,0,0,890002,40960,36868,1.1539919000060763,0.0,,28,28,ok,f83a80efdd823b85dff1dac3eedce445f1b4e242f25ced7c0dd4fcca6510c49e,False
case_055,1,5,scene_a_spine,29861,118835,3.9796055055088577,625810,890002,264192,264192,0,0.0,0,0,0,0,890002,40960,36868,1.1196476999903098,0.0,,28,28,ok,e04622ad0ecfc38920ceab8da8bf081fe5ed86e93848a83b549000829bab1b69,False
case_055,1,5,weighted_window_20_s1.0,63192,118835,1.8805386757817446,625810,3221254,2595444,2595444,0,0.0,0,0,0,0,3221254,24576,28678,2.563172099995427,0.0,,230,230,ok,f31168d23c0f7fc8ee4c3f518e8d9a3024d554d559946ae6bc20dce12497331b,False
case_055,1,5,weighted_window_15_s0.65,47869,118835,2.4825043347469133,625810,2480690,1854880,1854880,0,0.0,0,0,0,0,2480690,40960,28678,2.2373445999983232,0.0,,146,146,ok,76741d8bb4b770b8f6b23bd5606618cc753b5a7a3b009eb9ed6016430587b40a,False
case_055,1,5,weighted_window_10_s0.35,45495,118835,2.612045279701066,625810,2121918,1496108,1496108,0,0.0,0,0,0,0,2121918,32768,36868,1.7784404999983963,0.0,,129,129,ok,631b3b62814ed381d0b7c71edcd6f46d450af985976192091e6f94f91320518d,False
case_055,1,5,critical_cut_b0.16_s1.0,39130,118835,3.036928188090979,625810,1817912,1192102,1192102,0,0.0,0,0,0,0,1817912,40960,16390,1.8249415000027511,0.0,,101,101,ok,fd55dcb00b5bc21acd7d57ac9cefc3387dc5b5d7989436ca82c6cd76a04594c6,False
case_055,1,5,critical_cut_b0.06_s0.35,41599,118835,2.856679247097286,625810,2091366,1465556,1465556,0,0.0,0,0,0,0,2091366,40960,20484,1.1091892000113148,0.0,,133,133,ok,542faa0fbfd5b60013ba94deb3e15f840328ef052cdfc5c242e53ccb9368f044,False
case_055,1,5,win_w5,49435,118835,2.4038636593506624,625810,2412354,1786544,1786544,0,0.0,0,0,0,0,2412354,40960,16388,2.2505716000159737,0.0,,226,226,ok,5b84e7a67831042f4a34866dfb1bcad0576f17a8adafeae472959aa1cc19b8ee,False
case_055,1,5,win_w7,37288,118835,3.1869502252735464,625810,1737726,1111916,1111916,0,0.0,0,0,0,0,1737726,40960,28678,1.3377704999875277,0.0,,102,102,ok,013d7355d8d19b71fc9f1b650d3f3a5d98279897639f8443771f933b8881d49c,False
case_055,1,5,win_w14,30263,118835,3.9267422264811818,625810,1035762,409952,409952,0,0.0,0,0,0,0,1035762,40960,36868,1.7800635999883525,0.0,,63,63,ok,a1c3f26985a85d6538a08cbc385e14bc887eaa2695d0a7ef7de0ab82a180a003,False
case_055,1,5,stageU4_k5,70139,118835,1.6942785041132609,625810,3624638,2998828,2998828,0,0.0,0,0,0,0,3624638,32768,16388,2.3836430000083055,0.0,,416,416,ok,3b9e3f525c947c00b4f2acdf9688f27c4880737bcba7fd4d46ca6c6e246dc8d1,False
case_055,1,5,stageC5_k4,65700,118835,1.808751902587519,625810,2866990,2241180,2241180,0,0.0,0,0,0,0,2866990,40960,16388,3.1770835999923293,0.0,,349,349,ok,4beb7a196b17c3b798b7b98d33dab14e1d1a88dde71b3645e344a1dc6a3f2b46,False
case_055,1,5,stageU12_k5,100626,118835,1.1809572078786794,625810,5181748,4555938,4555938,0,0.0,0,0,0,0,5181748,24576,16388,5.091499500005739,0.0,,781,781,ok,2fb004a1dd3bbad021c541250bf746928adbd4bcb4a31576e8ab9f771c85ff55,False
case_055,1,5,component_group3,29897,118835,3.97481352644078,625810,683666,57856,57856,0,0.0,0,0,0,0,683666,52224,86028,1.8416578999895137,0.0,,8,8,ok,6fd1c97fc7e93774e23d0cd1699a8a25ed6e5c1dcd29be3a2213e537f833d30a,False
case_055,1,5,component_group4,31795,118835,3.7375373486397234,625810,683666,57856,57856,0,0.0,0,0,0,0,683666,52224,114704,1.4337481999828015,0.0,,6,6,ok,ce76e70c8509e61273026debcf76e0edf358f6cfed170c8ec4dbcd577d640396,False
case_055,1,5,component_group5,30381,118835,3.911490734340542,625810,683666,57856,57856,0,0.0,0,0,0,0,683666,52224,94220,2.061682200001087,0.0,,5,5,ok,aa33d5ead9dd1cc738bc1be02ac15a436ba9e2e815878038ce9de7e4ff879c4a,False
case_055,1,5,component_group6,40129,118835,2.9613247277529964,625810,642194,16384,0,16384,0.0,0,0,0,0,642194,52224,126996,1.6585372999834362,0.0,,4,4,ok,abd366b632732bea042c91d2f2bbd8680b58c444d1826de548061312d53a46f8,False
case_055,1,5,component_group8,44401,118835,2.676403684601698,625810,679570,53760,41472,12288,0.0,0,0,0,0,679570,52224,126996,1.7024266000080388,0.0,,3,3,ok,38418088329978d1a5b3eaf6242bd3f361b2ea651eab3f9af7984ff20684d868,False
case_055,1,5,pipevec_merge,29282,118835,4.058295198415409,625810,873618,247808,247808,0,0.0,0,0,0,0,873618,40960,36868,0.7985436999879312,0.0,,24,24,ok,f341ad9a09ba902c29c8af852113537434cc107ef48fbf380c5c114dad4d49f2,False
case_055,1,5,membatch_70,29490,118835,4.029671074940658,625810,840850,215040,215040,0,0.0,0,0,0,0,840850,40960,36868,1.3028935000183992,0.0,,21,21,ok,1595e552e091d9589cae7044e08e0c1b97bfa79df09183a027f314adbcc17504,False
case_055,1,5,whole_graph,118835,118835,1.0,625810,695442,69632,0,69632,0.0,0,0,0,0,695442,68608,127006,0.0006790999905206263,0.0,,1,1,ok,8c37e42713fa4ad06c7e31c67986329e364675db4457a06b4d1514d12965dc89,True
case_056,1,5,component_round_robin,268117,277285,1.034194027234379,221600,221600,0,0,0,0.0,0,0,0,0,221600,31360,57352,44.04370919999201,0.0,,5,5,ok,8a46ae833b8af0ccc55fdb71bcbf3aba1de208bbd0f69db37f4678a538846c30,False
case_056,1,5,component_lpt,265764,277285,1.0433504914134344,221600,221600,0,0,0,0.0,0,0,0,0,221600,31360,57352,48.52230120002059,0.0,,5,5,ok,d9fb28976a03449756196c00b0dfd88b0b94813675e01d2b1c74b22528811365,False
case_056,1,5,component_pipe_balance,265764,277285,1.0433504914134344,221600,221600,0,0,0,0.0,0,0,0,0,221600,31360,57352,47.15758780000033,0.0,,5,5,ok,97a9b8b3f9df9c02fb22c23342790423b836dccda4162d063cdd0d560bd27941,False
case_056,1,5,chain_heft,369586,277285,0.7502583972336615,221600,10043098,9821498,9821498,0,0.0,0,0,0,0,10043098,4224,16384,122.96689510002034,0.0,,5540,5540,ok,ecc2cad1c6149ab499344406a1c2b9c376ba5267e0bc78016fc425296190a280,False
case_056,1,5,window8_heft,166720,277285,1.663177783109405,221600,3829356,3607756,3607756,0,0.0,0,0,0,0,3829356,16416,122912,11.628019600000698,0.0,,389,389,ok,369228d8828ecb9a2261f8d4c31c00115e79d09caf4710eaaa12aad29846b174,False
case_056,1,5,window10_heft,152371,277285,1.8198016682964606,221600,3409976,3188376,3188376,0,0.0,0,0,0,0,3409976,16416,122912,10.198714199999813,0.0,,324,324,ok,b28d9a8cc3b299417f380c31244d626946ae61457dc51050454a1562877a36da,False
case_056,1,5,window16_heft,162534,277285,1.7060122805074631,221600,3093560,2871960,2871960,0,0.0,0,0,0,0,3093560,16448,130592,8.12611530002323,0.0,,178,178,ok,bf71fbefbfe8d89c96b295dc9a1333e734af6372648bff0226339ddc1ef3a312,False
case_056,1,5,component_pipe_lpt,265764,277285,1.0433504914134344,221600,221600,0,0,0,0.0,0,0,0,0,221600,31360,57352,48.02615039999364,0.0,,19,19,ok,f86068c8838ad0775a3c0b4f68e2bd56dff8b90934c4336e60f37f46158d6eea,False
case_056,1,5,window2_heft,278035,277285,0.9973024978869567,221600,8477378,8255778,8255778,0,0.0,0,0,0,0,8477378,13312,16386,66.54208270000527,0.0,,3153,3153,ok,96478ef3f2c548e9566de15c1e2e2a268950bf606d17475db19cff77b771f81b,False
case_056,1,5,window12_heft,148649,277285,1.8653674091315784,221600,3298302,3076702,3076702,0,0.0,0,0,0,0,3298302,16416,122912,9.212146700010635,0.0,,271,271,ok,e5276e5c68582dd61edb1c8f588efb8b38e20372c3427baf8258d7c7df52a305,False
case_056,1,5,window4_heft,198917,277285,1.3939733657756752,221600,5840346,5618746,5618746,0,0.0,0,0,0,0,5840346,13312,115232,25.627122199977748,0.0,,1106,1106,ok,858057e4646baf2f2e4d71aebd46e0842d57c8de6c7d3e5a257d66258218f887,False
case_056,1,5,hybrid20_10,172624,277285,1.606294605616832,221600,2458742,2237142,2237142,0,0.0,0,0,0,0,2458742,17440,130592,7.1721174999838695,0.0,,138,138,ok,de0fae05f70b177282a63cef34e16b507ff322614b4e3f2ba351a028dee3444e,False
case_056,1,5,weighted_window_20_s1.0,157511,277285,1.760416732799614,221600,2746958,2525358,2525358,0,0.0,0,0,0,0,2746958,17408,122944,9.025718799995957,0.0,,204,204,ok,07484f132f523e3d7ce1c3f827c4e7b8a675c6319a8371dcf451623855110a58,False
case_056,1,5,weighted_window_15_s0.65,164993,277285,1.6805864491220839,221600,2258632,2037032,2037032,0,0.0,0,0,0,0,2258632,24576,94656,8.155176599975675,0.0,,153,153,ok,348f626eb38ee02efe58d9f82086936a82daf1bc10580dad50b57def0da0eb13,False
case_056,1,5,weighted_window_10_s0.35,196198,277285,1.4132916747367454,221600,1517926,1296326,1296326,0,0.0,0,0,0,0,1517926,20480,100800,6.939721600007033,0.0,,86,86,ok,779725b9930df22b5f0ee4d2e15df8baa855f5ef16a128199998ee6eaec27f7b,False
case_056,1,5,critical_cut_b0.16_s1.0,250533,277285,1.1067803443059396,221600,347688,126088,126088,0,0.0,0,0,0,0,347688,30784,61448,10.272881599987159,0.0,,55,55,ok,9b8a568a950588b3b96cb6f8dd14b67776e52070fc6d01773f0b7abf2dbcc785,False
case_056,1,5,critical_cut_b0.06_s0.35,251394,277285,1.1029897292695927,221600,363240,141640,141640,0,0.0,0,0,0,0,363240,30272,61448,9.501732400007313,0.0,,55,55,ok,5d22269bf1a8d9caf6b1912ff14f5db851b61dcdea15fc6181fde259dd82c73d,False
case_056,1,5,win_w5,174044,277285,1.5931890786237963,221600,4918126,4696526,4696526,0,0.0,0,0,0,0,4918126,16384,122912,20.29215049999766,0.0,,835,835,ok,8bca19f794a47716ee6f5f93c3bd8e938f4efc80ff042369569437891097d01a,False
case_056,1,5,win_w7,174404,277285,1.589900460998601,221600,3784806,3563206,3563206,0,0.0,0,0,0,0,3784806,16416,122912,12.82397850000416,0.0,,425,425,ok,981cb38961fd2e73681524ab8dc35527890801bad72197fff229c12c5e6901b8,False
case_056,1,5,win_w14,164979,277285,1.6807290624867408,221600,2959884,2738284,2738284,0,0.0,0,0,0,0,2959884,16448,122912,9.673470400011865,0.0,,210,210,ok,67b2e6ba6a790c11ca241197b52f13b32588f038eefaef6f2bbc04819f12ce8a,False
case_056,1,5,win_w23,183790,277285,1.5087055878992328,221600,2115114,1893514,1893514,0,0.0,0,0,0,0,2115114,18944,130592,7.033474199997727,0.0,,122,122,ok,5054aba199ba64ba9239cc8d7870ecadb8644451543b603267356bc03e4b2fe5,False
case_056,1,5,stageU4_k5,268070,277285,1.0343753497220876,221600,921280,699680,699680,0,0.0,0,0,0,0,921280,34848,130592,13.088327700010268,0.0,,49,49,ok,37eae2e482b025f0209f5e053d00b109434342002a2c5c7dc5de6f06ff461953,False
case_056,1,5,stageC5_k4,258054,277285,1.0745231618188442,221600,345352,123752,123752,0,0.0,0,0,0,0,345352,28704,61448,9.048411299998406,0.0,,54,54,ok,ec81ead28b4d669bcf51754c8f0d46c95b431267ba1fdebc830540f42feb72ae,False
case_056,1,5,stageU12_k5,183431,277285,1.5116583347416739,221600,2894604,2673004,2673004,0,0.0,0,0,0,0,2894604,18976,130592,7.6533285999903455,0.0,,130,130,ok,513686283510ffb423d0776c8f07b005a4ba3a75a87b8731566df2f1add5b20c,False
case_056,1,5,component_group3,266851,277285,1.039100471798869,221600,221600,0,0,0,0.0,0,0,0,0,221600,31360,57352,46.82911890000105,0.0,,7,7,ok,9cfb8a7256d0bebfc91344bad9e940a9d349396d6be09b85f54e5530dbaf8235,False
case_056,1,5,component_group4,267433,277285,1.0368391335399894,221600,221600,0,0,0,0.0,0,0,0,0,221600,31360,57352,47.5247688999807,0.0,,5,5,ok,6ec0dba40bc051267999c3550a938d359a261ccce245f62d8b2c55b03498af4c,False
case_056,1,5,component_group5,267997,277285,1.0346571043705712,221600,221600,0,0,0,0.0,0,0,0,0,221600,31360,57352,44.891340600006515,0.0,,4,4,ok,ddb52dcb3fd4d7b375f3f3b5af85ab6dee76a359fd74b5b2eb1649c6f8e7b886,False
case_056,1,5,component_group6,269227,277285,1.0299301333075805,221600,221600,0,0,0,0.0,0,0,0,0,221600,31360,57352,47.71095390000846,0.0,,4,4,ok,a22856bf58f81af58b9164bea58ba9e554f80f0ca8381c8b2d8a95c89540832e,False
case_056,1,5,component_group8,270373,277285,1.0255646828640435,221600,221600,0,0,0,0.0,0,0,0,0,221600,31360,57352,48.234130099997856,0.0,,3,3,ok,8a9cb5f274de5bbf4f3b7e34fc23ffd0b845427d3f7aac63d0f3776a27175f0b,False
case_056,1,5,pipevec_merge,265764,277285,1.0433504914134344,221600,221600,0,0,0,0.0,0,0,0,0,221600,31360,57352,46.080796700000064,0.0,,19,19,ok,578f3e68ea22ee3738f79650d17afd88f0fba89a9e5997a55f300697382de1eb,False
case_056,1,5,whole_graph,277285,277285,1.0,221600,221600,0,0,0,0.0,0,0,0,0,221600,31360,57352,0.001946400007000193,0.0,,1,1,ok,dd7a92d447ff5ef5861d21885db068871c641c9a8ecef82be150b5d5116e3056,True
case_057,1,5,component_round_robin,21487,59726,2.779634197421697,342460,398908,56448,56448,0,0.0,0,0,0,0,398908,15744,94224,0.7105144999804907,0.0,,5,5,ok,1c0822672575f934f87d8bf02be52b921730a81986ec1a370fd70ac002cd8937,False
case_057,1,5,component_lpt,14028,59726,4.257627601938979,342460,356572,14112,14112,0,0.0,0,0,0,0,356572,17280,77836,1.232529600005364,0.0,,5,5,ok,2dd3c1076d4b30d1c5fdce678979fc8b2990a5bf69db5be6cfc84139a1ab15e0,False
case_057,1,5,component_pipe_balance,16538,59726,3.6114403192647235,342460,370396,27936,27936,0,0.0,0,0,0,0,370396,15744,69644,1.0507909000152722,0.0,,5,5,ok,220afd84b46ca61aeda7878d788c47a1ee7e155a35222c0f49c1e1605a8eb0ad,False
case_057,1,5,component_batches_128,17530,59726,3.4070735881346264,342460,370396,27936,27936,0,0.0,0,0,0,0,370396,15744,69644,0.6219228000263683,0.0,,9,9,ok,47055e1ffcc03153941210a03b7db68f0c84eb438f23ae67327f2921d59cb2e3,False
case_057,1,5,component_pipe_lpt,17164,59726,3.4797250058261477,342460,412732,70272,70272,0,0.0,0,0,0,0,412732,6528,69644,0.9610583999892697,0.0,,21,21,ok,ad548bca77785a4ffcd8368fc4466fd4187ac2e5a01bf8c77c891017de94dd8a,False
case_057,1,5,component_comm,18521,59726,3.224771880568004,342460,412732,70272,70272,0,0.0,0,0,0,0,412732,6528,69644,1.1794142000144348,0.0,,21,21,ok,a2d5844ddbd7149bdff537320ff0e5b518c183d87972126b9d2b315888815997,False
case_057,1,5,scene_a_peft,15136,59726,3.9459566596194504,342460,425020,82560,82560,0,0.0,0,0,0,0,425020,6528,69644,1.2373173999949358,0.0,,27,27,ok,44994bd8338f0507059523f4c9fc421e24d9bff2663045f8828be1c0a1f60be0,False
case_057,1,5,pipe_lane_pack,38587,59726,1.5478269883639568,342460,1679164,1336704,1336704,0,0.0,0,0,0,0,1679164,6528,16384,1.8516264999925625,0.0,,361,361,ok,d0b5287e32634b34b79f0cd109bb320d15d51e2b153c83e8dcd770d88c550898,False
case_057,1,5,scene_a_spine,13814,59726,4.323584769074851,342460,425020,82560,82560,0,0.0,0,0,0,0,425020,6528,69644,0.7589302999840584,0.0,,27,27,ok,c9ec7370db9f19e37d2c3580e1607e7b8a4237ee0d017538a11c4975f41e1a38,False
case_057,1,5,weighted_window_20_s1.0,24600,59726,2.4278861788617885,342460,1279544,937084,937084,0,0.0,0,0,0,0,1279544,6528,24580,0.9866349000076298,0.0,,107,107,ok,06927779d3a686de6cd2ebb552bb9dfb8f2c71cbf6d11b37f76dfd2d0ee64cba,False
case_057,1,5,weighted_window_15_s0.65,25042,59726,2.3850331443175463,342460,1245116,902656,902656,0,0.0,0,0,0,0,1245116,6528,24580,0.9140944000100717,0.0,,101,101,ok,993448ca52205b40b1bdadc91ebe84912e0c67e1dcc2c2dc7caba7b27b3941f0,False
case_057,1,5,weighted_window_10_s0.35,15021,59726,3.9761666999533984,342460,455868,113408,113408,0,0.0,0,0,0,0,455868,6528,69644,0.6071871999884024,0.0,,34,34,ok,667a3a5a5b9541a2c0a47dcea2fc47f9908e51c5db26c3d0afb4c1afc208755b,False
case_057,1,5,critical_cut_b0.16_s1.0,29825,59726,2.0025481978206203,342460,1496936,1154476,1154476,0,0.0,0,0,0,0,1496936,6528,16388,1.2860523000126705,0.0,,160,160,ok,a7d2437bd50f071ca60ff50c18c5fb32b7413e1e701f81892a217aaf8f36d573,False
case_057,1,5,critical_cut_b0.06_s0.35,38898,59726,1.5354516941745078,342460,2019346,1676886,1676886,0,0.0,0,0,0,0,2019346,6528,16384,2.281235900009051,0.0,,276,276,ok,6967e518cc1ef64a3d90b38cd62dea8f5d9a6bf962f2a8a6314e10813281723c,False
case_057,1,5,win_w5,31649,59726,1.887137034345477,342460,1675604,1333144,1333144,0,0.0,0,0,0,0,1675604,6528,16386,0.9609473000164144,0.0,,200,200,ok,98adfee80c4ad1436a3297862d2fa08d0608149d13ae8159634e6997c69d8807,False
case_057,1,5,win_w7,20647,59726,2.892720492081174,342460,898856,556396,556396,0,0.0,0,0,0,0,898856,6528,24580,0.8584439000114799,0.0,,95,95,ok,76b5f3f9085a41d3f70b1e490108b539cd13e5eaacd7bca1d73af0ed7f9d2aab,False
case_057,1,5,win_w14,15801,59726,3.779887348901968,342460,445632,103172,103172,0,0.0,0,0,0,0,445632,6528,32772,0.7714401000121143,0.0,,64,64,ok,950d7d3ee738e599423389cbdaba507c81e9e6e48a32b1b42319d6b97368eb78,False
case_057,1,5,win_w23,13817,59726,4.322646015777665,342460,435260,92800,92800,0,0.0,0,0,0,0,435260,6528,69644,0.5498122999852058,0.0,,28,28,ok,de843e5d21d5ae2d9c4b66fa4fdc810a742f3fcc6b074ac65f4a02b8360898ac,False
case_057,1,5,stageU4_k5,38892,59726,1.5356885734855497,342460,2091780,1749320,1749320,0,0.0,0,0,0,0,2091780,6528,16384,1.4829506000096444,0.0,,234,234,ok,856ab1fa660c3be69dba69a6ea8ef65f3132aa4eabd946602292642d52d706dd,False
case_057,1,5,stageC5_k4,21290,59726,2.805354626585251,342460,872376,529916,529916,0,0.0,0,0,0,0,872376,6528,32782,1.0504505999851972,0.0,,67,67,ok,c85cec9dfeb5ea019d434500af1ecc863301f517b91c70ffcb80b2c6b6e042a7,False
case_057,1,5,stageU12_k5,57777,59726,1.0337331464077402,342460,3010240,2667780,2667780,0,0.0,0,0,0,0,3010240,6528,16386,3.08881729998393,0.0,,499,499,ok,de4aa79a0567caa2ae118cb2a206669f48eaf7fb041a5180378a36bd3038b9c2,False
case_057,1,5,component_group3,18088,59726,3.301968155683326,342460,356572,14112,14112,0,0.0,0,0,0,0,356572,17280,102416,1.075832199974684,0.0,,7,7,ok,244dbacaa924de3133606220ff1426f87a80db998b739a8b4046e48d7a1be189,False
case_057,1,5,component_group4,22491,59726,2.655551109332622,342460,370396,27936,27936,0,0.0,0,0,0,0,370396,17280,122900,1.0456746999989264,0.0,,6,6,ok,6b7cb3eb367b1f7ba05408c6591a9e3b19c98d8ec43ffbf7e522de7e9b2def34,False
case_057,1,5,component_group5,35094,59726,1.7018863623411409,342460,405436,62976,13824,49152,0.0,0,0,0,0,405436,17280,127008,1.1190683000022545,0.0,,5,5,ok,7d73a3a2749bbef67f10b70169a1d3ba9537ab788d20bb759d0f22039cfcf138,False
case_057,1,5,component_group6,30514,59726,1.957331061152258,342460,397252,54792,13824,40968,0.0,0,0,0,0,397252,17280,127000,1.0386934999842197,0.0,,4,4,ok,a8ef846a0339d55e301e529f2afa50883e242e4271a46a924af7678a76904878,False
case_057,1,5,component_group8,34725,59726,1.7199712023038156,342460,356284,13824,13824,0,0.0,0,0,0,0,356284,17280,122900,1.0058261000085622,0.0,,3,3,ok,14ba6a279a55650a4414c28a0a399cbc78525bda28bf5ab149705c9881ef130c,False
case_057,1,5,pipevec_merge,13748,59726,4.344340995053826,342460,412732,70272,70272,0,0.0,0,0,0,0,412732,6528,69644,0.7458630999899469,0.0,,21,21,ok,44d744cb8317b003dde6819c98ede9df8e4d77e15834145447b46ce0a5ef77cb,False
case_057,1,5,membatch_70,17369,59726,3.4386550751338594,342460,370396,27936,27936,0,0.0,0,0,0,0,370396,15744,69644,1.192614900006447,0.0,,13,13,ok,e5261009015044c6f40547148aa1bf2bdb1419b1bb904a72da70815da2830418,False
case_057,1,5,whole_graph,59726,59726,1.0,342460,436676,94216,0,94216,0.0,0,0,0,0,436676,17280,127012,0.0002801999798975885,0.0,,1,1,ok,660a5b6a22b1ecc2b027201b560865fcf36d3026f797621cc43748d6e95f6005,True
case_058,1,5,component_round_robin,1004819,4539717,4.517945022934478,7667712,39772160,32104448,18382848,13721600,0.0,0,0,0,0,39772160,524288,0,99.2581328000233,0.0,,5,5,ok,eed4857ef51a37c21b19800d4c5eb107d89014223e46e7c918968d3bb56f181f,False
case_058,1,5,component_batches,1175943,4539717,3.860490687048607,7667712,58490880,50823168,50823168,0,0.0,0,0,0,0,58490880,299008,0,17.410266499995487,0.0,,85,85,ok,bebb661686cc9cac6cf659ee8973c618c03c737e7c803a40ec98819154b92d8f,False
case_058,1,5,component_pipe_lpt,1784441,4539717,2.5440555333575054,7667712,104448000,96780288,96780288,0,0.0,0,0,0,0,104448000,45056,0,21.068850499985274,0.0,,255,255,ok,3138867b2b7351290e12a35af9956884a094d6432e75f8e72be09b1ded38434d,False
case_058,1,5,scene_a_peft,1754496,4539717,2.5874764034799735,7667712,104546304,96878592,96878592,0,0.0,0,0,0,0,104546304,45056,0,34.0689767000149,0.0,,267,267,ok,bd5a6ee332ba62f13d2988a99ca7be6cc31f29865cef18c50fc8d61460df91ff,False
case_058,1,5,scene_a_spine,1788642,4539717,2.5380802866084995,7667712,104546304,96878592,96878592,0,0.0,0,0,0,0,104546304,45056,0,21.97230789999594,0.0,,267,267,ok,009231648927113835e03450bd34e77aabc8cee28a0dabfc1c775b77af996d6c,False
case_058,1,5,whole_graph,4539717,4539717,1.0,7667712,36364288,28696576,0,28696576,0.0,0,0,0,0,36364288,524288,0,0.029150000016670674,0.0,,1,1,ok,6e1efc6d9b5d50ef699cc0b5cee365d5c524ef0166e4ed77f4cafdc1427948c2,True
case_059,1,5,component_round_robin,150782,829473,5.501140719714555,1343488,5668864,4325376,4325376,0,0.0,0,0,0,0,5668864,520192,0,5.64737900000182,0.0,,5,5,ok,33d21a9aecd3b52b1777744d15b578d06ef2cd7e114f9f41e1749722eb2d7be4,False
case_059,1,5,component_batches,153367,829473,5.408419021041032,1343488,7966720,6623232,6623232,0,0.0,0,0,0,0,7966720,69632,0,4.1342012000095565,0.0,,15,15,ok,dfae60a931af743ab6b162f033491038dd44ca798592cd9c592d08b8fdfa664f,False
case_059,1,5,component_batches_128,157208,829473,5.276277288687599,1343488,8372224,7028736,7028736,0,0.0,0,0,0,0,8372224,69632,0,3.3539274999930058,0.0,,34,34,ok,17984d266c98e307677966d265dc05017a18bd0ce850c9e1b556218c4ffec5ee,False
case_059,1,5,component_batches_512,151741,829473,5.466373623476845,1343488,6524928,5181440,5181440,0,0.0,0,0,0,0,6524928,339968,0,3.8931749000039417,0.0,,10,10,ok,02c827c63c9c9d1cf01ed7cb9121dd218c9636a8322679e0f6a7b09e77112686,False
case_059,1,5,component_pipe_lpt,163124,829473,5.084923125965523,1343488,8912896,7569408,7569408,0,0.0,0,0,0,0,8912896,18432,0,2.117685600009281,0.0,,64,64,ok,421ab664d737c28deccc9a12757af7efbc820b6a7be993bfcf2332a5933a474f,False
case_059,1,5,component_comm,163124,829473,5.084923125965523,1343488,8912896,7569408,7569408,0,0.0,0,0,0,0,8912896,18432,0,2.199178100010613,0.0,,64,64,ok,cd39152f471c252911eb5958a322c7e3be61947b2c378486dc875b9582651ea2,False
case_059,1,5,scene_a_peft,170263,829473,4.8717161097831,1343488,9256960,7913472,7913472,0,0.0,0,0,0,0,9256960,18432,0,2.6762990999850444,0.0,,106,106,ok,6ed459b8de5481df516f1f5f5e8e2b341f76fc7b9691aa1c6e2570c1783a443d,False
case_059,1,5,scene_a_spine,170487,829473,4.8653152439775464,1343488,9256960,7913472,7913472,0,0.0,0,0,0,0,9256960,18432,0,2.678705700003775,0.0,,106,106,ok,6d7fa70674ce7eea01ec497af69cb02948925e0dfa9a980dae299ac899cdafde,False
case_059,1,5,weighted_window_20_s1.0,608499,829473,1.3631460363944723,1343488,28311552,26968064,26968064,0,0.0,0,0,0,0,28311552,16384,0,13.228482400008943,0.0,,2432,2432,ok,e66d1369b9d93974e0eae365f18172fc6d13c4001fcdd1cdf19eb271b5ff4193,False
case_059,1,5,weighted_window_15_s0.65,560715,829473,1.4793130199834141,1343488,25690112,24346624,24346624,0,0.0,0,0,0,0,25690112,16384,0,9.961754499992821,0.0,,2112,2112,ok,cd382fe5ecd25e2297e8ca9d00c108f986fa6860c231e8791a5afe1fc9c6f1c9,False
case_059,1,5,weighted_window_10_s0.35,532279,829473,1.5583425233758987,1343488,23592960,22249472,22249472,0,0.0,0,0,0,0,23592960,16384,0,7.743561700015562,0.0,,1856,1856,ok,e381df040df7d5b0a422f290009efa021bd6dd9eedcf7b8a1f802c4ed00b3bae,False
case_059,1,5,critical_cut_b0.16_s1.0,399824,829473,2.074595321941654,1343488,17055744,15712256,15712256,0,0.0,0,0,0,0,17055744,18432,0,4.437771099997917,0.0,,1058,1058,ok,d50fde1cfba8bee25e8108860879f223ce455f0d5312c2ea26bc67080bdbadf8,False
case_059,1,5,critical_cut_b0.06_s0.35,464200,829473,1.7868871176217147,1343488,18636800,17293312,17293312,0,0.0,0,0,0,0,18636800,18432,0,5.594166499999119,0.0,,1251,1251,ok,9420e16a25de1bcb21254b80ffda55ea6ea256349628a1bc35ed62d6afd93542,False
case_059,1,5,win_w5,487210,829473,1.7024958436813695,1343488,19922944,18579456,18579456,0,0.0,0,0,0,0,19922944,18432,0,5.4610675999720115,0.0,,1408,1408,ok,13fe0730d7c2911d51dc563ba2a07b641d5ce6daabee10ddb364028aeca4be00,False
case_059,1,5,win_w7,434231,829473,1.9102113851843834,1343488,18350080,17006592,17006592,0,0.0,0,0,0,0,18350080,18432,0,5.0415351999981795,0.0,,1216,1216,ok,db806b4950a03eb6ffb74dbfd759f2ce5771017997d1e4ebeecfff7d1711fc55,False
case_059,1,5,stageU4_k5,520572,829473,1.5933876581913742,1343488,20447232,19103744,19103744,0,0.0,0,0,0,0,20447232,16384,0,5.9346769000112545,0.0,,1472,1472,ok,4452b159fef3598532375bfb75f2950d7a88ec56eeecb9b6705f4fbbbe53c348,False
case_059,1,5,stageC5_k4,551644,829473,1.5036382159508668,1343488,19922944,18579456,18579456,0,0.0,0,0,0,0,19922944,16384,0,5.773492800013628,0.0,,1408,1408,ok,166e146e7e01412a96b61d67a0c80f85555912b013debc87c30aac10f5f07c59,False
case_059,1,5,stageU12_k5,530582,829473,1.56332668654421,1343488,20971520,19628032,19628032,0,0.0,0,0,0,0,20971520,16384,0,6.668933499982813,0.0,,1536,1536,ok,989aea0028a7d234ccd7f775c87cda41dfcff5a46587e92883beaa6ce1cdd3c8,False
case_059,1,5,component_group3,177209,829473,4.680761135156792,1343488,7245824,5902336,5902336,0,0.0,0,0,0,0,7245824,69632,0,1.5150126999942586,0.0,,22,22,ok,c29bdfb58eb831fe1acec4f77d33e1ffd45a625f71d029e04e2c6ee07addaf0f,False
case_059,1,5,component_group4,187820,829473,4.416318815887552,1343488,6750208,5406720,5406720,0,0.0,0,0,0,0,6750208,69632,0,1.0834424999775365,0.0,,16,16,ok,a8a3d3268f0fb8693ca89b3e745f35bb090d88acbe75fd80c923c4d0f21b45a9,False
case_059,1,5,component_group5,175432,829473,4.728173879337863,1343488,6885376,5541888,5541888,0,0.0,0,0,0,0,6885376,69632,0,1.617110799998045,0.0,,13,13,ok,d30f10cf80bca9deaca7c6b98a5f233c9a141fb89ad5e730689f10f95db4ab1c,False
case_059,1,5,component_group6,186779,829473,4.440932867185283,1343488,6750208,5406720,5406720,0,0.0,0,0,0,0,6750208,69632,0,1.4153850000002421,0.0,,11,11,ok,7193502a9bbe7aae53cc63ca57b342ac8bef30103ec21dcec6edd75ee42c0472,False
case_059,1,5,component_group8,186084,829473,4.457519184884246,1343488,6389760,5046272,5046272,0,0.0,0,0,0,0,6389760,69632,0,1.3852936000039335,0.0,,8,8,ok,a09bc70530a3b8ec0074e1d1333909ef602c5eb7833959051f728451182ac827,False
case_059,1,5,membatch_70,163124,829473,5.084923125965523,1343488,8912896,7569408,7569408,0,0.0,0,0,0,0,8912896,18432,0,1.1012511999870185,0.0,,64,64,ok,09f43d69d339b5bd81ee1b7c4519f9505ba8418fdeb37e10f572063dd29416ce,False
case_059,1,5,whole_graph,829473,829473,1.0,1343488,3035136,1691648,0,1691648,0.0,0,0,0,0,3035136,524288,0,0.0038383000064641237,0.0,,1,1,ok,77309f3f12562baf1ce4b238b70ea888a17dc0fbeb370c671b3e0856a91820c5,True
case_060,1,5,component_round_robin,193379,888789,4.596098852512424,2099006,6629694,4530688,4465152,65536,0.0,0,0,0,0,6629694,366720,122894,30.957714299991494,0.0,,5,5,ok,5e557cac4ffac12ac8e47ea13f6319863ffe2a748c0dbdeadcfd4c9ab6a63d7b,False
case_060,1,5,component_lpt,180081,888789,4.935495693604545,2099006,5832894,3733888,3563904,169984,0.0,0,0,0,0,5832894,524288,122898,28.86411510000471,0.0,,5,5,ok,be8e20b9fa801a25463f444d6abdb71017534fe749d48b29c3da37ea2640b076,False
case_060,1,5,component_pipe_balance,182674,888789,4.865437883880574,2099006,5715134,3616128,3441024,175104,0.0,0,0,0,0,5715134,523392,122894,26.877850599994417,0.0,,5,5,ok,cad722a1bdfc2cb8da8787e0be9c00d8de0859bb906f79bc7eeca65067f8728d,False
case_060,1,5,component_batches,185877,888789,4.7815975080295035,2099006,8329406,6230400,6205824,24576,0.0,0,0,0,0,8329406,233472,122888,9.685050400003092,0.0,,23,23,ok,b3aa2bdfb250e1c6e86c277f164967acb9899285e6726b85a332bfc8cc9dc4ad,False
case_060,1,5,component_batches_128,189911,888789,4.680029066246821,2099006,9511102,7412096,7403904,8192,0.0,0,0,0,0,9511102,110592,122888,7.2527212999993935,0.0,,46,46,ok,35f691c31dc3bd3f91a8c584adeec51ed8563d2e0b83aa33032e010b213700d5,False
case_060,1,5,component_batches_512,184776,888789,4.810088972593843,2099006,7379134,5280128,5222784,57344,0.0,0,0,0,0,7379134,329728,122894,14.098072699998738,0.0,,13,13,ok,a26f861bbffdd88f6723cc49c2a2f159b2ab5813d62be1ea229940dc4f74442f,False
case_060,1,5,component_pipe_lpt,195995,888789,4.5347534375876934,2099006,10208062,8109056,8100864,8192,0.0,0,0,0,0,10208062,45056,122888,7.5194615999935195,0.0,,89,89,ok,a4803c20b92448bc8e9f6dc86ef08da7d6f577901d727b015812ff7e466bb597,False
case_060,1,5,component_comm,288594,888789,3.0797209921204183,2099006,10208062,8109056,8100864,8192,0.0,0,0,0,0,10208062,45056,122888,6.349012299993774,0.0,,89,89,ok,69bcdfcb2142cdd3a5eb8d867aa425a92950acc4c7dfd2744562ee905f1e2788,False
case_060,1,5,scene_a_peft,196765,888789,4.517007597895967,2099006,10470206,8371200,8363008,8192,0.0,0,0,0,0,10470206,45056,122888,7.0180672999995295,0.0,,98,98,ok,75efeb3749c3c1bb118029e98c67e08d0bf067c93f8d7c4c9f541d49cae2982c,False
case_060,1,5,scene_a_spine,199351,888789,4.458412548720599,2099006,10470206,8371200,8363008,8192,0.0,0,0,0,0,10470206,45056,122888,6.330177800002275,0.0,,98,98,ok,d1434bb644ff4b90fdefb9289855491a6de29c6631a3171b400826816ab08281,False
case_060,1,5,weighted_window_20_s1.0,719384,888789,1.2354861937435362,2099006,33492174,31393168,31393168,0,0.0,0,0,0,0,33492174,21504,32768,40.12247140001273,0.0,,2638,2638,ok,57d6888a6c1db6271621432b31796e8aa19a4a477f1847479e3cf30b78136747,False
case_060,1,5,weighted_window_15_s0.65,369720,888789,2.403951639078221,2099006,21582542,19483536,19483536,0,0.0,0,0,0,0,21582542,18432,32768,18.90517689997796,0.0,,1040,1040,ok,456e4b6bfc2bc5eb1af751f0acfbae0165b101a10642092c89f80abd6114094c,False
case_060,1,5,weighted_window_10_s0.35,581905,888789,1.5273781802871602,2099006,27524210,25425204,25425204,0,0.0,0,0,0,0,27524210,45056,57350,33.64333560000523,0.0,,2150,2150,ok,b09ff3c5c45f6d00192b6e6171161f021268cb8e32fc1476953de70a7b0f6a77,False
case_060,1,5,critical_cut_b0.16_s1.0,376291,888789,2.36197251595175,2099006,20618198,18519192,18519192,0,0.0,0,0,0,0,20618198,40960,57344,21.91907820000779,0.0,,1313,1313,ok,e4e197e093f3f0d0fda14c79ed401ff54764cb37b30abc6c2ac16b05e7604597,False
case_060,1,5,critical_cut_b0.06_s0.35,492364,888789,1.8051461926542152,2099006,23257714,21158708,21158708,0,0.0,0,0,0,0,23257714,45056,65536,29.02030350000132,0.0,,1874,1874,ok,187b2de39709bdf7df1c2cb34c24f783313a310734c34e258d3dc2b9a9910111,False
case_060,1,5,win_w5,282428,888789,3.14695780871585,2099006,16358990,14259984,14259984,0,0.0,0,0,0,0,16358990,22528,40960,9.943007599998964,0.0,,528,528,ok,8995a4b37982835130a2592ff228d6187dc82acdc970f1a9e4c45f8de0730e04,False
case_060,1,5,win_w7,244466,888789,3.635634403148086,2099006,13345994,11246988,11246988,0,0.0,0,0,0,0,13345994,22528,57350,7.1396590000076685,0.0,,280,280,ok,e28144745e349cffa0dc517d7c7259b86d7ae0757d63eae00012a46bcff86fd1,False
case_060,1,5,win_w14,203631,888789,4.3647038024662255,2099006,11150362,9051356,9051356,0,0.0,0,0,0,0,11150362,45056,73732,7.418506699992577,0.0,,161,161,ok,950b83d90fd8c370d6934612f381b9dd2659a0cb860299d51094b302e7acc892,False
case_060,1,5,stageU4_k5,675800,888789,1.315165729505771,2099006,30084154,27985148,27985148,0,0.0,0,0,0,0,30084154,40960,65536,44.12394590000622,0.0,,3119,3119,ok,abc15caf638100f72493715927c6284f5b0e670852c8e8263e4600138d006acd,False
case_060,1,5,stageC5_k4,345053,888789,2.575804296731227,2099006,16564918,14465912,14465912,0,0.0,0,0,0,0,16564918,40960,65536,16.694699200015748,0.0,,965,965,ok,8fec1ab41429550a659673eb5b5ebc5bea34c205ecd22f7fbc762dbb66ca878b,False
case_060,1,5,stageU12_k5,760647,888789,1.1684644782665283,2099006,35348014,33249008,33249008,0,0.0,0,0,0,0,35348014,40960,49152,56.517461900017224,0.0,,3703,3703,ok,652933ffcc81550390c2f355ca3b07c9edc0f5d27c299fd2a22d4e56ae60d71d,False
case_060,1,5,component_group3,188679,888789,4.710587823764171,2099006,8507454,6408448,6195456,212992,0.0,0,0,0,0,8507454,178176,122898,10.089894200005801,0.0,,30,30,ok,fdcea20376765b4a90f61fe46b66e5960c0865ca961ee94d1951e301a7e7afcc,False
case_060,1,5,component_group4,189600,888789,4.687705696202531,2099006,8243262,6144256,5857536,286720,0.0,0,0,0,0,8243262,178176,122902,9.687650499981828,0.0,,23,23,ok,09d633a30955c37fceb6f2f181ec1a1219712a17b15dcbbfa198a38d6bd22479,False
case_060,1,5,component_group5,180895,888789,4.9132867132867135,2099006,7587790,5488784,5202048,286736,0.0,0,0,0,0,7587790,264192,122904,12.513889399997424,0.0,,18,18,ok,306920188543cf03d4aa5ed72775dcaaa8f8bd06bc40a5f4fbecdb550b004431,False
case_060,1,5,component_group6,215307,888789,4.128007914280539,2099006,7086034,4987028,4618368,368660,0.0,0,0,0,0,7086034,331776,122904,11.432652599993162,0.0,,15,15,ok,bc8ad001d1e994d3f24071a31b8f1248f8f4beb02b1557dadf2baf979aa0a63a,False
case_060,1,5,component_group8,193991,888789,4.581599146352151,2099006,6422498,4323492,3881088,442404,0.0,0,0,0,0,6422498,417792,122910,14.335008199996082,0.0,,12,12,ok,8f9c646bbb3430ebe3d9906b31acf6fae01479d952149bd7e969fc16a95906e4,False
case_060,1,5,pipevec_merge,192142,888789,4.625688293033278,2099006,10208062,8109056,8100864,8192,0.0,0,0,0,0,10208062,45056,122888,5.945305400004145,0.0,,89,89,ok,991913e1fe28c1fd0cab40bef776dc5d6609a29796187fac0c9fe2e944342721,False
case_060,1,5,membatch_70,198578,888789,4.475767708406772,2099006,10156222,8057216,8049024,8192,0.0,0,0,0,0,10156222,45056,122888,5.2787375999905635,0.0,,84,84,ok,c91a117b09d2331b057330beaee5e7b7b863dba50554a0cf2304fa73cfd7afee,False
case_060,1,5,whole_graph,888789,888789,1.0,2099006,4167526,2068520,0,2068520,0.0,0,0,0,0,4167526,524288,122910,0.022538999997777864,0.0,,1,1,ok,2875b8b01bcffe22e8c996b930f0417cf7c5aff57b6ebaa31cdb58b8b80ea884,True
case_061,1,5,component_round_robin,30139,77191,2.561166594777531,544188,661692,117504,117504,0,0.0,0,0,0,0,661692,38400,14344,1.0308583000150975,0.0,,5,5,ok,f42d2b62b92dcabc426dc0194cabc3cc283194e668c32769af64d55e023249b5,False
case_061,1,5,component_lpt,22283,77191,3.46412063007674,544188,627132,82944,82944,0,0.0,0,0,0,0,627132,47616,19468,1.5130183000001125,0.0,,5,5,ok,b86ec3dd2ffb94be6da7450a12f26951c17dc5733d84ff3ffdafb1a2e87eb635,False
case_061,1,5,component_pipe_balance,22283,77191,3.46412063007674,544188,627900,83712,83712,0,0.0,0,0,0,0,627900,46848,25616,1.4535978000203613,0.0,,5,5,ok,e9be7b270ac9b53817d68a6661ff331ad8382cf083ed96a9c4808c059ec0e100,False
case_061,1,5,component_batches,22283,77191,3.46412063007674,544188,627900,83712,83712,0,0.0,0,0,0,0,627900,44544,18444,0.8818934999871999,0.0,,7,7,ok,1e2429305080bdb40cb184dcd0293129ab926d12a3fc2c7482a135cc8cb87edf,False
case_061,1,5,component_batches_128,22283,77191,3.46412063007674,544188,627900,83712,83712,0,0.0,0,0,0,0,627900,38400,14344,1.078106700006174,0.0,,12,12,ok,e1736b0ef96579f40e2fad4590e1df72af64435d0f96fdbca7eab744ba1fbb0c,False
case_061,1,5,component_pipe_lpt,22897,77191,3.3712276717473904,544188,822204,278016,278016,0,0.0,0,0,0,0,822204,19200,12288,0.7118776999996044,0.0,,40,40,ok,e6c6cb9f6280dbd6705abe3382a8cfd3f9bf6dfa7d47da8fe338543cd2c2d59b,False
case_061,1,5,component_comm,34883,77191,2.2128543989909124,544188,822204,278016,278016,0,0.0,0,0,0,0,822204,19200,12288,0.7069941000081599,0.0,,40,40,ok,ec510b6b17605b5931b6851f2d17c8c09fd16c681bc3300bf2fff05a14f27286,False
case_061,1,5,scene_a_peft,22646,77191,3.408593129029409,544188,838588,294400,294400,0,0.0,0,0,0,0,838588,19200,10240,0.6933707999996841,0.0,,44,44,ok,bf90c15f76f9a4f5b9a79b3e8736792b795db08c300da50b9d0f55e474e8dfba,False
case_061,1,5,pipe_lane_pack,57338,77191,1.3462450730754474,544188,2151760,1607572,1607572,0,0.0,0,0,0,0,2151760,12288,6144,2.826128199987579,0.0,,527,527,ok,c661f72ca30ef255d09334dc445f7da9306a7dc9ed915d39175d2e99894c55e2,False
case_061,1,5,scene_a_spine,23090,77191,3.343048938934604,544188,838588,294400,294400,0,0.0,0,0,0,0,838588,19200,10240,0.6596406000026036,0.0,,44,44,ok,21f612281cd9cc71348f4713200205ebd1e3863b0ef301b81fa0ce997444aa90,False
case_061,1,5,weighted_window_20_s1.0,32410,77191,2.3817031780314717,544188,1447360,903172,903172,0,0.0,0,0,0,0,1447360,16000,12288,0.9374431000032928,0.0,,122,122,ok,aaf5700224059dcace23fbd8140745009712af5eff5e698a4a0b90fc586ee7cb,False
case_061,1,5,weighted_window_15_s0.65,29934,77191,2.5787064876060666,544188,1205952,661764,661764,0,0.0,0,0,0,0,1205952,19200,10240,0.9444704000197817,0.0,,85,85,ok,efa23b85c5868cabc0c0f0aead3402a72b51a4ec0210e4a78a6fc5f9df112a33,False
case_061,1,5,weighted_window_10_s0.35,26706,77191,2.890399161237175,544188,990400,446212,446212,0,0.0,0,0,0,0,990400,19200,12288,0.8894002999877557,0.0,,67,67,ok,50906dc0203da85e57a98630ae070d93b8d99b05c54841a8a295009bdbed4b87,False
case_061,1,5,critical_cut_b0.16_s1.0,25931,77191,2.9767845435964677,544188,1056080,511892,511892,0,0.0,0,0,0,0,1056080,19200,10240,1.1283799999800976,0.0,,102,102,ok,a65918ab79cc7cb76d8060ecc4a74c3ca926c654fd79dffa61a9602336000615,False
case_061,1,5,critical_cut_b0.06_s0.35,32255,77191,2.3931483490931638,544188,1382084,837896,837896,0,0.0,0,0,0,0,1382084,19200,12288,1.3325651000195649,0.0,,155,155,ok,beca6facf6d34d28c4e771ed77d9d7fdadb2bc70bffc2516d43708077755c425,False
case_061,1,5,win_w5,31167,77191,2.476690088876055,544188,1316692,772504,772504,0,0.0,0,0,0,0,1316692,19200,10240,1.478793600021163,0.0,,234,234,ok,155b6bd459eec8009228ebefbd9d1800c1642485010320afad701e17fde37739,False
case_061,1,5,win_w7,24586,77191,3.1396323110713413,544188,1015124,470936,470936,0,0.0,0,0,0,0,1015124,19200,10240,1.22691619998659,0.0,,113,113,ok,11e79b1e9392da07250065b37532c23115be76d69c62426fc387e27bd844f149,False
case_061,1,5,win_w14,23464,77191,3.289763041254688,544188,875572,331384,331384,0,0.0,0,0,0,0,875572,19200,10240,0.9398584000009578,0.0,,81,81,ok,e60630dd6c9caf06935dad0bb71613aa1ca5a76862c4e21e5c9086fe43d8fdb3,False
case_061,1,5,stageU4_k5,46216,77191,1.670222433789164,544188,1916890,1372702,1372702,0,0.0,0,0,0,0,1916890,16000,12288,1.6538906999921892,0.0,,333,333,ok,9fcb067afc4692d5d3d6bfabfa318b28c8cdc9f94aa58b6c5034bd1a60f50338,False
case_061,1,5,stageC5_k4,44182,77191,1.7471142094065457,544188,1591292,1047104,1047104,0,0.0,0,0,0,0,1591292,19200,12288,1.5332424999796785,0.0,,278,278,ok,d4720d4b84c5aff50d44c78f0073321ae122c73f82d8431861e485b21a23e633,False
case_061,1,5,stageU12_k5,58790,77191,1.3129954073822079,544188,2688846,2144658,2144658,0,0.0,0,0,0,0,2688846,12288,10240,2.8032742999785114,0.0,,610,610,ok,2dbc0cf60d73e0947cffb109b6abecdcfb05f9e6da37b821b70e09ce75712d99,False
case_061,1,5,component_group3,23810,77191,3.2419571608567828,544188,637884,93696,93696,0,0.0,0,0,0,0,637884,38400,18444,0.6182404999854043,0.0,,14,14,ok,169caf3c651c6929aa310fca7268a46ffbfec8a24b9cb1c5fd0157c2326990d6,False
case_061,1,5,component_group4,23082,77191,3.3442076076596483,544188,604092,59904,59904,0,0.0,0,0,0,0,604092,38400,26640,0.9783865000063088,0.0,,10,10,ok,d7d592c4c0a0cd7a35c5cc9c2c69ee663ed15de68b69321e1911db60d96186ce,False
case_061,1,5,component_group5,24369,77191,3.167589970864623,544188,604092,59904,59904,0,0.0,0,0,0,0,604092,38400,30740,0.7955335000006016,0.0,,8,8,ok,f89151a691f2b53397686ef00b0cc0f02b112a256708f7453e504735305f9f52,False
case_061,1,5,component_group6,24609,77191,3.136697956032346,544188,584892,40704,40704,0,0.0,0,0,0,0,584892,38400,34840,0.9129661000042688,0.0,,7,7,ok,f5445f674b3689c9d4f7e261de378628987c20f6d1cc084484b0486f1e517146,False
case_061,1,5,component_group8,26217,77191,2.944310943281077,544188,578748,34560,34560,0,0.0,0,0,0,0,578748,38400,27668,0.7601115000143182,0.0,,5,5,ok,7c9b3032c47b03de25c9e34121229e7fdd70a65e1dbe3a39f5220a44fe61ba97,False
case_061,1,5,pipevec_merge,22283,77191,3.46412063007674,544188,822204,278016,278016,0,0.0,0,0,0,0,822204,19200,12288,0.5871105999976862,0.0,,40,40,ok,46e9ab68cf836cc579405a18443dcdd4c42d72666c50be907a31b6dd10678f24,False
case_061,1,5,membatch_70,22283,77191,3.46412063007674,544188,627900,83712,83712,0,0.0,0,0,0,0,627900,44544,14344,0.6676399999996647,0.0,,8,8,ok,c771062cbc0faebcbf449cc65b5351f0b7fa7f09ca02f2b88067f7f9a74ce2f1,False
case_061,1,5,whole_graph,77191,77191,1.0,544188,544188,0,0,0,0.0,0,0,0,0,544188,53760,52260,0.004093999974429607,0.0,,1,1,ok,74f5022dbb5fa4befca30aee40bc51c46b67df6661c1b0d24aea9f92f5d3950c,True
case_062,1,5,component_round_robin,2854809,2854809,1.0,13401600,13401600,0,0,0,0.0,0,0,0,0,13401600,7680,19968,0.0007191000040620565,0.0,,1,1,ok,3a28b2953d520877a762052ea62f5dc5b345ba964fa010561155200e30aac6e9,True
case_062,1,5,chain_heft,1141374,2854809,2.501203812247344,13401600,26795520,13393920,13393920,0,0.0,0,0,0,0,26795520,7680,4608,194.70132469999953,0.0,,4361,4361,ok,32bb86a815bbe8c236f4950217388919f85777d72f578dcd5c26b2ffe8502c66,False
case_062,1,5,window10_heft,669223,2854809,4.265856074880869,13401600,15117312,1715712,1715712,0,0.0,0,0,0,0,15117312,7680,16896,34.09221360000083,0.0,,558,558,ok,ae1f28c9adc35e0580ce8cf3e8ee0572af55f37f896115fc1dda09809a639f81,False
case_062,1,5,window16_heft,673310,2854809,4.239962275920453,13401600,13453824,52224,52224,0,0.0,0,0,0,0,13453824,7680,15360,52.8748445000092,0.0,,18,18,ok,4bbeea8f9268b0a48c3f73f38850461fbe5b6380ebd1a6f0daa160532c8d1883,False
case_062,1,5,scene_a_peft,1386641,2854809,2.058794597880778,13401600,13475328,73728,73728,0,0.0,0,0,0,0,13475328,7680,18432,321.23834040001384,0.0,,25,25,ok,bbeb28e4c1ccfd857a96c6ddeb1ea4971205f5eadd2645a182bee3ca2770f2de,False
case_062,1,5,scene_a_spine,1340865,2854809,2.1290801087357787,13401600,13475328,73728,73728,0,0.0,0,0,0,0,13475328,7680,18432,167.38232589999097,0.0,,25,25,ok,04010dcbfc2f4971652deb8782276c2149d981df82df28bb0b2a41569dd56415,False
case_062,1,5,window2_heft,2006712,2854809,1.4226301532058412,13401600,72631296,59229696,59229696,0,0.0,0,0,0,0,72631296,7680,7680,449.90876910000225,0.0,,9461,9461,ok,c83f0c6004ccdcb57fc866dd02a1f7915b889ce0ff03e2bb58d1a350e76281f1,False
case_062,1,5,window12_heft,603087,2854809,4.733660317665611,13401600,13854720,453120,453120,0,0.0,0,0,0,0,13854720,7680,13824,25.16336199999205,0.0,,147,147,ok,4aebe3d03d61828b6fc373c83a0f284b80d17c04913add53668465ba6da7be4a,False
case_062,1,5,window4_heft,1305156,2854809,2.187331629322472,13401600,37340160,23938560,23938560,0,0.0,0,0,0,0,37340160,7680,10752,182.89558250000118,0.0,,4519,4519,ok,dd1c8a917917dc9aefaed1dce00f07e7ca8a5786e559a6b3f44167b624b2f54e,False
case_062,1,5,hybrid20_10,612171,2854809,4.663417574501242,13401600,14608896,1207296,1207296,0,0.0,0,0,0,0,14608896,7680,16896,32.125610499992035,0.0,,394,394,ok,0170729b8ea3ade5198963648feba9a1ae6b851a85a61ebde4b48d1f0db0706a,False
case_062,1,5,window4_peft,1304687,2854809,2.188117916404471,13401600,37340160,23938560,23938560,0,0.0,0,0,0,0,37340160,7680,10752,101.85824460000731,0.0,,4519,4519,ok,58ce82a2c37e0909bdc7037385d2bcc1a8c6ce50c9ffbc633f9c7fc14e678cfd,False
case_062,1,5,window10_peft,677296,2854809,4.215009390281354,13401600,15117312,1715712,1715712,0,0.0,0,0,0,0,15117312,7680,16896,14.188222099997802,0.0,,558,558,ok,3d23b0040b607f19b4a5a1e7d9d433e395f0bfdb31b05a8bf690b293e64bce3a,False
case_062,1,5,bundle_pack,632223,2854809,4.51550955912708,13401600,20147712,6746112,6746112,0,0.0,0,0,0,0,20147712,7680,16896,65.54310050001368,0.0,,21,21,ok,f54b5d184d01d2f500d38470ebada74dbfdeb84a9942a1ad3d38b634ea699d97,False
case_063,1,5,component_round_robin,1070397,1070397,1.0,5021184,5021184,0,0,0,0.0,0,0,0,0,5021184,7680,16896,0.00022250000620260835,0.0,,1,1,ok,b9aed592a9fdffcf5ec893b6ef9d30ddf70a74c89f577f845cfd084af6585eae,True
case_063,1,5,chain_heft,427952,1070397,2.501208079410775,5021184,10034688,5013504,5013504,0,0.0,0,0,0,0,10034688,7680,4608,26.78743680001935,0.0,,1633,1633,ok,30e079ad5678fc210777608e9eb5081613594623b3db280f8d2dcac28934af99,False
case_063,1,5,window8_heft,350776,1070397,3.051511505918307,5021184,7575552,2554368,2554368,0,0.0,0,0,0,0,7575552,7680,16896,18.85915709999972,0.0,,831,831,ok,f48cc9e6681a2e46655dd4f4c0df388edbbf35d87baa1ddcc80740581474c920,False
case_063,1,5,window10_heft,254012,1070397,4.2139623324882285,5021184,5683200,662016,662016,0,0.0,0,0,0,0,5683200,7680,13824,6.846671200008132,0.0,,215,215,ok,cc7e32b9f66d8dba0992e9a66f977c78ca0798a91a21648d96761f181d9727e9,False
case_063,1,5,window16_heft,337213,1070397,3.1742459513719816,5021184,5058048,36864,36864,0,0.0,0,0,0,0,5058048,7680,15360,18.18585839998559,0.0,,13,13,ok,91972e722bf2ceb9ac5fdbc5f17d0f1a2c4505aacd6416e716d1243d02107b7e,False
case_063,1,5,scene_a_peft,423323,1070397,2.528558571114728,5021184,5082624,61440,61440,0,0.0,0,0,0,0,5082624,7680,15360,39.493768299988005,0.0,,21,21,ok,f3c6558e5d49c6946a2a1b65cba4bd51a3e837c5c467ebdb95059f4841d9fd3a,False
case_063,1,5,pipe_lane_pack,453800,1070397,2.3587417364477745,5021184,10034688,5013504,5013504,0,0.0,0,0,0,0,10034688,7680,4608,30.46306259999983,0.0,,1633,1633,ok,2375f503d5db60008684fa49c1d47dd5d98e61644fa00f0dd910eb91cfe253c7,False
case_063,1,5,scene_a_spine,399863,1070397,2.6769093414494463,5021184,5082624,61440,61440,0,0.0,0,0,0,0,5082624,7680,15360,20.8766248000029,0.0,,21,21,ok,bcc0a7b5c46f592f4f751e6a4dc5e98df830bb0d12288cbefb244d7bcbc2a944,False
case_063,1,5,window2_heft,752962,1070397,1.4215817000061093,5021184,27233280,22212096,22212096,0,0.0,0,0,0,0,27233280,7680,7680,60.86003780001192,0.0,,3549,3549,ok,b48393c244b71538b9a407cbb4c458281453b274af8bdf6997f68b4b6a8545c9,False
case_063,1,5,window12_heft,231514,1070397,4.623465535561564,5021184,5207040,185856,185856,0,0.0,0,0,0,0,5207040,7680,10752,4.6142953999806195,0.0,,60,60,ok,dbda8f3fe287303a3837d9410b7f3d947b05bf5e2cce40cb573783a4fde7965b,False
case_063,1,5,window4_heft,489284,1070397,2.1876803655954413,5021184,14011392,8990208,8990208,0,0.0,0,0,0,0,14011392,7680,10752,31.86582360000466,0.0,,1699,1699,ok,cc58e3f4e8d0ab8f78435abee61291d6de57f9501ffb5a253b76c11fc00ffab5,False
case_063,1,5,hybrid20_10,231955,1070397,4.614675260287556,5021184,5574144,552960,552960,0,0.0,0,0,0,0,5574144,7680,13824,6.990673599997535,0.0,,181,181,ok,8f48dc71cc3d04b88dfb68fbb689a98e37b35fc1366e17b39bd373b1d998ec05,False
case_063,1,5,bundle_pack,238808,1070397,4.4822493383806234,5021184,7561728,2540544,2540544,0,0.0,0,0,0,0,7561728,7680,16896,17.95714610000141,0.0,,16,16,ok,88bc943b59fd59aef2bffa10aa031ab91157df571037ecc31796d6d5f3415921,False
case_063,1,5,weighted_window_20_s1.0,758009,1070397,1.4121164788280878,5021184,29005824,23984640,23984640,0,0.0,0,0,0,0,29005824,7680,12288,79.95473270001821,0.0,,4126,4126,ok,d1bc20654e5ae343fc3d85145ff8e9f5b4c6cc7122053096c8d1bd1a6680b49f,False
case_063,1,5,weighted_window_15_s0.65,631654,1070397,1.694593875761097,5021184,24551424,19530240,19530240,0,0.0,0,0,0,0,24551424,7680,12288,50.63699679999263,0.0,,2676,2676,ok,6c28928cf01333ebf2472a2a9d874fdefcb1176fbefb6c856f3b40a4eed94937,False
case_063,1,5,weighted_window_10_s0.35,659985,1070397,1.6218504966021956,5021184,26492928,21471744,21471744,0,0.0,0,0,0,0,26492928,7680,10752,61.28732939998736,0.0,,3308,3308,ok,7400b1b0ffe2d463d17e5fc50cc7eb4cda402f32f0b833e923f2fb30b156cf92,False
case_063,1,5,critical_cut_b0.16_s1.0,710937,1070397,1.5056144215310217,5021184,22290432,17269248,17269248,0,0.0,0,0,0,0,22290432,7680,16896,55.74554289999651,0.0,,2603,2603,ok,6db035dbe3ba7a8c76dab3de74cded1f5a00448a7c3747232dfa27f3039c52bf,False
case_063,1,5,critical_cut_b0.06_s0.35,756637,1070397,1.4146770512147833,5021184,25178112,20156928,20156928,0,0.0,0,0,0,0,25178112,7680,16896,62.729717699985486,0.0,,2979,2979,ok,b39e54d5ffa79400529066d1f03985d5aca57179ae9557ece4f2323696f76609,False
case_063,1,5,win_w5,381710,1070397,2.8042152419375967,5021184,11982336,6961152,6961152,0,0.0,0,0,0,0,11982336,7680,12288,22.476692399999592,0.0,,1040,1040,ok,635296c2c147a43c27641c85db244a126c8195cded867618c3a409fc5295bed7,False
case_063,1,5,win_w7,357027,1070397,2.998084178507508,5021184,7610880,2589696,2589696,0,0.0,0,0,0,0,7610880,7680,12288,17.77380909997737,0.0,,841,841,ok,8371bec0bb65d86f1638f803a53c887cee965b5c7229b581dd75868ed5406565,False
case_063,1,5,stageU4_k5,627286,1070397,1.7063938936944232,5021184,20084736,15063552,15063552,0,0.0,0,0,0,0,20084736,7680,16896,47.88565270000254,0.0,,2452,2452,ok,cbbda764bbed31bd26e597e896f4a1a1f3623e2719564e7540e96b797de2088a,False
case_063,1,5,stageC5_k4,809497,1070397,1.3222989090756359,5021184,26359296,21338112,21338112,0,0.0,0,0,0,0,26359296,7680,16896,65.27251399998204,0.0,,3269,3269,ok,216539fcfc7cefdcd130dacd46a54e49885ae37b50f7256fff18b15295636cdb,False
case_063,1,5,stageU12_k5,744297,1070397,1.4381315523238707,5021184,26359296,21338112,21338112,0,0.0,0,0,0,0,26359296,7680,16896,63.773075400007656,0.0,,3269,3269,ok,4ee6953e49c61b6e808aef548e5418d5b31104c1496ba2a7aa4a3c4688018679,False
case_064,1,5,component_round_robin,19116,19116,1.0,37414,37414,0,0,0,0.0,0,0,0,0,37414,11648,6502,2.549999044276774e-05,0.0,,1,1,ok,0e3b42e1dbc1a5630fc2210cd2f0b6ab2434cffb077bf784caf4b64f3fcbad62,True
case_064,1,5,chain_heft,43704,19116,0.43739703459637563,37414,556744,519330,519330,0,0.0,0,0,0,0,556744,2048,2048,2.708811299991794,0.0,,652,652,ok,e9a749b66c52022e598a49ec66aed2321d3cfc1f68590c43f189d03cb86c7221,False
case_064,1,5,window8_heft,17191,19116,1.1119771973707173,37414,208414,171000,171000,0,0.0,0,0,0,0,208414,3328,8320,0.7963560999778565,0.0,,69,69,ok,3747cbfad644e173a29450069d4ffba23545df17c79d7f7aa78ca590279357d5,False
case_064,1,5,window10_heft,15401,19116,1.2412181027206026,37414,184452,147038,147038,0,0.0,0,0,0,0,184452,3328,8224,0.6171342000016011,0.0,,62,62,ok,c32697a3a47bb5def245605802b4fabe69ed3b5229c884cf6b876e4b8d2702e1,False
case_064,1,5,window16_heft,16917,19116,1.1299875864514985,37414,141420,104006,104006,0,0.0,0,0,0,0,141420,5632,10112,0.2828256000066176,0.0,,37,37,ok,703e800f2e4ce36cdab98146f3a6e7ddfd2d3ccd34a00dc7a46b7e3064a56e12,False
case_064,1,5,pipe_lane_pack,72223,19116,0.2646802265206375,37414,556744,519330,519330,0,0.0,0,0,0,0,556744,2048,2048,2.6231872999924235,0.0,,652,652,ok,5d5d32b0ba4c4c3057988440d18159b3a2d3232ec7584e4e476a6e09c9be2b9f,False
case_064,1,5,window12_heft,16085,19116,1.18843643145788,37414,176596,139182,139182,0,0.0,0,0,0,0,176596,3840,8320,0.5086460000020452,0.0,,49,49,ok,b8be1f3ef9601330b1605902bd9f0af15055cf34ac483aa1f398f4e77985d082,False
case_064,1,5,window4_heft,18688,19116,1.022902397260274,37414,292814,255400,255400,0,0.0,0,0,0,0,292814,3840,2818,1.023774199973559,0.0,,152,152,ok,e196ebb55b08546c7d9b3bc88f5ba81a1ac7223c6f878e9fd3943f7568a75bcf,False
case_064,1,5,hybrid20_10,15342,19116,1.2459913961673836,37414,166872,129458,129458,0,0.0,0,0,0,0,166872,3328,10016,0.5446972000063397,0.0,,38,38,ok,fc4c039d395343ab22abee799ceaf6a02666259e63bb334e3c51ecbee6dafaa1,False
case_064,1,5,hybrid32_16,16337,19116,1.1701046703801188,37414,134124,96710,96710,0,0.0,0,0,0,0,134124,5632,10112,0.41950570000335574,0.0,,33,33,ok,242ef85630144949814f4326de2815c797439a390f86cd1ca296593bff3468a0,False
case_064,1,5,window10_lowcomm,14431,19116,1.3246483265192988,37414,184452,147038,147038,0,0.0,0,0,0,0,184452,3328,8224,0.6704183999972884,0.0,,62,62,ok,065f0e488c865eb420cc120319a50e3bf4f7cbe5bb9b79c7e2cef11e4d13fdc4,False
case_064,1,5,window4_peft,20511,19116,0.9319877139096094,37414,292814,255400,255400,0,0.0,0,0,0,0,292814,3840,2818,1.1230178999830969,0.0,,152,152,ok,0f7fbf6cf4d334434e9b2f7f74e56c07678823cf3c5c5fecfbdb66b940da5af6,False
case_064,1,5,weighted_window_20_s1.0,17384,19116,1.0996318453750575,37414,250126,212712,212712,0,0.0,0,0,0,0,250126,4096,7840,0.8730919000227004,0.0,,87,87,ok,61557591b52feca018f641e67d37f544ef3366dce17bcd4cc392f06bb7b59f43,False
case_064,1,5,weighted_window_15_s0.65,11175,19116,1.7106040268456375,37414,219254,181840,181840,0,0.0,0,0,0,0,219254,3136,2336,0.6531869000173174,0.0,,72,72,ok,53e30ca708c0d24c3efd4d73af6fe0e01b48bb1c9b905282600a658e9e3dffd8,False
case_064,1,5,weighted_window_10_s0.35,13710,19116,1.3943107221006565,37414,176100,138686,138686,0,0.0,0,0,0,0,176100,4864,8096,0.5340661999944132,0.0,,49,49,ok,942c3b7bba1e29dfb8bcb18121d29b386761bb5cbba9d3c837934a3622a4f1aa,False
case_064,1,5,critical_cut_b0.16_s1.0,19083,19116,1.0017292878478228,37414,62550,25136,25136,0,0.0,0,0,0,0,62550,6144,5684,0.5734959999972489,0.0,,19,19,ok,9b4128af15e74c06debcd8ba69d5e25f79c15e6a2d4a9a5359bafe9be72dab6f,False
case_064,1,5,critical_cut_b0.06_s0.35,18033,19116,1.0600565629678922,37414,93510,56096,56096,0,0.0,0,0,0,0,93510,6144,7808,0.6324351000075694,0.0,,24,24,ok,360b335f7f11dfd0176b115feb854a43d22a1805f69bded7fc9c34215f3ed7b9,False
case_064,1,5,win_w5,18425,19116,1.0375033921302579,37414,246064,208650,208650,0,0.0,0,0,0,0,246064,3328,8080,0.7852350999892224,0.0,,120,120,ok,0ca38183a229d2a1ad71f6879cd53b8418ebaa729137e1b87e1d9b06f0f27e5f,False
case_064,1,5,win_w7,17785,19116,1.0748383469215632,37414,229250,191836,191836,0,0.0,0,0,0,0,229250,3328,8320,0.6961230000015348,0.0,,85,85,ok,f40451100f4722eb9b6184d517826facf829f60cf522bab4b17e5997e52c7888,False
case_064,1,5,win_w14,16039,19116,1.1918448781096078,37414,151054,113640,113640,0,0.0,0,0,0,0,151054,3328,8320,0.6916505999979563,0.0,,41,41,ok,456f8fa259ca8d6e8954f9f0f90feb21dfc3b265c0947f9cab99199d1f7fe58b,False
case_064,1,5,win_w23,15549,19116,1.2294038201813622,37414,110032,72618,72618,0,0.0,0,0,0,0,110032,6144,4162,0.3391667999967467,0.0,,32,32,ok,7404c7159b1ffee724111e10bc05a9abb952de6d9c760b75235c5c44721ed1d8,False
case_064,1,5,stageU4_k5,17169,19116,1.1134020618556701,37414,94948,57534,57534,0,0.0,0,0,0,0,94948,8480,5988,0.5179285999911372,0.0,,21,21,ok,54fa51295fdabc8ba69d45681fe9f6125d1c8a45dfc5893adfef150411c720db,False
case_064,1,5,stageC5_k4,18829,19116,1.015242445164374,37414,76036,38622,38622,0,0.0,0,0,0,0,76036,6208,5956,0.5647432999976445,0.0,,23,23,ok,52ec2672e0dad6d8c566490d70c40594cb39b862e0535c7d0de646af17290794,False
case_064,1,5,stageU12_k5,15778,19116,1.2115604005577387,37414,191488,154074,154074,0,0.0,0,0,0,0,191488,3840,3888,0.6224519000097644,0.0,,53,53,ok,420a44292940779b24b8752bc54b2ef9f0c95efc88a21d1f15a2cbd0ed04d314,False
case_065,1,5,component_round_robin,14672,53068,3.616957470010905,316202,372074,55872,55872,0,0.0,0,0,0,0,372074,32256,34824,0.6319062999973539,0.0,,5,5,ok,45befce59911115459bae44a093ebe56d3b00c8b0f5c6fd24017e9004fa8e869,False
case_065,1,5,component_lpt,10984,53068,4.8313911143481425,316202,372074,55872,55872,0,0.0,0,0,0,0,372074,32256,24650,0.734975300001679,0.0,,5,5,ok,25f4ab0dd108cc378ea275489b4b69285ed0e9285485a180c85f171ee7f9333d,False
case_065,1,5,component_pipe_balance,11607,53068,4.572068579305592,316202,371930,55728,55728,0,0.0,0,0,0,0,371930,32256,24584,1.3666939999966417,0.0,,5,5,ok,3c1776b97663dfdad7c0d03b16fe7e2e0cbe27ddc26fa46798aebfd054c9eae9,False
case_065,1,5,component_batches_128,11643,53068,4.557931804517736,316202,371930,55728,55728,0,0.0,0,0,0,0,371930,32256,24580,0.8624071000085678,0.0,,8,8,ok,2d0c59381f8bb1f29bba80c9b3434cafba1b81e6ef90ab42cb14aa1b5f71d2da,False
case_065,1,5,component_pipe_lpt,14279,53068,3.716506758176343,316202,427802,111600,111600,0,0.0,0,0,0,0,427802,23040,24580,0.38972669999930076,0.0,,42,42,ok,e31995333d53cad4b1bb95754a0d80deda2a946ac626038baf8e0ba9c7f9e3e6,False
case_065,1,5,component_comm,14495,53068,3.6611245256985168,316202,427802,111600,111600,0,0.0,0,0,0,0,427802,23040,24580,0.45642110001062974,0.0,,42,42,ok,751ee25a35d37b3d3df34e7121ca258c221964fd36d72160abe9f094e6f4d222,False
case_065,1,5,scene_a_peft,15944,53068,3.3283993978926243,316202,464666,148464,148464,0,0.0,0,0,0,0,464666,23040,24580,0.6972580000001471,0.0,,46,46,ok,64a91bd755c4f94627b0237fe85471d5c24953b983690a7a1899de47444b7250,False
case_065,1,5,scene_a_spine,14949,53068,3.549936450598702,316202,464666,148464,148464,0,0.0,0,0,0,0,464666,23040,24580,0.5716219999885652,0.0,,46,46,ok,797cddd7f12bebc76672d34e549c40c0e9336184cb2e9f5c64c64e4eb41d9fe2,False
case_065,1,5,weighted_window_20_s1.0,45091,53068,1.1769089175223437,316202,2184672,1868470,1868470,0,0.0,0,0,0,0,2184672,13824,12288,1.9069592999876477,0.0,,402,402,ok,2b6b312568dca7ce7bfe093b66756c127aecf9df911e9b33a8dc8ac8ebec222f,False
case_065,1,5,weighted_window_15_s0.65,43364,53068,1.2237800940872614,316202,2097372,1781170,1781170,0,0.0,0,0,0,0,2097372,13824,12290,2.1267039999947883,0.0,,383,383,ok,ec4684a15ab6fd648e599589d2a2fe2578b54683bb6f1e5b459b9fb62cca8057,False
case_065,1,5,weighted_window_10_s0.35,35471,53068,1.49609540187759,316202,1680032,1363830,1363830,0,0.0,0,0,0,0,1680032,13824,12290,1.5282264999987092,0.0,,273,273,ok,bcc6836d276d3cacaaceb6dd1c8f5723ff49db337c8fd5c28d42e6b86d440332,False
case_065,1,5,critical_cut_b0.16_s1.0,18061,53068,2.938264769392614,316202,699214,383012,383012,0,0.0,0,0,0,0,699214,27648,24580,0.4127520000038203,0.0,,84,84,ok,c7965af4d5f3a9b102d4b1186ac112be8b176f251216d40f9c2a7033983b3763,False
case_065,1,5,critical_cut_b0.06_s0.35,21802,53068,2.4340886157233284,316202,961660,645458,645458,0,0.0,0,0,0,0,961660,27648,16384,1.0002839000080712,0.0,,123,123,ok,7083ff24e7a0208ae4214cbf96894f7af59b647e74281d9e7b679ae07b28e3d2,False
case_065,1,5,win_w5,21788,53068,2.4356526528364237,316202,976986,660784,660784,0,0.0,0,0,0,0,976986,23040,16388,1.2896037000173237,0.0,,143,143,ok,194ccf269fb9585ca9988579a23f99bbefba1e49f08672a7c2fb8d3119487387,False
case_065,1,5,win_w7,17590,53068,3.016941444002274,316202,683382,367180,367180,0,0.0,0,0,0,0,683382,23040,16388,0.3402698000136297,0.0,,94,94,ok,7663162049865b270a5f51069b2d5304a32c96a6b6a84b94272852b8ec060e97,False
case_065,1,5,win_w14,15077,53068,3.5197983683756715,316202,463690,147488,147488,0,0.0,0,0,0,0,463690,23040,24580,0.5618854000058491,0.0,,59,59,ok,6fa69a15c6c174d643a9e7ec9ad9dfa31bab4caa0ca03f41def733ae46a22242,False
case_065,1,5,stageU4_k5,26653,53068,1.9910704235920909,316202,1251222,935020,935020,0,0.0,0,0,0,0,1251222,18432,16386,0.9229675000242423,0.0,,176,176,ok,17aa3925d08d274886ed1a5f511f1bcdd3e91add0cd9638676394411d12617bc,False
case_065,1,5,stageC5_k4,30888,53068,1.7180782180782181,316202,1219578,903376,903376,0,0.0,0,0,0,0,1219578,23040,16384,1.2779506999941077,0.0,,198,198,ok,9cd8f4d34b45b982daaa9d3be8215a703ddc72f417602c95f2b5ec54bf2545e9,False
case_065,1,5,stageU12_k5,37933,53068,1.398992961273825,316202,1831370,1515168,1515168,0,0.0,0,0,0,0,1831370,18432,16386,1.1671406999812461,0.0,,335,335,ok,0c163214e8148fd00aac8b5a9bf3375563a67e9e505e72c5d2a202f999856013,False
case_065,1,5,component_group3,12595,53068,4.21341802302501,316202,344138,27936,27936,0,0.0,0,0,0,0,344138,36864,57356,0.3751621000119485,0.0,,14,14,ok,a932ff397fa531d33fbad0aa035736cfea72853109c039e510160ea474df0dae,False
case_065,1,5,component_group4,11936,53068,4.446045576407506,316202,343994,27792,27792,0,0.0,0,0,0,0,343994,36864,57356,0.7643714000005275,0.0,,11,11,ok,91e6360962f980762511ec26504d39464276ef50729aa71769325d8d7b79c573,False
case_065,1,5,component_group5,14895,53068,3.5628063108425647,316202,330170,13968,13968,0,0.0,0,0,0,0,330170,36864,40968,0.5634197000181302,0.0,,9,9,ok,fadfcc930194b16a23062acd34894644d8b775d9dd8423ea012e39fc290353d5,False
case_065,1,5,component_group6,17559,53068,3.0222677829033544,316202,330170,13968,13968,0,0.0,0,0,0,0,330170,36864,57356,0.931256800016854,0.0,,7,7,ok,3435e7c4829a081a6d260c8ac648f9ba2ab2676a1546de0267bb05d5faf97b1f,False
case_065,1,5,component_group8,22303,53068,2.3794108415908175,316202,330170,13968,13968,0,0.0,0,0,0,0,330170,36864,57356,0.5563489000196569,0.0,,6,6,ok,536949bd7e9679ff3c9aa92fb5cfe6063fefa7dba73963cfd0ac11c832914c42,False
case_065,1,5,pipevec_merge,14350,53068,3.6981184668989546,316202,427802,111600,111600,0,0.0,0,0,0,0,427802,23040,24580,0.5092403999879025,0.0,,42,42,ok,e577a2a1926bf4cf3ffe410203723ebec973f61a2db584dbe83523470ee29d12,False
case_065,1,5,membatch_70,11865,53068,4.472650653181627,316202,371930,55728,55728,0,0.0,0,0,0,0,371930,32256,24580,0.5895840000011958,0.0,,10,10,ok,abe0edfd0cf940ae71ffa390d386c100a01b49310451af1db366881c61f970c6,False
case_065,1,5,whole_graph,53068,53068,1.0,316202,316202,0,0,0,0.0,0,0,0,0,316202,36864,77844,0.0004366999783087522,0.0,,1,1,ok,adf1fd4a35a155b3d4d28b9998c4889fddc7dec2b6bddcaaf2f3f819133d0c98,True
case_066,1,5,component_round_robin,252725,359070,1.4207933524582055,1107034,1153306,46272,46272,0,0.0,0,0,0,0,1153306,316736,66790,21.06055969998124,0.0,,5,5,ok,b587868887f6a025ddb4e4b99f3a30dddd34796cc1f7bb239741668cb87fac32,False
case_066,1,5,component_lpt,250449,359070,1.4337050657019992,1107034,1136314,29280,29280,0,0.0,0,0,0,0,1136314,316736,66790,20.02026040002238,0.0,,5,5,ok,025d04f30612afa063cb8e30de7db0bcffcb948e6008d523da3952d0f5798df9,False
case_066,1,5,component_pipe_balance,250449,359070,1.4337050657019992,1107034,1136314,29280,29280,0,0.0,0,0,0,0,1136314,316736,66790,21.234375400003046,0.0,,5,5,ok,d80a0fbd4a5804b6a5d7d9d0f9dad8c5a7b96783518fa2be1ad978dea0a79a65,False
case_066,1,5,chain_heft,317421,359070,1.1312106004328637,1107034,10994998,9887964,9887964,0,0.0,0,0,0,0,10994998,49152,24576,75.82761470001424,0.0,,4315,4315,ok,d15f2181cc0c9917e6d2a270bf2385b449f57c48f1dc0d5b125993ffcbafc5ac,False
case_066,1,5,window8_heft,150435,359070,2.386878053644431,1107034,4501384,3394350,3394350,0,0.0,0,0,0,0,4501384,56320,122912,8.282025099993916,0.0,,290,290,ok,14f2e587d57ec014a476d0124a855cc8e4de5b856b743ad8a9a588266a1acf43,False
case_066,1,5,window10_heft,152409,359070,2.3559632305178826,1107034,4591996,3484962,3484962,0,0.0,0,0,0,0,4591996,49152,122912,7.9021452000015415,0.0,,264,264,ok,69e6cfcb950fea3c8a8a99c3d6b52baee4aa44c6471a3e126a44fd5a56806967,False
case_066,1,5,window16_heft,150623,359070,2.3838988733460362,1107034,3466860,2359826,2359826,0,0.0,0,0,0,0,3466860,56320,122912,6.66041939999559,0.0,,138,138,ok,7acf9bfabfbc9a567bca7165311e99000c6eb58014a077ec5f1efc3cdcaeccfb,False
case_066,1,5,component_pipe_lpt,249662,359070,1.438224479496279,1107034,1198234,91200,91200,0,0.0,0,0,0,0,1198234,316736,66790,19.478160700004082,0.0,,28,28,ok,33c86540f1ee141c7f0bbfbd51807c62d168626a3bec448d9d3a0509a41c739c,False
case_066,1,5,component_comm,254738,359070,1.409565906931828,1107034,1198234,91200,91200,0,0.0,0,0,0,0,1198234,316736,66790,19.01455559997703,0.0,,28,28,ok,0df1bfac052ca6258dd4b9f4f5458ce9e28803526e716529d9402c3f58d6b187,False
case_066,1,5,window2_heft,239086,359070,1.5018445245643828,1107034,8993520,7886486,7886486,0,0.0,0,0,0,0,8993520,49152,24576,40.236782199994195,0.0,,2459,2459,ok,7065f8c5bed925534b593b4e12bfa8db467eac54a49990639aab05df920d6a35,False
case_066,1,5,window12_heft,174014,359070,2.0634546645672187,1107034,4241458,3134424,3134424,0,0.0,0,0,0,0,4241458,49152,122912,7.293921299977228,0.0,,213,213,ok,142ae7c2b49a602bd573dadc63f2526b09214a0580f855b02b678920d65128dc,False
case_066,1,5,window4_heft,182545,359070,1.967021830233641,1107034,5956384,4849350,4849350,0,0.0,0,0,0,0,5956384,49152,32800,15.833938799973112,0.0,,843,843,ok,721a9d9d8225109148a6894aa6603a629de25addae9300b0eeb75b552cc6d233,False
case_066,1,5,weighted_window_20_s1.0,176777,359070,2.0312031542564926,1107034,2756382,1649348,1649348,0,0.0,0,0,0,0,2756382,65536,28802,6.843437600007746,0.0,,106,106,ok,1cc5227cfcd48b27d0ec43aec4284dee18f6fa4c88fa705982f7790532e8f1bb,False
case_066,1,5,weighted_window_15_s0.65,164820,359070,2.1785584273753185,1107034,2976126,1869092,1869092,0,0.0,0,0,0,0,2976126,65536,67616,10.20857519999845,0.0,,91,91,ok,23ccc5052d174a1b2e8e7a135d0b90204d4776ae322901febc5cda372a6c784d,False
case_066,1,5,weighted_window_10_s0.35,175333,359070,2.047931650060171,1107034,2383500,1276466,1276466,0,0.0,0,0,0,0,2383500,107712,32834,10.714070599991828,0.0,,72,72,ok,cea13c587d901a51d64b57fa1f615f32e7c54f8a6c97cc739447b9c610553591,False
case_066,1,5,critical_cut_b0.16_s1.0,221193,359070,1.623333468961495,1107034,1802848,695814,695814,0,0.0,0,0,0,0,1802848,177536,63524,7.428133900015382,0.0,,73,73,ok,2e57af0f4d0105a8e923db23a405e1a86ee1b86a12460575bb7ad9083c9ca40d,False
case_066,1,5,critical_cut_b0.06_s0.35,202529,359070,1.772931283914896,1107034,2152362,1045328,1045328,0,0.0,0,0,0,0,2152362,177536,100480,7.6884343000128865,0.0,,75,75,ok,10eab9fe5a847a84cd580c876542fa15210fbdfb569c604ded2be715dd58f22d,False
case_066,1,5,win_w5,155859,359070,2.303813061805863,1107034,5815984,4708950,4708950,0,0.0,0,0,0,0,5815984,49152,122912,12.268733100005193,0.0,,650,650,ok,bba2e158bf111e07fbbf913abd828a949eaba1e4d491b214be69e90b08c29d45,False
case_066,1,5,win_w7,159054,359070,2.2575351767324303,1107034,4911312,3804278,3804278,0,0.0,0,0,0,0,4911312,56320,122912,8.947537100000773,0.0,,364,364,ok,0ec46f6822270cc5f0ac9e94e000283790bf234f6f5639e1be578203f71a0382,False
case_066,1,5,win_w14,138479,359070,2.59295633272915,1107034,4080436,2973402,2973402,0,0.0,0,0,0,0,4080436,56320,122912,6.6310051000036765,0.0,,178,178,ok,a937914611190c9875966a5e40bc37684137001da981f7ebf23153f837fed68c,False
case_066,1,5,win_w23,151337,359070,2.372651763944045,1107034,3425676,2318642,2281778,36864,0.0,0,0,0,0,3425676,49152,129120,5.990154900006019,0.0,,103,103,ok,79629ae74de2248eea82b9c5fb971fa82e280d774b31058b0b28399adc24a91a,False
case_066,1,5,stageU4_k5,108033,359070,3.3237066451917467,1107034,3198196,2091162,2091162,0,0.0,0,0,0,0,3198196,49152,48736,6.824680999998236,0.0,,87,87,ok,ab4f6958fc87e406f8f797cba3a49b3271f8791b1acd3d64f2a8b84ded4603cf,False
case_066,1,5,stageC5_k4,213693,359070,1.6803077311844563,1107034,1794458,687424,687424,0,0.0,0,0,0,0,1794458,174080,43204,10.988463799993042,0.0,,88,88,ok,e410bff27d4bcc921fc76cc04f0562715f90f85dda1915e240345a1322310630,False
case_066,1,5,stageU12_k5,144359,359070,2.4873405883942117,1107034,5367598,4260564,4260564,0,0.0,0,0,0,0,5367598,49152,41504,13.710560599982273,0.0,,457,457,ok,d8afee69e9ef50cb87d48ee3ae492e50251b7908c46882017b2fcd7676cbb647,False
case_066,1,5,component_group3,251436,359070,1.4280771249940343,1107034,1143514,36480,36480,0,0.0,0,0,0,0,1143514,316736,66790,29.625073100003647,0.0,,10,10,ok,e113265462d25f19d22446d6172d5692103042d0dc0b49a0b3bc21b4bdd4a940,False
case_066,1,5,component_group4,253678,359070,1.4154558140634979,1107034,1134730,27696,27696,0,0.0,0,0,0,0,1134730,316736,66790,31.71568049999769,0.0,,7,7,ok,0a984e33bbf1d3752c38a3a8dff1e7fbe45166a5417a0f7062289a8011ebcbc5,False
case_066,1,5,component_group5,254937,359070,1.4084656209181092,1107034,1134730,27696,27696,0,0.0,0,0,0,0,1134730,316736,66790,28.465801199985435,0.0,,6,6,ok,770e69a321d2dfb57323a3b40c58bca0586dc15cb35f67516b29a020908390ff,False
case_066,1,5,component_group6,253739,359070,1.4151155321018842,1107034,1127818,20784,20784,0,0.0,0,0,0,0,1127818,316736,66790,22.25774719999754,0.0,,5,5,ok,8576aa7bbf525962f44d0cad42bc5c3a9f80045b6b8b224e3eae13e69348ffb5,False
case_066,1,5,component_group8,255973,359070,1.4027651353853727,1107034,1127818,20784,20784,0,0.0,0,0,0,0,1127818,316736,66790,17.249884999997448,0.0,,4,4,ok,d579f2f0a8c999803831425db764490274691aa3f2534ea081628661a84a2a51,False
case_066,1,5,pipevec_merge,249758,359070,1.4376716661728552,1107034,1198234,91200,91200,0,0.0,0,0,0,0,1198234,316736,66790,10.116607599979034,0.0,,28,28,ok,6c1e8e7178408317b3af47152b6f6c6f7228909a5f132aab8d3ed31d920c392c,False
case_066,1,5,whole_graph,359070,359070,1.0,1107034,1107034,0,0,0,0.0,0,0,0,0,1107034,329024,66790,0.001961200003279373,0.0,,1,1,ok,f85e59af8b1a1ace046883dbfa57322547706da660c2c2734a0ba04fa329873c,True
case_067,1,5,component_round_robin,15931687,63834834,4.006784341168641,6048128,268798208,262750080,14886400,247863680,0.0,0,0,0,0,268798208,513024,0,22.42649220000021,0.0,,5,5,ok,641a4ced7312dd343437d661ed65a184d94fef87d8de6543fdf114fc7ef96d84,False
case_067,1,5,component_batches,16157217,63834834,3.950855769282544,6048128,255991808,249943680,130256000,119687680,0.0,0,0,0,0,255991808,513024,0,6.957449300010921,0.0,,36,36,ok,7385e2a9910614056801214bc19acbf9087e4bfc03adda10a5932c1850992fff,False
case_067,1,5,component_batches_128,15967384,63834834,3.997826694717181,6048128,266560128,260512000,260512000,0,0.0,0,0,0,0,266560128,328704,0,7.543222699983744,0.0,,71,71,ok,a9309ec87996af8258ffc4c5d902714a5f3fe7b858b4d04e186bf9bfeaa660fc,False
case_067,1,5,component_batches_512,16042498,63834834,3.9791081164541833,6048128,262425728,256377600,70710400,185667200,0.0,0,0,0,0,262425728,513024,0,8.832170800014865,0.0,,20,20,ok,9d0187d82c588eb723760f652a5f20640bb266e1e3d93d8700553e6a9094ce1b,False
case_067,1,5,component_pipe_lpt,15967384,63834834,3.997826694717181,6048128,266560128,260512000,260512000,0,0.0,0,0,0,0,266560128,328704,0,6.31511729999329,0.0,,71,71,ok,629aed92043544a86ef335b3bdf4d2e64a06632f7da9adc4e4916e9d6716c1da,False
case_067,1,5,share_pack_10,15233731,63834834,4.190361113767862,6048128,266674048,260625920,33494400,227131520,0.0,0,0,0,0,266674048,513024,0,17.01181070000166,0.0,,10,10,ok,c1f1a1b9f0512a8810c94acaefd22dafc37c768e7061ff218dafdc5fa04b404c,False
case_067,1,5,weighted_window_20_s1.0,13546729,63834834,4.712195394179657,6048128,305674880,299626752,299626752,0,0.0,0,0,0,0,305674880,299008,0,30.920101499999873,0.0,,1491,1491,ok,5953143f383776a9ba1cddf447eb8f3355290d8e4a8a643b5e4ee43dcf02fc9c,False
case_067,1,5,weighted_window_15_s0.65,13766297,63834834,4.6370373964763365,6048128,294623872,288575744,288575744,0,0.0,0,0,0,0,294623872,299008,0,24.546581700007664,0.0,,1136,1136,ok,c98ac053277bb696676e7ff2a9884457bb27f2e68461e0fd23cdd3970d2cddab,False
case_067,1,5,weighted_window_10_s0.35,13965614,63834834,4.570857679440374,6048128,287644288,281596160,281596160,0,0.0,0,0,0,0,287644288,300032,0,18.722274800005835,0.0,,781,781,ok,12e7514f0d9ccf2388924d7bdce05f3d10174907454258699fb606cbc4ffd3f3,False
case_067,1,5,critical_cut_b0.16_s1.0,15243533,63834834,4.187666599337568,6048128,274993792,268945664,268945664,0,0.0,0,0,0,0,274993792,300032,0,9.533551599975908,0.0,,355,355,ok,c0adfd3aedfc9a3d614b4b2612a5153a62c6c8c0787b80846966526946f720db,False
case_067,1,5,critical_cut_b0.06_s0.35,14327835,63834834,4.455302144392366,6048128,273103488,267055360,267055360,0,0.0,0,0,0,0,273103488,297984,0,11.167740999982925,0.0,,355,355,ok,7899227c30c7dc464f29baeea95bc0a47cc4e8586c481082cc2898a654c6d6d1,False
case_067,1,5,win_w5,14058248,63834834,4.540738931337675,6048128,308001408,301953280,301953280,0,0.0,0,0,0,0,308001408,297984,0,36.128807900007814,0.0,,1775,1775,ok,bc0da11ce882bfa04b53948ed47f0bb065fa14db4cb2d08e874eb4a81d7c9842,False
case_067,1,5,win_w7,13376272,63834834,4.772244015372893,6048128,290407040,284358912,284358912,0,0.0,0,0,0,0,290407040,297984,0,27.556984900002135,0.0,,1278,1278,ok,b239bcc10ab2e0498169ecaa46cce16e7a232fd1fb2f7a8b5969233e064fda2f,False
case_067,1,5,win_w14,13825399,63834834,4.617214591781401,6048128,277756544,271708416,271708416,0,0.0,0,0,0,0,277756544,300032,0,16.296034900005907,0.0,,639,639,ok,e4bbea79a2cfb995eb80b01b738e7aff083490a0b46476ae338119da1bab5e76,False
case_067,1,5,win_w23,15025155,63834834,4.248530813825215,6048128,279937664,273889536,273889536,0,0.0,0,0,0,0,279937664,300032,0,12.59763900001417,0.0,,426,426,ok,3fc983c2f5168bffb22152c0c1f5cf5d340d72cb99ef29ba6220fa4b707a1739,False
case_067,1,5,component_group3,16071431,63834834,3.971944626461701,6048128,260726400,254678272,85596800,169081472,0.0,0,0,0,0,260726400,513024,0,7.945139299990842,0.0,,24,24,ok,ab87dda865539a846b4155455eea0c380ff35853b132fbe988c397cdbdfd8806,False
case_067,1,5,component_group4,16881078,63834834,3.78144298604627,6048128,263275392,257227264,63267200,193960064,0.0,0,0,0,0,263275392,513024,0,9.4118610000005,0.0,,18,18,ok,dd90e48c91b811429e2723615fa559407e1aacdfe906a9662d385665022b6984,False
case_067,1,5,component_group5,15991895,63834834,3.9916991701108593,6048128,264913280,258865152,52102400,206762752,0.0,0,0,0,0,264913280,513024,0,9.393625299999258,0.0,,15,15,ok,9bb9ac37836473ae6c4597673763a7485261acb9994eb94de222ab13aa282a17,False
case_067,1,5,component_group6,18545746,63834834,3.442020288641934,6048128,265824384,259776256,40937600,218838656,0.0,0,0,0,0,265824384,513024,0,12.305550300021423,0.0,,12,12,ok,2f918a306bfa346e35590a4deb221bf7b5c7232144b78d64a1add42577ff63a9,False
case_067,1,5,component_group8,16810444,63834834,3.7973318253818875,6048128,267098880,261050752,29772800,231277952,0.0,0,0,0,0,267098880,513024,0,13.164529800007585,0.0,,9,9,ok,1433a344d70b5ff78b8682810e12ba8f8fbc8db50c6daa1b9c679dadedf67ec5,False
case_067,1,5,whole_graph,63834834,63834834,1.0,6048128,270497536,264449408,0,264449408,0.0,0,0,0,0,270497536,513024,0,0.021704499988118187,0.0,,1,1,ok,c7412c6f2efb337c7c62c68c75836b4468d095ea7b238a95a75487599b1010a1,True
case_068,1,5,component_round_robin,311839,362095,1.1611600858135127,2771250,2773842,2592,2592,0,0.0,0,0,0,0,2773842,162048,98304,19.11472280000453,0.0,,5,5,ok,80c1a493bb735c8f114e4b91b909887c6f157f1725438ee1ba9f2f39b786e724,False
case_068,1,5,component_lpt,304058,362095,1.1908747673141309,2771250,2773194,1944,1944,0,0.0,0,0,0,0,2773194,162048,98304,17.018394300015643,0.0,,5,5,ok,1efb313e127c48e42711efaa42963439d6cdaa7817b3b608c447eb34c34c5f2f,False
case_068,1,5,component_pipe_balance,304058,362095,1.1908747673141309,2771250,2773194,1944,1944,0,0.0,0,0,0,0,2773194,162048,98304,19.23931740000262,0.0,,5,5,ok,67ebfeae4992d12c1750ada44192494c6c951ceeb232e528ab94c9a314b324b9,False
case_068,1,5,chain_heft,317945,362095,1.1388604947396563,2771250,12471836,9700586,9700586,0,0.0,0,0,0,0,12471836,43008,24576,56.24529180000536,0.0,,3644,3644,ok,6bffed1e54ccee473cb655a31cc91159d4e3d69ed1ddb283cf14fe608c5dfcf3,False
case_068,1,5,window8_heft,204871,362095,1.7674292603638386,2771250,6506904,3735654,3735654,0,0.0,0,0,0,0,6506904,43008,49152,6.698834299982991,0.0,,310,310,ok,3758f6ec5ebfa718c0da8e26407808022d69ed706d8bcfa1881f1e4cbd0794cb,False
case_068,1,5,window10_heft,212439,362095,1.7044657525219005,2771250,6033644,3262394,3262394,0,0.0,0,0,0,0,6033644,43008,49152,5.789154099998996,0.0,,284,284,ok,bf9c30fd102704668362d141413e85c1edc57741bc32961f21959011dfa0a0dd,False
case_068,1,5,window16_heft,177749,362095,2.037114132850255,2771250,5295226,2523976,2523976,0,0.0,0,0,0,0,5295226,43008,57344,5.394278200023109,0.0,,156,156,ok,71d815b5046f9f310fe2241da4bf563a28542470647d921bb0a5e34c4b7e7b93,False
case_068,1,5,component_pipe_lpt,303479,362095,1.1931468075221021,2771250,2776434,5184,5184,0,0.0,0,0,0,0,2776434,162048,98304,17.073665300005814,0.0,,32,32,ok,e54a44ee6cf85d1390acef03a1fa738408e6b174ee480d92345bcf21fc4f3aaa,False
case_068,1,5,component_comm,304215,362095,1.190260177834755,2771250,2776434,5184,5184,0,0.0,0,0,0,0,2776434,162048,98304,18.120215900009498,0.0,,32,32,ok,aff69a619b3dfd13a0b225c45a4140638c4424ec59ad1d0965811aa853fd365e,False
case_068,1,5,pipe_lane_pack,331072,362095,1.0937046926348348,2771250,12471836,9700586,9700586,0,0.0,0,0,0,0,12471836,43008,24576,52.15900210000109,0.0,,3644,3644,ok,c900c4ad6ff105f376489860cb4cb659da624a5ccdcb1a1b11c7f564c6f0775f,False
case_068,1,5,window2_heft,269228,362095,1.3449381193635135,2771250,11045852,8274602,8274602,0,0.0,0,0,0,0,11045852,43008,32768,34.695087799977046,0.0,,2194,2194,ok,678ded9286e278f8c85c47c1b578b5fe6b0c9f768b2eb703bc1bc85c503eedd9,False
case_068,1,5,window12_heft,201734,362095,1.7949131033935777,2771250,5942366,3171116,3171116,0,0.0,0,0,0,0,5942366,43008,49152,5.727062699996168,0.0,,254,254,ok,0acec2f4fe98a148225c9a8cdf11d253cf0a05423850ed050fe7fc2c8064c083,False
case_068,1,5,weighted_window_20_s1.0,240849,362095,1.5034108507820252,2771250,4631182,1859932,1859932,0,0.0,0,0,0,0,4631182,89280,57344,4.8449970000074245,0.0,,128,128,ok,eb4ec23a7fbf475f2d7b92a051d345623962276e88b16116174a5390e1d0c5de,False
case_068,1,5,weighted_window_15_s0.65,244047,362095,1.4837101050207542,2771250,4387684,1616434,1616434,0,0.0,0,0,0,0,4387684,89280,73728,4.501857099996414,0.0,,109,109,ok,3fd19f54da88e85ef5024b9ec9afc066b722628387f362cec06a789fb125057b,False
case_068,1,5,weighted_window_10_s0.35,261645,362095,1.3839171396357661,2771250,3801142,1029892,1029892,0,0.0,0,0,0,0,3801142,89280,98304,4.573037800000748,0.0,,85,85,ok,c7eb94e3a051ca7e689b3a0f77fe6e50167491368dc9b1778cd8a481014022b5,False
case_068,1,5,critical_cut_b0.16_s1.0,295473,362095,1.225475762590829,2771250,3121006,349756,349756,0,0.0,0,0,0,0,3121006,179392,98304,6.286407399980817,0.0,,65,65,ok,1891d5663216efb74fb8d8f1a7452823738b0828278285d730ff738ed7edbeeb,False
case_068,1,5,critical_cut_b0.06_s0.35,303669,362095,1.192400277934198,2771250,3036758,265508,265508,0,0.0,0,0,0,0,3036758,179392,90112,4.786231599980965,0.0,,67,67,ok,823913ae6f7aa22e57150115cade87d6c927c340dfe55557c0042e0544d50cbc,False
case_068,1,5,win_w5,210846,362095,1.717343463949992,2771250,7782490,5011240,5011240,0,0.0,0,0,0,0,7782490,43008,40960,10.540014400001382,0.0,,675,675,ok,de7776256a8e0ed96784377ce6329367cc7d19746d230bc841789ea847f82f60,False
case_068,1,5,win_w7,205922,362095,1.758408523615738,2771250,6704094,3932844,3932844,0,0.0,0,0,0,0,6704094,43008,49152,8.200777899997775,0.0,,376,376,ok,1abe3f66b3af6c64a2472ae19bafc1cfc2c80f01e4f0f20d49b26fdca5efdbf6,False
case_068,1,5,win_w14,200031,362095,1.810194419864921,2771250,5467970,2696720,2696720,0,0.0,0,0,0,0,5467970,55488,57344,5.589184100012062,0.0,,208,208,ok,afeba43c77163396f1cdbe71300b0394f8ff2451242fb4d12a48b7674f54bf01,False
case_068,1,5,win_w23,241055,362095,1.5021260708137147,2771250,4370878,1599628,1599628,0,0.0,0,0,0,0,4370878,95424,73728,4.043992300023092,0.0,,100,100,ok,e26c62cd2c95fa96edc18ef4f0f38f03fc21772e807c021f0a548d2e57c7b306,False
case_068,1,5,stageU4_k5,302327,362095,1.1976932262087079,2771250,3048470,277220,277220,0,0.0,0,0,0,0,3048470,157888,90112,5.917735399998492,0.0,,67,67,ok,3e126ca6093029c7bde70168f07ef76523fe660596540b19aeafbcada9bc97b9,False
case_068,1,5,stageC5_k4,301306,362095,1.2017517075663944,2771250,3022358,251108,251108,0,0.0,0,0,0,0,3022358,153792,81920,5.148076199984644,0.0,,68,68,ok,8d1d94a6d8e921d2ccc349fbf265afe4204567226efc9169103ca112de66b477,False
case_068,1,5,stageU12_k5,193710,362095,1.8692633317846266,2771250,5845842,3074592,3074592,0,0.0,0,0,0,0,5845842,62464,57344,6.423688900016714,0.0,,213,213,ok,6dc46531401327db0e20d0ad6ae604ca58912627fabd554f31b7046cb1d5dd41,False
case_068,1,5,component_group3,314481,362095,1.1514050133394387,2771250,2773194,1944,1944,0,0.0,0,0,0,0,2773194,162048,98304,22.090791499998886,0.0,,11,11,ok,a34c792b6a8041f76939284ce8439b3525eb71ef17add755dd26198c352aacfb,False
case_068,1,5,component_group4,319781,362095,1.1323218077371702,2771250,2772546,1296,1296,0,0.0,0,0,0,0,2772546,162048,98304,26.20780350000132,0.0,,8,8,ok,9a725beb0296d2d095264fb7c0bee2fac9ff2f885282a42edd0f3b46101f1958,False
case_068,1,5,component_group5,326439,362095,1.1092271450408806,2771250,2771898,648,648,0,0.0,0,0,0,0,2771898,162048,98304,27.63303129997803,0.0,,7,7,ok,6b1e2e90bea02466666f567aece47704059b39ed1c8709f97fbcf673f2000c30,False
case_068,1,5,component_group6,326420,362095,1.1092917100667852,2771250,2772546,1296,1296,0,0.0,0,0,0,0,2772546,162048,98304,25.66560410000966,0.0,,6,6,ok,b51dc41dd35183e94656486328ead06cbdcb906aac48bc16005c3baac6f71e40,False
case_068,1,5,component_group8,325991,362095,1.1107515238150747,2771250,2771898,648,648,0,0.0,0,0,0,0,2771898,162048,98304,21.523388499976136,0.0,,4,4,ok,b9efd9dae408e641fcdeedd400e970169fbb0f319805119a95a5b6ea1cf3f190,False
case_068,1,5,pipevec_merge,303362,362095,1.193606977802098,2771250,2776434,5184,5184,0,0.0,0,0,0,0,2776434,162048,98304,16.837744999997085,0.0,,32,32,ok,b96e3118a2c23ceb99391cdce8e7db389ce47dd012358d5198ee764a48760bff,False
case_068,1,5,membatch_70,303735,362095,1.192141175695919,2771250,2773194,1944,1944,0,0.0,0,0,0,0,2773194,162048,98304,15.152439800003776,0.0,,19,19,ok,752cafb91894ceffcde9003315a094d790a89458d50ca386cf0a62319129058f,False
case_068,1,5,whole_graph,362095,362095,1.0,2771250,2771250,0,0,0,0.0,0,0,0,0,2771250,162048,99364,0.004335700010415167,0.0,,1,1,ok,a38ba8cfd40281902afc38fc6a39e79e3b92ffe8d45b324eb2be7bacafcce61e,True
case_069,1,5,component_round_robin,25144,25144,1.0,126054,126054,0,0,0,0.0,0,0,0,0,126054,68160,21604,3.4199998481199145e-05,0.0,,1,1,ok,4d51f414e9e059ecbc4ee159f51cda22d683e61a10bcf2c0467c9741995ba48f,True
case_069,1,5,chain_heft,49635,25144,0.5065780195426615,126054,1751348,1625294,1625294,0,0.0,0,0,0,0,1751348,13824,9216,5.120467300002929,0.0,,756,756,ok,21774df3ee4d3ecfa4212a4806f53a50163bcc54482d947e3127591d09d0b4b1,False
case_069,1,5,window8_heft,21267,25144,1.18230121784925,126054,682646,556592,556592,0,0.0,0,0,0,0,682646,15360,77920,1.1718497999827377,0.0,,37,37,ok,1a0956b71814918d5f3ac6d3910b9a40d6698178f640ff9aac85b35fb2cb2afa,False
case_069,1,5,window10_heft,14818,25144,1.6968551761371304,126054,660588,534534,534534,0,0.0,0,0,0,0,660588,13824,11616,1.338091700017685,0.0,,40,40,ok,e563ac70b5e2f31499cb05e1f291f1c100672344de486a96eb3b1cb55a2d2665,False
case_069,1,5,window16_heft,15746,25144,1.5968499936491807,126054,477170,351116,351116,0,0.0,0,0,0,0,477170,15360,77920,1.15621449999162,0.0,,15,15,ok,cbb26f5006c1723c220b17e5340adfaa236817655cdab4a6db88147b3fad5cc5,False
case_069,1,5,pipe_lane_pack,53252,25144,0.4721700593404943,126054,1751348,1625294,1625294,0,0.0,0,0,0,0,1751348,13824,9216,4.288282199995592,0.0,,756,756,ok,74fe54c5cd6a352707ea265e0e786bc4085d4eb4294a0db5ad649b280dd7f8b6,False
case_069,1,5,window2_heft,37849,25144,0.6643240244127983,126054,1430316,1304262,1304262,0,0.0,0,0,0,0,1430316,13824,9216,3.2330735999858007,0.0,,444,444,ok,8b6e52b5ea9ada70d0f2bbf522beefec473d10a44d2f5d2bd5c40d4c5841b3cc,False
case_069,1,5,window12_heft,20851,25144,1.2058894057838954,126054,654322,528268,528268,0,0.0,0,0,0,0,654322,13824,14594,1.0495580999995582,0.0,,27,27,ok,be0b96a98d915f7df64c2cfcfce98e207f76772ecfb60de9d8a7363bd574b29e,False
case_069,1,5,window4_heft,26746,25144,0.9401031930008226,126054,940830,814776,814776,0,0.0,0,0,0,0,940830,13824,14594,1.485484800010454,0.0,,133,133,ok,d2b2cd90320a30d089c4932fd03a0c1cdff02c307c4c181b52cfa4f3533e7e8c,False
case_069,1,5,hybrid20_10,14132,25144,1.7792244551372771,126054,611436,485382,485382,0,0.0,0,0,0,0,611436,13824,11616,1.2088199999998324,0.0,,28,28,ok,f9dff5bfae5dabb6b7e5ae8e5e2607486905f488cdff4cf9ae0395be5c83afb5,False
case_069,1,5,window10_lowcomm,15332,25144,1.63996869292982,126054,660588,534534,534534,0,0.0,0,0,0,0,660588,13824,11616,0.8707052000099793,0.0,,40,40,ok,85ba1ff53a3f911ee8730186ad63201afa996b4bd80f6d4e54d3ae814f37cc52,False
case_069,1,5,window4_peft,26234,25144,0.9584508652893192,126054,940830,814776,814776,0,0.0,0,0,0,0,940830,13824,14594,1.8722470999928191,0.0,,133,133,ok,d8922a14d36b3c3bad50f3622d995161ab245eda9d76f3cc0fa85daca2bbfcb0,False
case_069,1,5,weighted_window_20_s1.0,23308,25144,1.0787712373434013,126054,1011492,885438,885438,0,0.0,0,0,0,0,1011492,13824,15506,1.4921377999999095,0.0,,118,118,ok,299f795d42e90c890d78647d35a074f2ed3878ecfe0dc54debd57937b291063e,False
case_069,1,5,weighted_window_15_s0.65,23199,25144,1.083839820681926,126054,920002,793948,793948,0,0.0,0,0,0,0,920002,13824,15506,1.4317267999867909,0.0,,93,93,ok,a3d1c0be6e94f895a0cc72e4ac137a9961dc522282677cdf3220a2e9677326b5,False
case_069,1,5,weighted_window_10_s0.35,21253,25144,1.1830800357596574,126054,714998,588944,588944,0,0.0,0,0,0,0,714998,28416,40194,1.1537132000084966,0.0,,52,52,ok,8ec75d1ebfbebff2cc0d6d57ffc001e55a68e91106a2cfcbd905ea2f876c39a1,False
case_069,1,5,critical_cut_b0.16_s1.0,18635,25144,1.3492889723638315,126054,473846,347792,347792,0,0.0,0,0,0,0,473846,19968,65712,1.2216405000071973,0.0,,22,22,ok,e914a3cb593b060dfcf8d9e6bd3e6c65d25b43d568d252666a94691f04509fa4,False
case_069,1,5,critical_cut_b0.06_s0.35,19358,25144,1.2988945138960637,126054,710090,584036,584036,0,0.0,0,0,0,0,710090,19008,14688,0.5681342999741901,0.0,,39,39,ok,ceebc8d870a181902a37af487f5216bb439b4461b2a68251cbe3d952c1db713d,False
case_069,1,5,win_w5,20368,25144,1.2344854673998429,126054,976612,850558,850558,0,0.0,0,0,0,0,976612,13824,9216,1.586927000025753,0.0,,114,114,ok,96919f8828b9d72278f51e6637f7803fe9b6dddadd52a081ed318d6c212ea5af,False
case_069,1,5,win_w7,21405,25144,1.1746788133613641,126054,657182,531128,531128,0,0.0,0,0,0,0,657182,15360,79424,1.1227880000078585,0.0,,55,55,ok,75b7341bbf3126cc7cd1cca80ef2ed8b9832e6e66cbc740b1ce0bda4d8b3d1da,False
case_069,1,5,win_w14,18598,25144,1.3519733304656414,126054,604146,478092,478092,0,0.0,0,0,0,0,604146,15360,79424,0.9716369999805465,0.0,,27,27,ok,289f93434e22c2f64717174e39b8a29cf7c666015b0fc517a8767c46ab7f3411,False
case_069,1,5,win_w23,14934,25144,1.683674835944824,126054,448946,322892,322892,0,0.0,0,0,0,0,448946,13824,19634,1.047265500004869,0.0,,9,9,ok,7f7e089e68397c371817371edf31e926b697c5470d001f8b816bb5f6559da8eb,False
case_069,1,5,stageU4_k5,17932,25144,1.4021860361365157,126054,629192,503138,503138,0,0.0,0,0,0,0,629192,13824,13920,0.8589442000084091,0.0,,33,33,ok,6d2776fc535b415dfacd08f0a1657abef225ae7836b4caa133c2d0be89f4a04c,False
case_069,1,5,stageC5_k4,13951,25144,1.802308078273959,126054,632920,506866,506866,0,0.0,0,0,0,0,632920,13824,32864,1.4245201000012457,0.0,,42,42,ok,b30f7dc5db8967492f28bf22c0ce4921dfae4d6b5388e51839b15b16d550a8dd,False
case_069,1,5,stageU12_k5,36013,25144,0.6981923194402021,126054,1421028,1294974,1294974,0,0.0,0,0,0,0,1421028,13824,11616,2.3413944999920204,0.0,,478,478,ok,50ea22c1a224b47b6254222371402b7c31b2d8b724ecd56ad143318b008af6de,False
case_070,1,5,component_round_robin,32232,117300,3.6392405063291138,419964,882812,462848,462848,0,0.0,0,0,0,0,882812,100352,12290,2.311849399993662,0.0,,5,5,ok,b8da02acb1cb62d952553d0613597fe4f68d61e6d94b777c66d48ce7612858de,False
case_070,1,5,component_lpt,25374,117300,4.622842279498699,419964,868988,449024,449024,0,0.0,0,0,0,0,868988,112128,12290,2.1540944000007585,0.0,,5,5,ok,676f8e76919414e13d2644167dda97bd86f1cc37767f834b1a39bb514c923e43,False
case_070,1,5,component_pipe_balance,26669,117300,4.3983651430499835,419964,882812,462848,462848,0,0.0,0,0,0,0,882812,104192,16392,2.065078999992693,0.0,,5,5,ok,b1fa57f0cfdcbf2543f01c5fb5a124a93e71e44042f48865f0930c6a71d9f8c1,False
case_070,1,5,component_batches,33441,117300,3.507670225172692,419964,897148,477184,477184,0,0.0,0,0,0,0,897148,104192,16392,1.4757099999987986,0.0,,8,8,ok,91263d907b376c3df9877df6595408f2902aaa85b4f2b7c24a806c748ee45cf2,False
case_070,1,5,component_batches_128,33465,117300,3.5051546391752577,419964,897148,477184,477184,0,0.0,0,0,0,0,897148,101888,12290,1.4005976999760605,0.0,,12,12,ok,451a63cd304398ae5c0a48ebc476d6df344f8df16de645c775647390cefd79f9,False
case_070,1,5,component_pipe_lpt,38074,117300,3.080842569732626,419964,1425020,1005056,1005056,0,0.0,0,0,0,0,1425020,81920,12290,1.546393500000704,0.0,,38,38,ok,a5de3b8239c25943a7e99cac7b8a36ebf7f4a2413dc28a6cb43e1864c8a7d27a,False
case_070,1,5,component_comm,38713,117300,3.0299899258646965,419964,1425020,1005056,1005056,0,0.0,0,0,0,0,1425020,81920,12290,0.6902551000239328,0.0,,38,38,ok,76e71afa47d7298216adc50e649fc25753093574d44b7449389c11784aa30950,False
case_070,1,5,scene_a_peft,32188,117300,3.6442152354914876,419964,1453692,1033728,1033728,0,0.0,0,0,0,0,1453692,81920,12290,1.3740924000157975,0.0,,40,40,ok,6c7c98b44574aad3e1d3140f5056efe8756dd539c63b8a44c2b80917fe8f7c13,False
case_070,1,5,scene_a_spine,31285,117300,3.749400671248202,419964,1453692,1033728,1033728,0,0.0,0,0,0,0,1453692,81920,12290,1.2729435999935959,0.0,,40,40,ok,853b80fc1ddf4e0e367d0c32329f2890fa219feaecc27d8ab32ea7c9f927543a,False
case_070,1,5,weighted_window_20_s1.0,60629,117300,1.9347177093470123,419964,3121114,2701150,2701150,0,0.0,0,0,0,0,3121114,32768,12288,1.5304573999892455,0.0,,225,225,ok,9b1446e522ab055cae56c84966df6849088fc7b2879ab004cc38ac3991688dfd,False
case_070,1,5,weighted_window_15_s0.65,61244,117300,1.915289661028019,419964,3094452,2674488,2674488,0,0.0,0,0,0,0,3094452,32768,12288,1.768469799979357,0.0,,244,244,ok,cc906ea3e77f305dd141cb394c8dcefeb8b534f638f120d282f9c487e5860d1d,False
case_070,1,5,weighted_window_10_s0.35,49180,117300,2.385115900772672,419964,2416412,1996448,1996448,0,0.0,0,0,0,0,2416412,32768,12288,0.793793499993626,0.0,,135,135,ok,bfaa79ec787261880a05e93e5895d35eab4806e323dd49da73fb23e3572f0622,False
case_070,1,5,critical_cut_b0.16_s1.0,37305,117300,3.1443506232408525,419964,1781272,1361308,1361308,0,0.0,0,0,0,0,1781272,32768,12288,1.736720899993088,0.0,,85,85,ok,93b50ecda04071f85e7bb7a59fa3565674b04c03f4e6c13e2c4936f2cc2f534e,False
case_070,1,5,critical_cut_b0.06_s0.35,41918,117300,2.798320530559664,419964,2011168,1591204,1591204,0,0.0,0,0,0,0,2011168,32768,12288,1.9950150000222493,0.0,,111,111,ok,2e44d03fcb3689b19f00d84e876e00cbae055f6462f9f36fe4b6a890d259bede,False
case_070,1,5,win_w5,41586,117300,2.820660799307459,419964,2087932,1667968,1667968,0,0.0,0,0,0,0,2087932,32768,12288,2.4038583999790717,0.0,,193,193,ok,202702310011269334679e0ee21c7dc4036272bb2afaa0374785d9abad2666f5,False
case_070,1,5,win_w7,36229,117300,3.2377377239228244,419964,1810972,1391008,1391008,0,0.0,0,0,0,0,1810972,32768,12288,1.732990399992559,0.0,,103,103,ok,d2b61ae26e48cbf528e8e1c2a347263ef354429dc590f5bb54c80e4b26952061,False
case_070,1,5,win_w14,32621,117300,3.595843168511082,419964,1514184,1094220,1094220,0,0.0,0,0,0,0,1514184,81920,12290,1.1821550999884494,0.0,,54,54,ok,dd603d2328c45a6efd775fd23a4249b825533e568d6ab8db196a045e3df63ede,False
case_070,1,5,stageU4_k5,64422,117300,1.820806556766322,419964,2828042,2408078,2408078,0,0.0,0,0,0,0,2828042,32768,12288,2.345890299999155,0.0,,338,338,ok,9b94ac03aa9143418e38f2d96b10b06400c1ffe05eb2b051a4626f5b0780dc71,False
case_070,1,5,stageC5_k4,78358,117300,1.4969754205058832,419964,3356690,2936726,2936726,0,0.0,0,0,0,0,3356690,32768,12288,2.6942937999847345,0.0,,384,384,ok,eb4a65cceb862ed4761200c49399942727a9262f66018123d1fcb3d357005722,False
case_070,1,5,stageU12_k5,85958,117300,1.3646199306638125,419964,4056924,3636960,3636960,0,0.0,0,0,0,0,4056924,32768,12288,5.108352699986426,0.0,,622,622,ok,ccf223c75f13577e5f6dca884b08cb6f1c586c6944d4a1fc1fe956feae062eb1,False
case_070,1,5,component_group3,27183,117300,4.315196998123827,419964,753788,333824,333824,0,0.0,0,0,0,0,753788,88064,12290,1.3602378999930806,0.0,,13,13,ok,75a32798d3c5eac35453b236856457655785fc3e5ac9737e83a9b44a10d316a3,False
case_070,1,5,component_group4,26331,117300,4.454825111085793,419964,637564,217600,217600,0,0.0,0,0,0,0,637564,88064,12290,1.316029300010996,0.0,,10,10,ok,e8138ea53d7d10ba6ddb16bbe07917132835e4ecfae8ad9689821189a63693aa,False
case_070,1,5,component_group5,31084,117300,3.773645605456183,419964,609916,189952,189952,0,0.0,0,0,0,0,609916,88064,12290,1.3773598999832757,0.0,,8,8,ok,c7597035c176d6309b053e7a46b05acba78dd7a2b7e7f066f3338c7776819174,False
case_070,1,5,component_group6,36502,117300,3.2135225467097692,419964,563836,143872,143872,0,0.0,0,0,0,0,563836,88064,12290,1.6146436000126414,0.0,,7,7,ok,9ea3b720f7244c8db6c989945f63d362ca45d0d8f8d403281afc8288dd47773f,False
case_070,1,5,component_group8,45104,117300,2.6006562610854913,419964,521852,101888,101888,0,0.0,0,0,0,0,521852,115712,12290,2.000430599990068,0.0,,5,5,ok,e1dc62d7fe2012bb9172dd48a37a4e3702a99e0181dfc0decf09fb954fc0dad4,False
case_070,1,5,pipevec_merge,32042,117300,3.660820173522252,419964,1425020,1005056,1005056,0,0.0,0,0,0,0,1425020,81920,12290,1.7031482000020333,0.0,,38,38,ok,5a21d5d3dd0f200cb0278a564a187ac713dda79273e9edcb4a982cec0b098eef,False
case_070,1,5,membatch_70,33465,117300,3.5051546391752577,419964,897148,477184,477184,0,0.0,0,0,0,0,897148,101888,16392,1.3554425000038464,0.0,,12,12,ok,206b92f841b05d7d75de5add3e56ac7a9857a62557909969b9337ee18a2a2f47,False
case_070,1,5,whole_graph,117300,117300,1.0,419964,419964,0,0,0,0.0,0,0,0,0,419964,143872,22540,0.0006017999839968979,0.0,,1,1,ok,55e835db1b99a9d9f655359486f710bb494847eb6c040f4dc902547031256507,True
case_071,1,5,component_round_robin,18919,18919,1.0,121446,121446,0,0,0,0.0,0,0,0,0,121446,61248,19300,2.139998832717538e-05,0.0,,1,1,ok,2edeb827d2976154ee6bd24660b9b5e172fb39869fd044aff760cddb5fa5322d,True
case_071,1,5,chain_heft,36408,18919,0.5196385409800044,121446,1298274,1176828,1176828,0,0.0,0,0,0,0,1298274,13824,9216,2.1886754000151996,0.0,,541,541,ok,62da84772cbff1a945cdb1a29332c48bce7cd92d4479d7cc3b026e289b5330a4,False
case_071,1,5,window8_heft,15054,18919,1.2567423940480935,121446,518196,396750,396750,0,0.0,0,0,0,0,518196,21120,53280,0.5559797999740113,0.0,,32,32,ok,b0631f54692fe09ab4b5ec6376a45f481b9b672f23bde23a9100e76c691aaa5a,False
case_071,1,5,window10_heft,11660,18919,1.622555746140652,121446,510150,388704,388704,0,0.0,0,0,0,0,510150,13824,9312,0.3994762000220362,0.0,,34,34,ok,0eccc27291bab139918852cb69cf0e79ff35e35da288aa7de6daaa532b8efcc5,False
case_071,1,5,window16_heft,12502,18919,1.5132778755399137,121446,371088,249642,249642,0,0.0,0,0,0,0,371088,21120,53280,0.3840773999982048,0.0,,13,13,ok,ff41a8a6afc47a2c1218eefec47658443a50f9e58b09e69d2b196ec470aba4ae,False
case_071,1,5,pipe_lane_pack,59692,18919,0.3169436440394023,121446,1298274,1176828,1176828,0,0.0,0,0,0,0,1298274,13824,9216,1.6881493999972008,0.0,,541,541,ok,c67a2ddff6b5ea41d68599534dc352a748c87e440052084f8a64d41dc9d67bae,False
case_071,1,5,window2_heft,30859,18919,0.6130788424770731,121446,1080188,958742,958742,0,0.0,0,0,0,0,1080188,13824,9216,1.273293999984162,0.0,,341,341,ok,1cd67848d616ace86bd4ccd1442c9018c4c16c87a4b943b1b5568f740a215c15,False
case_071,1,5,window12_heft,14816,18919,1.2769303455723542,121446,495056,373610,373610,0,0.0,0,0,0,0,495056,13824,12290,0.5455459000077099,0.0,,23,23,ok,55a1ae33aae8bf8433d268cfe89ad6a7516e4b2089066597e8e9d33b80243356,False
case_071,1,5,window4_heft,21046,18919,0.8989356647343913,121446,708026,586580,586580,0,0.0,0,0,0,0,708026,13824,12290,0.4298027000040747,0.0,,112,112,ok,f39c537e9a2a985737a1edf6e6b007d565f45570da86b28395b96cbcb1342234,False
case_071,1,5,hybrid20_10,11060,18919,1.7105786618444847,121446,470214,348768,348768,0,0.0,0,0,0,0,470214,13824,9312,0.4063665999856312,0.0,,24,24,ok,e23a571ee48225890e892a0500acda109b2fd78ba0df6804f1769d86e856f804,False
case_071,1,5,window10_lowcomm,11913,18919,1.5880970368504994,121446,510150,388704,388704,0,0.0,0,0,0,0,510150,13824,9312,0.659484000003431,0.0,,34,34,ok,2e58cb0b702906f15f8fa2df80a97ce5a0e30eda1f65cffdad85d04e331d8f9b,False
case_071,1,5,window4_peft,20852,18919,0.9072990600422022,121446,708026,586580,586580,0,0.0,0,0,0,0,708026,13824,12290,0.5853683000023011,0.0,,112,112,ok,dc0701d432dc9d76269dc089a0bf0c054fcb6dc2364f2df2239c359f18d4baf4,False
case_071,1,5,weighted_window_20_s1.0,20435,18919,0.9258135551749449,121446,788448,667002,667002,0,0.0,0,0,0,0,788448,13824,11618,0.4952309000073001,0.0,,99,99,ok,e3f71abe949c4cab6a96eb65dbb6146e3153f138c2722b00b45aeea5b816c343,False
case_071,1,5,weighted_window_15_s0.65,17874,18919,1.0584648092200963,121446,713214,591768,591768,0,0.0,0,0,0,0,713214,13824,12098,0.6123231000092346,0.0,,78,78,ok,c264c23b4bc0aa387aa33da236d5bab4cfdca79fe15bce0e40a04f7757834e30,False
case_071,1,5,weighted_window_10_s0.35,16132,18919,1.1727622117530374,121446,568212,446766,446766,0,0.0,0,0,0,0,568212,21504,29698,0.4578095000179019,0.0,,45,45,ok,496a9058df6b6ee6f67b0d77fcc75ffc56397d7241c930f2587ee73fafbaf993,False
case_071,1,5,critical_cut_b0.16_s1.0,14549,18919,1.3003642862052374,121446,374196,252750,252750,0,0.0,0,0,0,0,374196,15360,47696,0.4647159999876749,0.0,,19,19,ok,d868e478a054a04a6624b265798732c67a4a652a77f11416c063f1d28f625e76,False
case_071,1,5,critical_cut_b0.06_s0.35,11695,18919,1.61769987174006,121446,519032,397586,397586,0,0.0,0,0,0,0,519032,13824,15216,0.5054253000125755,0.0,,30,30,ok,7b371a80acdd15a0bc03f593850d2c78e7111476fa65494e2b944c915d122c78,False
case_071,1,5,win_w5,15720,18919,1.203498727735369,121446,741524,620078,620078,0,0.0,0,0,0,0,741524,13824,9216,0.7364970999769866,0.0,,96,96,ok,dd34823ca4ad149004162f91d91110b1c7f4eb68ac1a0c6bbcc4071268063758,False
case_071,1,5,win_w7,17456,18919,1.0838107241063244,121446,516250,394804,394804,0,0.0,0,0,0,0,516250,21120,53280,0.40424169998732395,0.0,,47,47,ok,de87885dcdcf1f292bc62e66fd44ff22d3cd19b12905e9a46c60f73d2f71c919,False
case_071,1,5,win_w14,14037,18919,1.3477951129158652,121446,473424,351978,351978,0,0.0,0,0,0,0,473424,21120,53280,0.33563149999827147,0.0,,23,23,ok,2d3172372c070820d19fc10c3b85fcfc44eaf7e04a9680afc9957cca2fbaf61c,False
case_071,1,5,win_w23,11640,18919,1.6253436426116838,121446,348144,226698,226698,0,0.0,0,0,0,0,348144,13824,16178,0.2899654000066221,0.0,,8,8,ok,96f835409609cb0f0fe2a63467597c4d08ad844a0c37865e4634e003f38d60d9,False
case_071,1,5,stageU4_k5,14011,18919,1.3502961958461208,121446,475106,353660,353660,0,0.0,0,0,0,0,475106,13824,11616,0.28550940001150593,0.0,,23,23,ok,804751536ecbcfacf47b0500510324abd864b89e0ee569909b49db34b8dc776e,False
case_071,1,5,stageC5_k4,11726,18919,1.6134231622036501,121446,495670,374224,374224,0,0.0,0,0,0,0,495670,13824,21904,0.4168031000008341,0.0,,36,36,ok,4c8db0479c50ccf74be988e4b4394cf933f71767ce649e3a0a9a73fefc9b29e8,False
case_071,1,5,stageU12_k5,25820,18919,0.7327265685515104,121446,996118,874672,874672,0,0.0,0,0,0,0,996118,13824,9312,0.9989728000073228,0.0,,304,304,ok,5de25e0ad9225b5fe4068eddc7aea5845ece06e2fe7bb436eef2ea16f1504d6e,False
case_072,1,5,component_round_robin,4914670,23897828,4.862549876187008,11103184,122449536,111346352,39609008,71737344,0.0,0,0,0,0,122449536,524288,30198,1610.2413869999873,0.0,,5,5,ok,3752189097adb9a35af8052b4b16998f89672fa1d6337bd3651c49707d629e46,False
case_072,1,5,component_pipe_balance,4833329,23897828,4.944382639791332,11103184,142446208,131343024,39420592,91922432,0.0,0,0,0,0,142446208,524288,30198,660.3739305000054,0.0,,5,5,ok,7b795e99763dfefecd1dae0eec559e9156699c18143b66d5268be4a79b9f15d7,False
case_072,1,5,component_batches,4785281,23897828,4.994028145891537,11103184,132910720,121807536,120627888,1179648,0.0,0,0,0,0,132910720,524288,30198,29.46151649998501,0.0,,101,101,ok,aa543139b24fbf528777a6520448f657e32bde2b728b83229a348a372d163e2f,False
case_072,1,5,component_pipe_lpt,4801062,23897828,4.977612869819219,11103184,186936960,175833776,175833776,0,0.0,0,0,0,0,186936960,229376,30198,31.16017419999116,0.0,,476,476,ok,3e7d145c7d6cff7aeabf3d909d9155acfdf9eb732069dce9cf219eb3a16c4185,False
case_072,1,5,component_comm,4900165,23897828,4.876943531493327,11103184,186936960,175833776,175833776,0,0.0,0,0,0,0,186936960,229376,30198,31.65011059999233,0.0,,476,476,ok,509e364ea091e5591734441ecc4e715894ab1f6154aa8df9891bb1e40fd021f4,False
case_072,1,5,scene_a_peft,4802089,23897828,4.976548331361622,11103184,186936960,175833776,175833776,0,0.0,0,0,0,0,186936960,229376,30198,31.186223199998494,0.0,,476,476,ok,886758f4db8a2ecb7bd5add251adb959c0f4076dd7bf6982fde48c703ac68b6d,False
case_072,1,5,scene_a_spine,4784578,23897828,4.994761920487031,11103184,186936960,175833776,175833776,0,0.0,0,0,0,0,186936960,229376,30198,28.37938560001203,0.0,,476,476,ok,7bbbe33d1bc3a91d82a65d7e984c2f7ab5ca5a68e4685ea5e2ccc7ef1a8f4a05,False
case_072,1,5,whole_graph,23897828,23897828,1.0,11103184,119716864,108613680,0,108613680,0.0,0,0,0,0,119716864,524288,30198,2.100015990436077e-06,0.0,,1,1,ok,504df90148389afa47db508d4f13c2ab18c6c4402fd4c2419c1dc71bce14b215,True
case_073,1,5,component_round_robin,3517515,10081626,2.8661216796516857,4041088,143813888,139772800,14886400,124886400,0.0,0,0,0,0,143813888,523392,0,6.6465122000081465,0.0,,5,5,ok,3cf89310989a0237720b32fed38f777d4898ee6afb36cd789a86d6f77f858d64,False
case_073,1,5,component_batches,3591158,10081626,2.807346822389881,4041088,137506816,133465728,70710400,62755328,0.0,0,0,0,0,137506816,523392,0,3.288473900000099,0.0,,20,20,ok,e31b21fcbefb15b37b37988d3758590dabcb2d210b089592b99b931592b70dee,False
case_073,1,5,component_batches_128,3539849,10081626,2.8480384332778037,4041088,145461888,141420800,141420800,0,0.0,0,0,0,0,145461888,303360,0,3.0988898999930825,0.0,,39,39,ok,058040ba7ef0f9667f3c5be2554a02428ea5ceb2b8e336938b1cfb39d912ae69,False
case_073,1,5,component_batches_512,3544262,10081626,2.844492308977158,4041088,141566848,137525760,33494400,104031360,0.0,0,0,0,0,141566848,523392,0,4.755693899991456,0.0,,10,10,ok,4504e8a31efd52005ad97b4900d389ef657b82e95dbb68b799d16e81421e05e9,False
case_073,1,5,component_pipe_lpt,3539849,10081626,2.8480384332778037,4041088,145461888,141420800,141420800,0,0.0,0,0,0,0,145461888,303360,0,3.1130864000006113,0.0,,39,39,ok,abb2509cb506f1954a2ca0c8113a645dc0f0cc476b678755649267f44c5baf6b,False
case_073,1,5,share_pack_3,4515227,10081626,2.232806013961203,4041088,144712704,140671616,7443200,133228416,0.0,0,0,0,0,144712704,523392,0,12.530840599996736,0.0,,3,3,ok,494591316a26420b63980aebf908f3bde352b879d8ae8fc8b0a09f7db63ffb45,False
case_073,1,5,share_pack_4,3903787,10081626,2.5825246100773427,4041088,144263296,140222208,11164800,129057408,0.0,0,0,0,0,144263296,523392,0,9.751108299999032,0.0,,4,4,ok,a172440fcd57e2c5321f3061bb15846af41809e9dc9749a7bdf6e528b88ea66e,False
case_073,1,5,share_pack_9,3607043,10081626,2.7949835918229975,4041088,142016256,137975168,29772800,108202368,0.0,0,0,0,0,142016256,523392,0,7.4583016000106,0.0,,9,9,ok,b8acaf04a43cd860b3d726d9197b29c36e0491f2b2bbfed762585ed0afeabc5c,False
case_073,1,5,share_pack_10,3544262,10081626,2.844492308977158,4041088,141566848,137525760,33494400,104031360,0.0,0,0,0,0,141566848,523392,0,5.0282960000040475,0.0,,10,10,ok,cf7b8fe052a7d2450e0a2832d23b4ff3053931de306470407802fe567fbad671,False
case_073,1,5,weighted_window_20_s1.0,3381803,10081626,2.9811393508137525,4041088,150194304,146153216,146153216,0,0.0,0,0,0,0,150194304,295936,0,11.352515100006713,0.0,,780,780,ok,ba2abd7ef52572c1a8c0a38ba5dfa3df585bac6bb310a67c62b1bf9776d34f65,False
case_073,1,5,weighted_window_15_s0.65,3377554,10081626,2.9848896568345022,4041088,148676736,144635648,144635648,0,0.0,0,0,0,0,148676736,296192,0,8.838300600007642,0.0,,585,585,ok,bfa54f7c27c406e478acaf78a1da5bf402e99d699195ba8fc2cf79eb63ae7780,False
case_073,1,5,weighted_window_10_s0.35,3373160,10081626,2.9887778818674477,4041088,147718272,143677184,143677184,0,0.0,0,0,0,0,147718272,296192,0,6.489220000017667,0.0,,390,390,ok,9484e27c7f304e9aade5d4715b9c5bc9fc4372cacc1f6fa1b48b95683acdc3e1,False
case_073,1,5,critical_cut_b0.16_s1.0,3441025,10081626,2.9298322447526535,4041088,146620032,142578944,142578944,0,0.0,0,0,0,0,146620032,296192,0,4.547613699978683,0.0,,195,195,ok,e55cad0f9bae3bee4c5b7c0ed64b8aae93c13a42f8795fef819753e4f6af48fe,False
case_073,1,5,critical_cut_b0.06_s0.35,3255280,10081626,3.0970073234867663,4041088,146360448,142319360,142319360,0,0.0,0,0,0,0,146360448,295680,0,3.9406110999989323,0.0,,195,195,ok,4d67c266acda5002cb7662f20f9ddd27ee5fc2c3bb8dc15b10046d7c8f4a9626,False
case_073,1,5,win_w5,3393334,10081626,2.9710090430237637,4041088,151152768,147111680,147111680,0,0.0,0,0,0,0,151152768,295680,0,12.67400150001049,0.0,,975,975,ok,8d7f570001933e7a9fe22189158fc114437ebf4df73679c0de80db893ed76191,False
case_073,1,5,win_w7,3399215,10081626,2.965868884433612,4041088,148736640,144695552,144695552,0,0.0,0,0,0,0,148736640,295680,0,9.900497700000415,0.0,,702,702,ok,59c58ca14395ce4fb621da0619d1eba21c7d32f7c32892438280e07ddfa9ae69,False
case_073,1,5,win_w14,3381118,10081626,2.981743316855549,4041088,146999424,142958336,142958336,0,0.0,0,0,0,0,146999424,296192,0,6.236492900003213,0.0,,351,351,ok,0a9ca4c743a610baaf7e61c8e51508b04403b86144f9b2c9479d75e920d280aa,False
case_073,1,5,win_w23,3372289,10081626,2.9895498280248223,4041088,147298944,143257856,143257856,0,0.0,0,0,0,0,147298944,296192,0,5.1313240000163205,0.0,,234,234,ok,18a793fd020eef25f5dc4a2f3ba1b6245154e97fe26170dc868d8aaf26db6605,False
case_073,1,5,stageU4_k5,3561674,10081626,2.830586404033609,4041088,146420352,142379264,142379264,0,0.0,0,0,0,0,146420352,297216,0,4.505587899999227,0.0,,156,156,ok,9424e490ccbb004c6be5b72f618f4f61b921850d19934ea8d9571d59b98079a6,False
case_073,1,5,stageC5_k4,3614030,10081626,2.789580053292308,4041088,146360448,142319360,142319360,0,0.0,0,0,0,0,146360448,295680,0,4.509959000017261,0.0,,195,195,ok,79c9369f876ad95fd24c41fcc065515470b8cf6db6c45098c229f4e3955a766d,False
case_073,1,5,stageU12_k5,3387752,10081626,2.975904375526898,4041088,148516992,144475904,144475904,0,0.0,0,0,0,0,148516992,295680,0,7.448974700004328,0.0,,468,468,ok,1618c832cd28f7dd351861c82f557488ed48e9fed5cb445447ab848e522099bc,False
case_073,1,5,component_group3,3771267,10081626,2.6732729345336725,4041088,140218624,136177536,44659200,91518336,0.0,0,0,0,0,140218624,523392,0,4.156057199987117,0.0,,13,13,ok,a605b2415325ce60d94ae6b9573a34859db3b696529569c8678366017aedca3e,False
case_073,1,5,component_group4,3544262,10081626,2.844492308977158,4041088,141566848,137525760,33494400,104031360,0.0,0,0,0,0,141566848,523392,0,4.2999110000091605,0.0,,10,10,ok,8d02e214de332ce59b20fd822048ebe4fbb27eb2ebc4980b9700a10b584fa59f,False
case_073,1,5,component_group5,3947178,10081626,2.5541351314787426,4041088,142465664,138424576,26051200,112373376,0.0,0,0,0,0,142465664,523392,0,5.178075499978149,0.0,,8,8,ok,da222a6573a7ba99abaf55d6d5323d6a3f8e63ba88561786de1d54b490dc5703,False
case_073,1,5,component_group6,4378756,10081626,2.3023950181284363,4041088,142915072,138873984,22329600,116544384,0.0,0,0,0,0,142915072,523392,0,6.283436400000937,0.0,,7,7,ok,ba2fd6cfdf42917c818a09878cda598f7cf0e31725f80340040753aadca9f75d,False
case_073,1,5,component_group8,3517515,10081626,2.8661216796516857,4041088,143813888,139772800,14886400,124886400,0.0,0,0,0,0,143813888,523392,0,8.103866500023287,0.0,,5,5,ok,cbf18e6ca166c6c976525b5f834fc02967b41a7d52f55f3b621a0a4a66fdf917,False
case_073,1,5,whole_graph,10081626,10081626,1.0,4041088,145611520,141570432,0,141570432,0.0,0,0,0,0,145611520,523392,0,0.0043855000112671405,0.0,,1,1,ok,9bd31aa4b27413f0737ea95d04b8d3bdd91b729ebb36aff513bfcadf7e1fd8c3,True
case_074,1,5,component_round_robin,334111,1682239,5.034970414024082,3776728,13312216,9535488,9142272,393216,0.0,0,0,0,0,13312216,524288,98312,12.706651999993483,0.0,,5,5,ok,165c339bffd0fc6f86af96979eb9da0850e8c02b43e9764eb155a8ea810a806f,False
case_074,1,5,component_lpt,337275,1682239,4.987737009858424,3776728,11759832,7983104,6799360,1183744,0.0,0,0,0,0,11759832,524288,114696,14.396314299985534,0.0,,5,5,ok,9b1399f80a124573336e31408ef8610a3912d521c3b6efeb0d0d63d153a13742,False
case_074,1,5,component_pipe_balance,345470,1682239,4.869421367991432,3776728,12169440,8392712,7118848,1273864,0.0,0,0,0,0,12169440,524288,122892,10.16330569999991,0.0,,5,5,ok,63cc3fd9664e511ff42741265db2e9f0aa599f6a773d126c1c8b382ab6dab110,False
case_074,1,5,component_batches,357661,1682239,4.703445441353684,3776728,15089880,11313152,11272192,40960,0.0,0,0,0,0,15089880,339968,122892,3.0460837999999058,0.0,,18,18,ok,222f1ca4f08b90a91e499b3d70ddff423a144fff5d7cba27e2d505df36aaeb39,False
case_074,1,5,component_batches_128,361198,1682239,4.657387360948842,3776728,16802008,13025280,13025280,0,0.0,0,0,0,0,16802008,126976,65542,2.8330137000011746,0.0,,36,36,ok,f0bfe88f57b9fc2b0583aa6b5b8a69ddb22f3b45b201159f2c3e01d1c19f801d,False
case_074,1,5,component_batches_512,339785,1682239,4.950892476124608,3776728,13545696,9768968,9355264,413704,0.0,0,0,0,0,13545696,524288,122892,5.071313699998427,0.0,,10,10,ok,0ea922694ba60350e789ac6e78a0409c71fbd5dc30db26d696f97339bd957c6f,False
case_074,1,5,component_pipe_lpt,358140,1682239,4.697154743954878,3776728,18178264,14401536,14401536,0,0.0,0,0,0,0,18178264,98304,65542,2.496949799999129,0.0,,73,73,ok,384df5634f2d667385efac7511cdfec491e98ecfa07c78a46d13d2860995fca2,False
case_074,1,5,component_comm,385452,1682239,4.364328113487542,3776728,18178264,14401536,14401536,0,0.0,0,0,0,0,18178264,98304,65542,2.6510138000012375,0.0,,73,73,ok,4de1b4d66e5d88a3d42ecdae3a3c9e633f9cc181a075cdf9025d50ea882c7b12,False
case_074,1,5,scene_a_peft,367580,1682239,4.576524838130475,3776728,18587872,14811144,14811144,0,0.0,0,0,0,0,18587872,98304,65542,2.4975751000165474,0.0,,125,125,ok,8ab07df0b6c35d8d239dfdbf22a10d310a28debea18f029a9237d525ae139149,False
case_074,1,5,scene_a_spine,360288,1682239,4.669150790478728,3776728,18587872,14811144,14811144,0,0.0,0,0,0,0,18587872,98304,65542,2.3112898000108544,0.0,,125,125,ok,ed15e9cff88b5ed039fe60fb156a251a19ccb614cb6178eac5d43d73be6584eb,False
case_074,1,5,weighted_window_20_s1.0,924273,1682239,1.820067231218482,3776728,43762328,39985600,39985600,0,0.0,0,0,0,0,43762328,24576,24576,15.65517159999581,0.0,,2582,2582,ok,39f7788ca30297c181a94f53f5543864f9af2e5818402ef60c83b5854fdcea5e,False
case_074,1,5,weighted_window_15_s0.65,825622,1682239,2.037541393034585,3776728,39961064,36184336,36184336,0,0.0,0,0,0,0,39961064,28672,32768,12.98271539999405,0.0,,2154,2154,ok,fee97e23658df0daf69cbd8630410437a5ea2136368d9850581d5d8b3b46e42a,False
case_074,1,5,weighted_window_10_s0.35,752748,1682239,2.2347970369898027,3776728,36643356,32866628,32866628,0,0.0,0,0,0,0,36643356,40960,32768,12.37650849999045,0.0,,1886,1886,ok,b09c6383a0717d5885cdd5bb1c78189d185d3b9fca509e4bde20158abb53fe6c,False
case_074,1,5,critical_cut_b0.16_s1.0,545493,1682239,3.0838874192702748,3776728,27992300,24215572,24215572,0,0.0,0,0,0,0,27992300,98304,49156,7.595324299996719,0.0,,1135,1135,ok,b7e3aa152cebc774ea3e3d7c85f3c9a117b50dc4c9cf15dc73b263214e792005,False
case_074,1,5,critical_cut_b0.06_s0.35,647348,1682239,2.5986625431761587,3776728,28713196,24936468,24936468,0,0.0,0,0,0,0,28713196,98304,49156,6.449554999999236,0.0,,1223,1223,ok,08b6beebdbc4a8b99e64b3e6dd7f3a7a232c8e26ba9771a2cc47ca2c6d318adf,False
case_074,1,5,win_w5,670610,1682239,2.508520600647172,3776728,30589698,26812970,26812970,0,0.0,0,0,0,0,30589698,49152,32772,7.4512540999858174,0.0,,1515,1515,ok,b45b0cf196bb1acf6776bde640862db7274873e546335a1b3648b751bc4c3913,False
case_074,1,5,win_w7,569566,1682239,2.9535453310064153,3776728,28131852,24355124,24355124,0,0.0,0,0,0,0,28131852,49152,49156,6.281336899992311,0.0,,1219,1219,ok,48dcfb59133b0c55481be843a71b8897f4385259c9f85c88e366a0d8340d9ebf,False
case_074,1,5,win_w14,511827,1682239,3.2867336033464434,3776728,23757196,19980468,19980468,0,0.0,0,0,0,0,23757196,98304,65540,3.991332599980524,0.0,,754,754,ok,c5419797f14948fefcfaefc768d507d35e17a1c438d416cb6d49550b01d6d926,False
case_074,1,5,stageU4_k5,687763,1682239,2.4459574010233176,3776728,31981904,28205176,28205176,0,0.0,0,0,0,0,31981904,90112,32774,7.283699000021443,0.0,,1547,1547,ok,90efe9cf59e05a117d2c48796445a5eea6af37a0a6f0ebee08220a00196974c5,False
case_074,1,5,stageC5_k4,697205,1682239,2.4128326675798366,3776728,29262172,25485444,25485444,0,0.0,0,0,0,0,29262172,90112,32774,6.417462899989914,0.0,,1335,1335,ok,c302ace722635f16a91d1bd00ed1738d6234bd3d0f8977ffaee9256f932c2e68,False
case_074,1,5,stageU12_k5,665602,1682239,2.5273947494148157,3776728,32727492,28950764,28950764,0,0.0,0,0,0,0,32727492,90112,32774,7.432334899989655,0.0,,1643,1643,ok,08bc8ef6f0c7075150b7f31899ed2ba1c78c7c2af73c4468fd4bda15b0d07a38,False
case_074,1,5,component_group3,349460,1682239,4.813824185886797,3776728,14852312,11075584,11051008,24576,0.0,0,0,0,0,14852312,135168,122892,1.8877751999825705,0.0,,25,25,ok,244445e4b89fdb2ab6035224f7d18788e78df77d6d6bfa75841e643cf0edf005,False
case_074,1,5,component_group4,345915,1682239,4.863157133978,3776728,13951192,10174464,10149888,24576,0.0,0,0,0,0,13951192,339968,122892,2.0929954000166617,0.0,,19,19,ok,ae8266ad9445bf59e154d35b0685d3e5e2c8028c46780796db0afa6e12bbb2ee,False
case_074,1,5,component_group5,335182,1682239,5.018882278881324,3776728,13918424,10141696,10100736,40960,0.0,0,0,0,0,13918424,335872,122892,1.9031125000037719,0.0,,15,15,ok,4b562de1b0bc25fcb43cba29da1fb3b0a6c99235483b9591c70319d4571a8b30,False
case_074,1,5,component_group6,345809,1682239,4.864647825822925,3776728,13320408,9543680,9519104,24576,0.0,0,0,0,0,13320408,339968,122892,2.2748419000126887,0.0,,13,13,ok,c348b993ce0010272a2fc1f776d2ac01d4dc0005f27291965ee5a77acd865d12,False
case_074,1,5,component_group8,402015,1682239,4.184517990622241,3776728,12042456,8265728,8192000,73728,0.0,0,0,0,0,12042456,524288,122892,2.909842499997467,0.0,,10,10,ok,c8047c145d706c57e8923b78839e2584ea364ee3e07289342066708347ae2908,False
case_074,1,5,pipevec_merge,354503,1682239,4.745344891298522,3776728,18178264,14401536,14401536,0,0.0,0,0,0,0,18178264,98304,65542,1.7203945000073873,0.0,,73,73,ok,f5b93564429fec49bd687ad69cdcccf831b2d39c2ce42bfd0f45544fd1c462fe,False
case_074,1,5,membatch_70,368497,1682239,4.565136215491578,3776728,17735896,13959168,13959168,0,0.0,0,0,0,0,17735896,98304,65542,1.6329662000061944,0.0,,64,64,ok,3282c1031c255e56cc2517e4e4393c025946e10c3149dfbcc2acbc078af9efc4,False
case_074,1,5,whole_graph,1682239,1682239,1.0,3776728,9847008,6070280,0,6070280,0.0,0,0,0,0,9847008,524288,122900,0.002930899994680658,0.0,,1,1,ok,3ca6818e8c875b4d8b997a35387f2693ea8bfd25e8468f131547108f1522212d,True
case_075,1,5,component_round_robin,1441809,1441809,1.0,1837190,1837190,0,0,0,0.0,0,0,0,0,1837190,120320,53510,0.00023440000950358808,0.0,,1,1,ok,7ba55caddc608932266d920ca13847e4f2bf45903ec18365b50da4dd41369d26,True
case_075,1,5,chain_heft,729112,1441809,1.977486312116657,1837190,22970612,21133422,21133422,0,0.0,0,0,0,0,22970612,24576,16384,119.07183309999527,0.0,,5480,5480,ok,17428d84dc1115dbf1dc7a3e6836fb051515c639ded3a744e709f7cb10a45d1d,False
case_075,1,5,window8_heft,683491,1441809,2.1094776668602804,1837190,9513536,7676346,7676346,0,0.0,0,0,0,0,9513536,29696,91408,12.581752600002801,0.0,,432,432,ok,e8834d9dbc580203f42df7099c1352a5b3e30946aae59486eb8a271a3a79d0ba,False
case_075,1,5,window10_heft,722008,1441809,1.9969432471662363,1837190,8596866,6759676,6759676,0,0.0,0,0,0,0,8596866,29696,91408,9.481311000010464,0.0,,311,311,ok,75f02ea9ed9eac6b60e8bc2e6273c1e9e42c8db02122f553d50a79e08ad54182,False
case_075,1,5,window16_heft,749292,1441809,1.9242284716772633,1837190,7035122,5197932,5197932,0,0.0,0,0,0,0,7035122,43136,108816,7.105096699990099,0.0,,180,180,ok,283ba84337a5230842f6620ec59af42b95dd79837db2563015d187e942f11a76,False
case_075,1,5,window3_heft,681181,1441809,2.116631262469153,1837190,14483840,12646650,12646650,0,0.0,0,0,0,0,14483840,24576,20480,34.043027500010794,0.0,,1766,1766,ok,b4b4133198fe560bddb6ffd06638a249244660fa99b61575db5a3e526e17d9d9,False
case_075,1,5,window12_heft,746727,1441809,1.930838177807954,1837190,8166404,6329214,6329214,0,0.0,0,0,0,0,8166404,29696,91968,9.384005599975353,0.0,,260,260,ok,970e23c01384439051ca615c4ef47174920ca8a079a4784702bbc0cc9e1b7be5,False
case_075,1,5,window4_heft,660780,1441809,2.1819803868155816,1837190,12692230,10855040,10855040,0,0.0,0,0,0,0,12692230,24576,22530,25.39793710000231,0.0,,1190,1190,ok,220952e93d7fa2e60414d90aafe35dff1f9d3ab7293deaa4bec66e9bf3b296f9,False
case_075,1,5,hybrid20_10,856024,1441809,1.6843090847920152,1837190,6203454,4366264,4366264,0,0.0,0,0,0,0,6203454,57472,108816,7.293651399988448,0.0,,140,140,ok,104f11fe799381d12838987f14ede1eb39ac8a4e8db67620b11916e2fa714a44,False
case_075,1,5,hybrid32_16,1130822,1441809,1.2750096832215858,1837190,4409792,2572602,2572602,0,0.0,0,0,0,0,4409792,67840,108848,6.58272560001933,0.0,,89,89,ok,ae657c667cad9fdbffcc23dcafb6c344b413291418870f6b45b73f73830eefda,False
case_075,1,5,window10_lowcomm,721622,1441809,1.9980114242636726,1837190,8596866,6759676,6759676,0,0.0,0,0,0,0,8596866,29696,91408,10.263096700015012,0.0,,311,311,ok,0f1c9f525ecd09c93195378a99eba253436f0680e8f876c1786602b7543d020f,False
case_075,1,5,window4_peft,650099,1441809,2.21782989975373,1837190,12692230,10855040,10855040,0,0.0,0,0,0,0,12692230,24576,22530,23.995490600005724,0.0,,1190,1190,ok,ddf499afa07714a0cf8cd1690037a74af13624ac53ecb50157eb69be2cf95ff3,False
case_075,1,5,weighted_window_20_s1.0,1126882,1441809,1.2794675928801773,1837190,3921676,2084486,2084486,0,0.0,0,0,0,0,3921676,84224,43716,7.247623200004455,0.0,,106,106,ok,bea3adbf2ac12ed4e9c1c8c202ce29dba368e75ffcc1ef6964a0da834e133ef2,False
case_075,1,5,weighted_window_15_s0.65,1221085,1441809,1.1807605531146481,1837190,3549124,1711934,1711934,0,0.0,0,0,0,0,3549124,90240,43716,7.160131399985403,0.0,,87,87,ok,27c898ed8f17e2c4e0a4ed57e1279b8051b33800df52ca95f4f4eeeb029c79ed,False
case_075,1,5,weighted_window_10_s0.35,1448930,1441809,0.9950853388362447,1837190,2605324,768134,768134,0,0.0,0,0,0,0,2605324,106624,45188,5.612445899983868,0.0,,66,66,ok,bbaf43418ae699e9d5c0aab69a6229dac389f5d3ef62926a68a3ce595eb10780,False
case_075,1,5,critical_cut_b0.16_s1.0,1430480,1441809,1.0079197192550753,1837190,2138426,301236,301236,0,0.0,0,0,0,0,2138426,108672,53508,10.355383099988103,0.0,,60,60,ok,90f46607f90e91a38c3e0ed14c7b91595c247fc25e6ae97a4686ff3a7e3880ba,False
case_075,1,5,critical_cut_b0.06_s0.35,1434201,1441809,1.005304695785319,1837190,2150708,313518,313518,0,0.0,0,0,0,0,2150708,121344,52484,8.716166500002146,0.0,,52,52,ok,3a6510b3dbf78a1ab1c414d13cbdc69a43323f69a5563048d771c8ce30c03160,False
case_075,1,5,win_w5,674726,1441809,2.1368807486298143,1837190,11141808,9304618,9304618,0,0.0,0,0,0,0,11141808,24576,91408,16.92255479999585,0.0,,790,790,ok,6aac90d122ba3a0e64dec4d69a279c5fcc29558cf6416ef6a5ad5559c90a0512,False
case_075,1,5,win_w7,678574,1441809,2.1247631061608607,1837190,9731152,7893962,7893962,0,0.0,0,0,0,0,9731152,29696,91408,13.522915300010936,0.0,,509,509,ok,ca04e1159efcf8c29dd2f061197203a826b6cffd9a14a22bf8f7c7d8e7cc438c,False
case_075,1,5,win_w14,701545,1441809,2.055191042627344,1837190,7693278,5856088,5856088,0,0.0,0,0,0,0,7693278,29696,91968,9.438038000022061,0.0,,219,219,ok,3673af4584b662bc5a00fb601ad52183e07fdc890496a04088726bbded753ca2,False
case_075,1,5,win_w23,774369,1441809,1.8619146685882313,1837190,6113842,4276652,4276652,0,0.0,0,0,0,0,6113842,24576,28226,7.211506299994653,0.0,,116,116,ok,04c3637d06d2defe9d660eef635c549c464800869523ea81f1aa1af8c64cc444,False
case_075,1,5,stageU4_k5,1436567,1441809,1.0036489770404027,1837190,2367854,530664,530664,0,0.0,0,0,0,0,2367854,120320,53510,12.343207899975823,0.0,,48,48,ok,e1ae3239a6f4d7580c5aec1082160f9d1e14e942b540798c794a5a0a9258581d,False
case_075,1,5,stageC5_k4,1425632,1441809,1.0113472480976857,1837190,2144946,307756,307756,0,0.0,0,0,0,0,2144946,120320,52486,8.320248200005153,0.0,,51,51,ok,11b35afc10f8b38343b677e564db5c489288b86dcbf6c9cb69b65a00bc547363,False
case_075,1,5,stageU12_k5,1090547,1441809,1.3220970760544937,1837190,4568330,2731140,2731140,0,0.0,0,0,0,0,4568330,91392,51460,7.008948400005465,0.0,,82,82,ok,4c7f56ea63cbc2cc0029e480e309b0f09d6d5d7110ba9e8a2548b8770570bb96,False
case_076,1,5,component_round_robin,1254778,6185113,4.929248839236901,4270674,42640978,38370304,16297984,22072320,0.0,0,0,0,0,42640978,524288,8192,1913.2541990000173,0.0,,5,5,ok,475c8975eaa227f65770363f0cf47b20f3da0a97d409c571a5cff2332db6d181,False
case_076,1,5,component_pipe_balance,1240011,6185113,4.987950106894213,4270674,44824146,40553472,16297984,24255488,0.0,0,0,0,0,44824146,524288,8192,754.8545793999801,0.0,,5,5,ok,3a27790efbf269ac17466f1dfd81f6d91f24cf841a987da5d3d96c2deee67574,False
case_076,1,5,component_batches,1234641,6185113,5.009644908924942,4270674,57545298,53274624,53274624,0,0.0,0,0,0,0,57545298,223232,8192,23.786633799987612,0.0,,139,139,ok,c58abb8e41364cfc73b368565b3c63cb26bdd5c825cbeb1cb7c7aefbc0dbae19,False
case_076,1,5,component_pipe_lpt,1345331,6185113,4.597465605118741,4270674,78548562,74277888,74277888,0,0.0,0,0,0,0,78548562,22528,8192,35.81225170000107,0.0,,809,809,ok,0ccc4d7493c6fee7a3e65c7910c27e4aeaab64dd5db45c415d2789520d751083,False
case_076,1,5,component_comm,1344493,6185113,4.600331128536928,4270674,78548562,74277888,74277888,0,0.0,0,0,0,0,78548562,22528,8192,35.278295900003286,0.0,,809,809,ok,9c9624387726cac44febfe2b10de6531bc788ea262b1c2510071e16130092b84,False
case_076,1,5,scene_a_peft,1344239,6185113,4.601200381777348,4270674,78569042,74298368,74298368,0,0.0,0,0,0,0,78569042,22528,8192,34.894447800004855,0.0,,811,811,ok,abb1010ef77b6a3944936258166008eda0c04d0da6a93bc8f9beea65e337b52f,False
case_076,1,5,scene_a_spine,1341674,6185113,4.60999691430258,4270674,78569042,74298368,74298368,0,0.0,0,0,0,0,78569042,22528,8192,33.356632100010756,0.0,,811,811,ok,82f5e91fc1ed54c891cd5066970f9ab4a1671dba377a68d5095a26fb4d6e9a82,False
case_076,1,5,whole_graph,6185113,6185113,1.0,4270674,32551506,28280832,0,28280832,0.0,0,0,0,0,32551506,524288,8192,0.037791899987496436,0.0,,1,1,ok,cef35a2e4e30979138d54214e3edab045407e81bba997b305d6571ebefc075ef,True
case_077,1,5,component_round_robin,222058,495320,2.2305884048311704,2141360,2370736,229376,229376,0,0.0,0,0,0,0,2370736,106496,36864,13.612794299988309,0.0,,5,5,ok,7611537b03028d2d795206225654c3f8050d0ab0afd784123ce489e35bb50209,False
case_077,1,5,component_lpt,115617,495320,4.284145065172077,2141360,2313392,172032,172032,0,0.0,0,0,0,0,2313392,106496,36864,12.711197500000708,0.0,,5,5,ok,ff7ccee759d31d365ef9e3ffd299b1482b76cd9d03aa2dfd97c4504cbada6b58,False
case_077,1,5,component_pipe_balance,121081,495320,4.090815239385205,2141360,2313392,172032,172032,0,0.0,0,0,0,0,2313392,106496,36864,12.407134400011273,0.0,,5,5,ok,995657c1fa9f3bbbbb0867fa136d2f204f7d43dc9ea8ca2c588562983fe02e3e,False
case_077,1,5,chain_heft,363899,495320,1.361146911643066,2141360,14055948,11914588,11914588,0,0.0,0,0,0,0,14055948,25344,12288,40.782356100011384,0.0,,3148,3148,ok,e74108e955f7f4e8c32e3297bcc470c4320fe9674bf219fa0d4ad5b831e15b1e,False
case_077,1,5,window8_heft,140167,495320,3.533784699679668,2141360,5649196,3507836,3507836,0,0.0,0,0,0,0,5649196,98304,33888,5.766757299978053,0.0,,278,278,ok,c649122267997bb486763fc2432a690a4a142e0349408e6f89996f568d13691a,False
case_077,1,5,window10_heft,147717,495320,3.3531685587982425,2141360,5355460,3214100,3214100,0,0.0,0,0,0,0,5355460,98304,34624,5.501360599999316,0.0,,227,227,ok,912d715b54c1adb4517fb6b5bcc71953dcf36f561bf0e4b3ab788c41977c7881,False
case_077,1,5,window16_heft,130055,495320,3.8085425396947445,2141360,4743706,2602346,2602346,0,0.0,0,0,0,0,4743706,98304,33888,4.020750499999849,0.0,,142,142,ok,8ecadcebf6d6c54b458450eaefc044796caf548edd043658b1e1193df2eeb636,False
case_077,1,5,component_pipe_lpt,115074,495320,4.304360672263066,2141360,3288240,1146880,1146880,0,0.0,0,0,0,0,3288240,101952,36864,8.135486100014532,0.0,,41,41,ok,7a62b0958f48bbe848988d4dc7e24ef5ee414c008def6cafba9189254144937f,False
case_077,1,5,component_comm,176796,495320,2.8016470960881468,2141360,3288240,1146880,1146880,0,0.0,0,0,0,0,3288240,101952,36864,7.739884699985851,0.0,,41,41,ok,3b179730b3edfa5dd435b969bf5426c721ae87a3dc6be861056359824e29b2b9,False
case_077,1,5,window2_heft,255420,495320,1.9392373345861718,2141360,10786512,8645152,8645152,0,0.0,0,0,0,0,10786512,40960,16384,24.800845899997512,0.0,,1849,1849,ok,1e050cb786766162bd531842f5cdf609bf777c0777ab0c7ef81a242f5c31db62,False
case_077,1,5,window12_heft,130574,495320,3.7934045062569886,2141360,4926954,2785594,2785594,0,0.0,0,0,0,0,4926954,98304,34272,5.280233700003009,0.0,,186,186,ok,49b4332e2af6aa610eaf3f0bf92c09da7f5eecefd0e1b194d950cda63cc72d3d,False
case_077,1,5,window4_heft,176310,495320,2.8093698599058476,2141360,7231578,5090218,5090218,0,0.0,0,0,0,0,7231578,49152,20480,9.072375299991108,0.0,,646,646,ok,b7c529a5068324b629efafce2dd9f396fad6a984b009adcef77c1ef53ccffa59,False
case_077,1,5,weighted_window_20_s1.0,166145,495320,2.981251316621024,2141360,5891936,3750576,3750576,0,0.0,0,0,0,0,5891936,49152,24576,5.491293000028236,0.0,,215,215,ok,f9c013746e55fd9b7835ac573d2b2292dd51c749aca513db8f40344946c935f4,False
case_077,1,5,weighted_window_15_s0.65,230835,495320,2.145775120757251,2141360,7003514,4862154,4862154,0,0.0,0,0,0,0,7003514,40960,34400,5.646229699981632,0.0,,281,281,ok,de0c64e1159207e3b54a182157a8cfedba6be6b7d06a14b42a73b7b0b4482d45,False
case_077,1,5,weighted_window_10_s0.35,153502,495320,3.226798347904262,2141360,4159102,2017742,2017742,0,0.0,0,0,0,0,4159102,98304,32768,4.678137100010645,0.0,,101,101,ok,249e6b0723aded560a6fe8bfad52dbbb38fd7713bb4f183ffc4b3480744ac829,False
case_077,1,5,critical_cut_b0.16_s1.0,129188,495320,3.834102238598012,2141360,4703232,2561872,2561872,0,0.0,0,0,0,0,4703232,98304,36864,5.6783193000010215,0.0,,145,145,ok,4c03c3002992281aa77996cc42188d7c328da60e643c48cb2a2ea9cb9fab77a2,False
case_077,1,5,critical_cut_b0.06_s0.35,158443,495320,3.126171556963703,2141360,5269508,3128148,3128148,0,0.0,0,0,0,0,5269508,94608,36864,5.909196799999336,0.0,,174,174,ok,41a42a6a4c9eb6ba5ccc5c2c7232cbcddf96ca9fb2611c8af83be58545a97533,False
case_077,1,5,win_w5,164927,495320,3.0032681125588896,2141360,6993168,4851808,4851808,0,0.0,0,0,0,0,6993168,49152,20480,8.086974600009853,0.0,,536,536,ok,9c1da9398a6455762be038c6a09285a779c9d2bc63c20e61050c4cd0ecd74c15,False
case_077,1,5,win_w7,162568,495320,3.0468480881846367,2141360,5862940,3721580,3721580,0,0.0,0,0,0,0,5862940,49152,34624,6.07327609998174,0.0,,321,321,ok,4bf2ebdea3fda465fa4c6b97fafa52defbe6cd5b6b9fdec24992400964a6b921,False
case_077,1,5,win_w14,145273,495320,3.4095805827648635,2141360,4825436,2684076,2684076,0,0.0,0,0,0,0,4825436,98304,43040,4.631427699991036,0.0,,158,158,ok,60608fd831ca801c7c3ca5680337aeeccbbb34204ef5a48285f83d154e80984b,False
case_077,1,5,win_w23,146226,495320,3.387359293148961,2141360,4111018,1969658,1969658,0,0.0,0,0,0,0,4111018,98304,36864,4.680245800002012,0.0,,102,102,ok,15d4d20aec3aae2cc5758ff14e18529b4fd879c6906fa7bf2636ac028fcdef94,False
case_077,1,5,stageU4_k5,159555,495320,3.1043840681896526,2141360,6241294,4099934,4099934,0,0.0,0,0,0,0,6241294,94608,36864,8.394282499997644,0.0,,302,302,ok,1c93a642fe1caece955e2f59f497ff6231c608d52365d5c6812e24961c52e2a9,False
case_077,1,5,stageC5_k4,150618,495320,3.2885843657464577,2141360,3899412,1758052,1758052,0,0.0,0,0,0,0,3899412,98304,27092,5.57449749999796,0.0,,100,100,ok,2005da2ae3bebd315eb809cdfb6c3f03e7c48456f2d5228f250b8789ab2de757,False
case_077,1,5,stageU12_k5,236106,495320,2.09787129509627,2141360,8793874,6652514,6652514,0,0.0,0,0,0,0,8793874,86016,43040,8.367438999994192,0.0,,493,493,ok,00873eacce4f390b2f25256ef57b7698b0b51a4600fe79e13332411b8bc99d17,False
case_077,1,5,component_group3,118391,495320,4.183763968544906,2141360,2542768,401408,401408,0,0.0,0,0,0,0,2542768,106496,36864,8.739889899996342,0.0,,14,14,ok,33d7303b9e4ceae6670f02471e09276c698218c72e7f8ec221d45feef358b038,False
case_077,1,5,component_group4,119911,495320,4.130730291632961,2141360,2428080,286720,286720,0,0.0,0,0,0,0,2428080,106496,36864,8.095668199995998,0.0,,11,11,ok,556783a3865e6cac1201848c139ec3b9ed33eee45c37c05dccda622ce07b4618,False
case_077,1,5,component_group5,121342,495320,4.082016119727712,2141360,2370736,229376,229376,0,0.0,0,0,0,0,2370736,106496,36864,10.358638600009726,0.0,,9,9,ok,26520a66a7d658c49010539cac4c25ead0f6e7c90df3796f795bbc4418a3a3fa,False
case_077,1,5,component_group6,122564,495320,4.04131718938677,2141360,2313392,172032,172032,0,0.0,0,0,0,0,2313392,106496,36864,10.734542199992575,0.0,,7,7,ok,c3ae58ec5cbe8e83835a34111d20f3f154e1a1aa360ac091de0a84d8d03e2ad7,False
case_077,1,5,component_group8,131589,495320,3.7641444193663602,2141360,2313392,172032,172032,0,0.0,0,0,0,0,2313392,106496,36864,18.30250610000803,0.0,,6,6,ok,7b0518868ba9d9f33b9879d811891e8c0f5deb6cecddf14ef12aaaf30512e959,False
case_077,1,5,pipevec_merge,115074,495320,4.304360672263066,2141360,3288240,1146880,1146880,0,0.0,0,0,0,0,3288240,101952,36864,13.510873100021854,0.0,,41,41,ok,af23ff4d042de2d261c6ff293605c463eac4a570fc4fcdf4dc2dce30a78ce739,False
case_077,1,5,membatch_70,132816,495320,3.729369955427057,2141360,3288240,1146880,1146880,0,0.0,0,0,0,0,3288240,101952,36864,13.221325000020443,0.0,,41,41,ok,5c2526e551ce590dfdbb473b5d71c7c49b09dd1477183ff376131b7f7124e0db,False
case_077,1,5,whole_graph,495320,495320,1.0,2141360,2141360,0,0,0,0.0,0,0,0,0,2141360,106496,36864,0.010209900006884709,0.0,,1,1,ok,24e02203e8c1c04692e17e4b13ea940a75e1c2db7db435f73db667aba17bf05c,True
case_078,1,5,component_round_robin,663941,2296143,3.458353980248245,2345088,15965112,13620024,8593920,5026104,0.0,0,0,0,0,15965112,522360,0,0.5892680000106338,0.0,,5,5,ok,8b7ee114e03f8817e19da4e7a5b216035aa10ffb7177a29fad4a589af125da23,False
case_078,1,5,component_pipe_lpt,620100,2296143,3.7028592162554426,2345088,17384448,15039360,15039360,0,0.0,0,0,0,0,17384448,191232,0,0.6702115000225604,0.0,,8,8,ok,5e1064026f61d3194a78fb01e68bbfe362ef4b9b6966dbba20b7b54a7ff7713b,False
case_078,1,5,scene_a_peft,611706,2296143,3.7536708811095525,2345088,17591808,15246720,15246720,0,0.0,0,0,0,0,17591808,191232,0,1.3209711000090465,0.0,,20,20,ok,d52c63ae7525a01e72ea6658a607fbd4589e356b38aa0742bac743af773b4375,False
case_078,1,5,scene_a_spine,619921,2296143,3.703928403780482,2345088,17591808,15246720,15246720,0,0.0,0,0,0,0,17591808,191232,0,0.6731272999895737,0.0,,20,20,ok,66a550ce44d376b5e69a8df52560c58fbdbc90d8a91f4cefa142fda9c64ae3df,False
case_078,1,5,share_pack_3,993959,2296143,2.3100983038535796,2345088,15018888,12673800,4296960,8376840,0.0,0,0,0,0,15018888,522360,0,0.573724999994738,0.0,,3,3,ok,4889e6910eab65f4cd355cd65bfa814ce2662ac28b55bab7ba4946260a992892,False
case_078,1,5,share_pack_4,690924,2296143,3.3232931552529656,2345088,15492000,13146912,6445440,6701472,0.0,0,0,0,0,15492000,522360,0,0.7636861999926623,0.0,,4,4,ok,c7b776eb0b4bed06371c3acb712f04033c6de329427aa09f6495a4cf3cc008b6,False
case_078,1,5,weighted_window_20_s1.0,586975,2296143,3.9118241833127474,2345088,20640768,18295680,18295680,0,0.0,0,0,0,0,20640768,168960,0,1.416665800003102,0.0,,168,168,ok,498ffb7139e509a606c3ea9d11ada09dcc2641b3dba94f4feac92100a4b7e57f,False
case_078,1,5,weighted_window_15_s0.65,588365,2296143,3.9025825805409906,2345088,19584000,17238912,17238912,0,0.0,0,0,0,0,19584000,168960,0,0.8818721999996342,0.0,,136,136,ok,d57f3d398aa6e9af1965cae5a4ae3b2848bafde8005978c7de2d11a33510a46d,False
case_078,1,5,weighted_window_10_s0.35,570790,2296143,4.0227456682843075,2345088,19166208,16821120,16821120,0,0.0,0,0,0,0,19166208,169728,0,0.6724732000147924,0.0,,88,88,ok,ad2c5e271699a66fe566a537068e3dc8bb20dbbebe65218163ff980261d21ec0,False
case_078,1,5,critical_cut_b0.16_s1.0,528769,2296143,4.342431193961825,2345088,18220032,15874944,15874944,0,0.0,0,0,0,0,18220032,169728,0,0.48624739999650046,0.0,,56,56,ok,a572c628b7e06c9f07ba896e6cca8dc4ff9747cbca41a5c3e312df7b81942938,False
case_078,1,5,critical_cut_b0.06_s0.35,555420,2296143,4.13406611213136,2345088,18035712,15690624,15690624,0,0.0,0,0,0,0,18035712,169728,0,0.7065026999916881,0.0,,56,56,ok,ca8c97abf20f44ce2d1792e48059ff72d0f723cf041b433f926888de45005da2,False
case_078,1,5,win_w5,586514,2296143,3.914898877094153,2345088,20861952,18516864,18516864,0,0.0,0,0,0,0,20861952,168192,0,1.1930228999990504,0.0,,200,200,ok,c3d0393d139aa8629050fa61757f180ad191f18c34206a23ed6dc236ec66f69b,False
case_078,1,5,win_w7,579143,2296143,3.9647254650405857,2345088,19399680,17054592,17054592,0,0.0,0,0,0,0,19399680,168192,0,1.07193819998065,0.0,,144,144,ok,7073370112b41159e237bbb2b2cd4ad1a987c9f01cf068e05f185e0048147624,False
case_078,1,5,win_w14,587549,2296143,3.908002566594446,2345088,18330624,15985536,15985536,0,0.0,0,0,0,0,18330624,210432,0,0.7969363000011072,0.0,,72,72,ok,f8b3b8ee9bfde63fee48def7f01d4c5b350bb80e3be1d556f52035383ca7ee12,False
case_078,1,5,win_w23,577190,2296143,3.978140646927355,2345088,18514944,16169856,16169856,0,0.0,0,0,0,0,18514944,169728,0,0.6534136999980547,0.0,,48,48,ok,2a6091ad3cc246c9c716f9c54ca13022a036edce6d2cf763bf7ea39b8119f0e5,False
case_078,1,5,stageU4_k5,561557,2296143,4.088886791545649,2345088,17925120,15580032,15580032,0,0.0,0,0,0,0,17925120,214272,0,0.564085599995451,0.0,,32,32,ok,f3ad34c201aa3a475f7197651478fef88d10abb06bbf6d0df9d1183bf9b54623,False
case_078,1,5,stageC5_k4,655068,2296143,3.505197933649636,2345088,17888256,15543168,15543168,0,0.0,0,0,0,0,17888256,169728,0,0.8294953999866266,0.0,,40,40,ok,5f540d17c1f3181c5041529139931f169a7ac927ed59a75adefe480bcae3860e,False
case_078,1,5,stageU12_k5,581134,2296143,3.951142077386627,2345088,19252224,16907136,16907136,0,0.0,0,0,0,0,19252224,211200,0,0.7286924000072759,0.0,,96,96,ok,84fa5c8be3ae97cdbdd546dbc06cfe03cc063ea67462da2416b5289b3c5dfb27,False
case_078,1,5,component_group3,993959,2296143,2.3100983038535796,2345088,15018888,12673800,4296960,8376840,0.0,0,0,0,0,15018888,522360,0,0.9114575999847148,0.0,,3,3,ok,09e4ce573d29061f1613bb3fe29d5b3b5e8cd62a66b76a993b28e9761750151b,False
case_078,1,5,component_group4,1260358,2296143,1.8218180866071385,2345088,14880432,12535344,2148480,10386864,0.0,0,0,0,0,14880432,522360,0,1.061160800018115,0.0,,2,2,ok,cdff6ed0de5110429de6a2bc2a9a2460a4706858d88c0281c4693e4e5aaee9e5,False
case_078,1,5,component_group5,1522327,2296143,1.5083112892302377,2345088,14900520,12555432,2148480,10406952,0.0,0,0,0,0,14900520,522360,0,1.0128593999834266,0.0,,2,2,ok,66d4adc5c3cffc91f2644e196df31e5dba10b2ad5117866973281f15ecb59c75,False
case_078,1,5,component_group6,1770069,2296143,1.2972053631807574,2345088,15087936,12742848,2148480,10594368,0.0,0,0,0,0,15087936,522360,0,0.9233325000095647,0.0,,2,2,ok,4ad92a2be3af98190bec3404906d1fbc26eb0af7922cbedd6f809a5f18661c25,False
case_078,1,5,component_group8,2296143,2296143,1.0,2345088,14989656,12644568,0,12644568,0.0,0,0,0,0,14989656,522360,0,0.0006229999999050051,0.0,,1,1,ok,8b2cf7e3884cd5ac4e78f2cac94f1698f9e73e0bd32ac374fe87b1c3ab3afe4b,True
case_078,1,5,membatch_70,620100,2296143,3.7028592162554426,2345088,17384448,15039360,15039360,0,0.0,0,0,0,0,17384448,191232,0,0.7312262000050396,0.0,,8,8,ok,fe5630bc0cfe28fe016b5518fa9e2802f7c75414d33fe815d417ea140bddf60c,False
case_079,1,5,component_round_robin,6075976,31052251,5.110660575354478,9351168,57028608,47677440,23248896,24428544,0.0,0,0,0,0,57028608,524288,0,838.3554542000056,0.0,,5,5,ok,996703d5d1b6b10988a3d350dcf13a54e8852e086319ee4a6a675128387fa2b3,False
case_079,1,5,component_batches,5972750,31052251,5.198987233686325,9351168,73082880,63731712,63731712,0,0.0,0,0,0,0,73082880,292864,0,23.477488500007894,0.0,,98,98,ok,16285222d09227192aaca92d9396360daa1a1186954e410085208f0f54b0fca2,False
case_079,1,5,component_pipe_lpt,6063684,31052251,5.121020653450938,9351168,100859904,91508736,91508736,0,0.0,0,0,0,0,100859904,96256,0,27.396785799995996,0.0,,288,288,ok,f065c267163346217bb5f706ddf71382192eeb4cbc52f96fb890839b112af8c2,False
case_079,1,5,component_comm,6063684,31052251,5.121020653450938,9351168,100859904,91508736,91508736,0,0.0,0,0,0,0,100859904,96256,0,28.571140999993077,0.0,,288,288,ok,f6fd4617d18285454e7854bd457f9019ded4dccbea78ad7bfba5ea6c1212d68d,False
case_079,1,5,scene_a_peft,5990397,31052251,5.183671633115468,9351168,101203968,91852800,91852800,0,0.0,0,0,0,0,101203968,96256,0,38.95942939998349,0.0,,302,302,ok,8eb2ff630ac5866a0a71190bef5e3e347cf2aad11631852fcf444733cf069200,False
case_079,1,5,scene_a_spine,6063823,31052251,5.120903265151374,9351168,101203968,91852800,91852800,0,0.0,0,0,0,0,101203968,96256,0,28.14881750001223,0.0,,302,302,ok,aca770fc80e8064a42e16e3342ddf519255ee461df144989e5fce8d2931f98b2,False
case_079,1,5,whole_graph,31052251,31052251,1.0,9351168,41799680,32448512,0,32448512,0.0,0,0,0,0,41799680,524288,0,0.047557299985783175,0.0,,1,1,ok,d578dcc4643f8713f087c233c513fe315344e1644c88232795cc11b7b21358b6,True
case_080,1,5,component_round_robin,113455,292138,2.574923978669957,1978368,6549504,4571136,4571136,0,0.0,0,0,0,0,6549504,167936,0,1.0993222999968566,0.0,,5,5,ok,263aad6b8b4b2625f8c08979acba1b4806849b7eab1f62799afbc40aeb362839,False
case_080,1,5,component_batches_128,117630,292138,2.483533112301284,1978368,6930432,4952064,4952064,0,0.0,0,0,0,0,6930432,40960,0,1.0700557000236586,0.0,,10,10,ok,d9203ec2fa5e196927f1b02097ca759b66b87b4764ef4376032465f594a2a33c,False
case_080,1,5,component_pipe_lpt,119170,292138,2.45143912058404,1978368,6930432,4952064,4952064,0,0.0,0,0,0,0,6930432,40960,0,0.7950582999910694,0.0,,18,18,ok,34276ca80818c875f8b50fa9f8db91a6b9e0d5c3e864a8e34ab98f3b9767570c,False
case_080,1,5,component_comm,119170,292138,2.45143912058404,1978368,6930432,4952064,4952064,0,0.0,0,0,0,0,6930432,40960,0,1.0006345000001602,0.0,,18,18,ok,7c4ae964479f5695d0ae10e875b95e2483065e3da767043f8748ed056545f942,False
case_080,1,5,scene_a_peft,121979,292138,2.3949860221841464,1978368,7028736,5050368,5050368,0,0.0,0,0,0,0,7028736,40960,0,1.6095483000099193,0.0,,30,30,ok,a16993b07debfb87d0cd9e5956e0bbe0adb3f9e53dccdf097a359a3ef0e19ce0,False
case_080,1,5,scene_a_spine,121891,292138,2.3967150979153504,1978368,7028736,5050368,5050368,0,0.0,0,0,0,0,7028736,40960,0,0.8511505000060424,0.0,,30,30,ok,b16795099b0a9e1e0200ee42612f5807e25aaa0d5a2d5ae22e4283ce03da185f,False
case_080,1,5,weighted_window_20_s1.0,347604,292138,0.8404333667046409,1978368,15777792,13799424,13799424,0,0.0,0,0,0,0,15777792,16384,0,5.191800000000512,0.0,,1098,1098,ok,1a5fc23da8427ee43148c90b9c1530ab4869b3781023d8fa064c9bca702069ef,False
case_080,1,5,weighted_window_15_s0.65,316466,292138,0.9231260230166906,1978368,14303232,12324864,12324864,0,0.0,0,0,0,0,14303232,16384,0,3.80393580000964,0.0,,918,918,ok,8e87a28c5ed1ca92847ab38b9da3bea62c72f96642456ba1d6e732cf9efd7fd5,False
case_080,1,5,weighted_window_10_s0.35,300571,292138,0.9719434010599824,1978368,13565952,11587584,11587584,0,0.0,0,0,0,0,13565952,16384,0,3.9966117000149097,0.0,,828,828,ok,a1a32a30a7a41b612e4c754a9f8f162f0bed6e0805b063bc8a3654fd2970bac0,False
case_080,1,5,critical_cut_b0.16_s1.0,251829,292138,1.1600649647181223,1978368,11419648,9441280,9441280,0,0.0,0,0,0,0,11419648,28672,0,2.6713530000124592,0.0,,566,566,ok,547c9548cd56a83fc5794f4f3268f3dfe18c0235ca7bbbbf5c41a9e29a1c3820,False
case_080,1,5,critical_cut_b0.06_s0.35,227913,292138,1.281796123959581,1978368,10559488,8581120,8581120,0,0.0,0,0,0,0,10559488,40960,0,2.3455905000155326,0.0,,461,461,ok,3ce36c1c3ea2a5e154680c75b7813b83da091aa15535063c32cb65b5fd92553c,False
case_080,1,5,component_group3,113762,292138,2.567975246567395,1978368,3883008,1904640,1904640,0,0.0,0,0,0,0,3883008,282624,0,0.9676966999832075,0.0,,6,6,ok,83708a42b54431db7954625efce138db7429232c6c199631ea08f1e2f8eefed8,False
case_080,1,5,component_group4,89651,292138,3.2586139585726874,1978368,4136960,2158592,2158592,0,0.0,0,0,0,0,4136960,409600,0,0.7635074999998324,0.0,,5,5,ok,e6feaaa531601f76fd36f298582f687eca71e0c117aae3ff6d4ebbb416de493f,False
case_080,1,5,component_group5,95154,292138,3.0701599512369424,1978368,3653632,1675264,1650688,24576,0.0,0,0,0,0,3653632,524288,0,1.133817399997497,0.0,,4,4,ok,21b659ddc5dc6f68cf8e8c07ed519f536c5c0124a98a097c229cae838786a649,False
case_080,1,5,component_group6,101509,292138,2.8779517087154836,1978368,2764800,786432,761856,24576,0.0,0,0,0,0,2764800,524288,0,0.9987369999871589,0.0,,3,3,ok,ee47f98c80cfaf5e2b964e62a368a90c8d68ee44eda9389d6ccf2fc7990088f4,False
case_080,1,5,component_group8,136273,292138,2.1437702259435105,1978368,3407872,1429504,1142784,286720,0.0,0,0,0,0,3407872,524288,0,1.6000663000158966,0.0,,3,3,ok,8a2732f184b3f325a368720f0f8ff41fdcd5193181a55f7f054a2497b0f918bf,False
case_080,1,5,membatch_70,119170,292138,2.45143912058404,1978368,6930432,4952064,4952064,0,0.0,0,0,0,0,6930432,40960,0,0.8523648999980651,0.0,,18,18,ok,d74df3fe7d36fcda6c5b0c586850e1659d00471cf24d4ab3360f38433b70e220,False
case_080,1,5,whole_graph,292138,292138,1.0,1978368,2527232,548864,0,548864,0.0,0,0,0,0,2527232,524288,0,0.0010984000109601766,0.0,,1,1,ok,1aed3d045b71193d545ee3de3ca6eb1ee121fcfc0e9fbd0b21fa79b7c52467a0,True
case_081,1,5,component_round_robin,30943,151795,4.905632937982743,1741140,1741140,0,0,0,0.0,0,0,0,0,1741140,0,14340,4.564404299977468,0.0,,5,5,ok,f9e651df6a8229a7879066c19329096daf7d234ff4a05bd6b9f88f0a1a712f81,False
case_081,1,5,component_batches,32339,151795,4.693868084974798,1741140,1741140,0,0,0,0.0,0,0,0,0,1741140,0,14340,2.103379900014261,0.0,,15,15,ok,a1ffa2cf88a6ad4513d6f74653a9fca38c44bc0406b9a654d0ccd1d72559db9b,False
case_081,1,5,component_batches_128,34433,151795,4.408416344785525,1741140,1741140,0,0,0,0.0,0,0,0,0,1741140,0,14340,1.8640480999893043,0.0,,30,30,ok,eeda6e8bf3ff4d2399215b04aab8c58baeb6b3da583cea2e195913c9564ca720,False
case_081,1,5,component_batches_512,31641,151795,4.797414746689422,1741140,1741140,0,0,0,0.0,0,0,0,0,1741140,0,14340,2.4466937000106554,0.0,,10,10,ok,33f21d0666922bee97b9739d10f9abcc5a90c751215ac06a27961a7b0843df88,False
case_081,1,5,component_pipe_lpt,42111,151795,3.6046401177839518,1741140,1741140,0,0,0,0.0,0,0,0,0,1741140,0,14340,2.0284423000121024,0.0,,85,85,ok,4207beed2714ace59af6f434ad6a669a548c376207efe55fb991f4ceb7bbfff8,False
case_081,1,5,weighted_window_20_s1.0,247403,151795,0.6135535947421817,1741140,9753750,8012610,8012610,0,0.0,0,0,0,0,9753750,0,6144,25.15317979999236,0.0,,2550,2550,ok,15627be47ecef9fadde357c0e907b8ab10ca45bde4504bd518461b88d9dc5037,False
case_081,1,5,weighted_window_15_s0.65,247893,151795,0.6123408083326274,1741140,9754090,8012950,8012950,0,0.0,0,0,0,0,9754090,0,6144,27.930872400000226,0.0,,2635,2635,ok,8b0fbd2f51a5cecddd3a827550fe094510ace9c871987e266ae8c63823d8baa6,False
case_081,1,5,weighted_window_10_s0.35,236115,151795,0.6428858818795926,1741140,9752050,8010910,8010910,0,0.0,0,0,0,0,9752050,0,6144,20.554342400020687,0.0,,2125,2125,ok,e9a6664e278f25b8d355e69d5de4168aecf34830bf6dd1fa56dc6055b8c49e0f,False
case_081,1,5,critical_cut_b0.16_s1.0,104451,151795,1.4532651673990675,1741140,5044400,3303260,3303260,0,0.0,0,0,0,0,5044400,0,10242,9.952148399985163,0.0,,739,739,ok,7bfb43dc8a46706a34b510e10a8060a70311d55761284ca9175219bef9722949,False
case_081,1,5,critical_cut_b0.06_s0.35,136976,151795,1.1081868356500408,1741140,7125730,5384590,5384590,0,0.0,0,0,0,0,7125730,0,8192,16.13387099999818,0.0,,1330,1330,ok,c6a72f8addf64690db76795b7978ce9f3f33e0ec5d3dd5e69c19a7b731170fa2,False
case_081,1,5,win_w5,126771,151795,1.197395303342247,1741140,6268070,4526930,4526930,0,0.0,0,0,0,0,6268070,0,10244,6.995632200007094,0.0,,595,595,ok,d2ec0a8bf9bdcbcc78686076cdc6123fdf4edf04e715442438527006fd524088,False
case_081,1,5,stageU4_k5,125904,151795,1.2056408056932266,1741140,5572940,3831800,3831800,0,0.0,0,0,0,0,5572940,0,8192,10.650055599980988,0.0,,935,935,ok,0c86e9262f435390b9c53d2fc622184534f5bea99658f710222a81585a85496e,False
case_081,1,5,stageC5_k4,125106,151795,1.213331095231244,1741140,5572770,3831630,3831630,0,0.0,0,0,0,0,5572770,0,8192,9.834226399980253,0.0,,850,850,ok,2033954986fc71b3a0ed4fc6bdedb8f87e317dccb3baf0c0c70c2a2e16735d02,False
case_081,1,5,stageU12_k5,239552,151795,0.6336620024044883,1741140,9754430,8013290,8013290,0,0.0,0,0,0,0,9754430,0,8194,25.049147999990964,0.0,,2635,2635,ok,527d344087173379bff2cb75dbb484f8daaeeccfd6918e4c59b8fe16cf8a362e,False
case_081,1,5,component_group3,36008,151795,4.215590979782271,1741140,1741140,0,0,0,0.0,0,0,0,0,1741140,0,14340,1.482019199989736,0.0,,29,29,ok,34dc9ff6568d8808a94e38fe4b13282b8447a7249dd5eff869d2bb35c9a10983,False
case_081,1,5,component_group4,38597,151795,3.932818612845558,1741140,1741140,0,0,0,0.0,0,0,0,0,1741140,0,14340,1.8877390999987256,0.0,,22,22,ok,a729241b288fa9ce0c090a358ae982c6e4e93ae9d05b7d7a9fa1db3dbe3084f7,False
case_081,1,5,component_group5,37934,151795,4.001555332946697,1741140,1741140,0,0,0,0.0,0,0,0,0,1741140,0,14340,1.7249629000143614,0.0,,17,17,ok,7e5387f92b6e90df6e40bc9a209b5cdc3910e9d145a3c2129883934ea457c9de,False
case_081,1,5,component_group6,34089,151795,4.452902695884303,1741140,1741140,0,0,0,0.0,0,0,0,0,1741140,0,14340,2.0467574000067543,0.0,,15,15,ok,9be2e83c027b1587a16881a1a0b71d6d8e22d2257d078835828e4510f252dee0,False
case_081,1,5,component_group8,38951,151795,3.8970758132012016,1741140,1741140,0,0,0,0.0,0,0,0,0,1741140,0,14340,3.06821409999975,0.0,,11,11,ok,0d287ebed7ce04b1313ba819d42a6f7a6419544d853f6a71ba826b45c4912a45,False
case_081,1,5,membatch_70,42111,151795,3.6046401177839518,1741140,1741140,0,0,0,0.0,0,0,0,0,1741140,0,14340,3.09605749999173,0.0,,85,85,ok,d7ca4452f4c2cc712e24cf451b173a2896de9a7972bd274484555ccde625fdf1,False
case_081,1,5,whole_graph,151795,151795,1.0,1741140,1741140,0,0,0,0.0,0,0,0,0,1741140,0,14340,0.003194499993696809,0.0,,1,1,ok,3f637186d0cf86811d98f89e4c97f0fd16a6c2d414132ccaf74bf14fc63d9e2c,True
case_082,1,5,component_round_robin,721041,721041,1.0,592006,592006,0,0,0,0.0,0,0,0,0,592006,144896,76614,0.00014599997666664422,0.0,,1,1,ok,fc4cabc3445636d965dcd8aaf94bd5fcb0eb9c9fd0e623b860874cb3504f5d00,True
case_082,1,5,chain_heft,427012,721041,1.688573154852791,592006,11993002,11400996,11400996,0,0.0,0,0,0,0,11993002,24576,16384,31.42469510002411,0.0,,3043,3043,ok,8c3b6021841eb0fe36b05a0ee21d4885478dc8db5764168ce899336d2c442997,False
case_082,1,5,window8_heft,328309,721041,2.1962267254324432,592006,4995206,4403200,4292608,110592,0.0,0,0,0,0,4995206,41984,130320,3.205299699999159,0.0,,174,174,ok,88868445c43a74e89a5d49dd72e3533bbb41f0a51abb2b38dfac62ed9e5235ed,False
case_082,1,5,window10_heft,355043,721041,2.030855417512808,592006,4336330,3744324,3521092,223232,0.0,0,0,0,0,4336330,41984,131058,3.934799699985888,0.0,,123,123,ok,abc87f4e1d9c31ec2bf6d7bd956aa73561b474eec3f2cc9bd3acecc2b054d5c2,False
case_082,1,5,window16_heft,396133,721041,1.820199276505618,592006,3634176,3042170,2707322,334848,0.0,0,0,0,0,3634176,41984,131042,3.0513336999865714,0.0,,59,59,ok,a774c578a41663d74aa071447a4fc087a3473e89a1e34b0f4d4e9aaa118de08a,False
case_082,1,5,pipe_lane_pack,436558,721041,1.6516499525836201,592006,11993002,11400996,11400996,0,0.0,0,0,0,0,11993002,24576,16384,34.57149020000361,0.0,,3043,3043,ok,3d920d7aef6b021639051028a230fc1081d22e4ea40ae304fcdeaec7cdbee12a,False
case_082,1,5,window2_heft,328806,721041,2.1929070637397126,592006,9693996,9101990,9101990,0,0.0,0,0,0,0,9693996,24576,16384,17.37107439999818,0.0,,1803,1803,ok,1ace17b7a15d07a79175262f5c530257af7bb0756d5f5285e66903e1fbf1a5a4,False
case_082,1,5,window12_heft,403322,721041,1.787755193121129,592006,4208512,3616506,3395322,221184,0.0,0,0,0,0,4208512,41984,131058,3.51934650001931,0.0,,101,101,ok,cacbd68a0e3c0d96eeed909f327b86fce3a963824c0a1e3bfe7306ba8de3d531,False
case_082,1,5,window4_heft,358314,721041,2.0123160133290914,592006,6380084,5788078,5788078,0,0.0,0,0,0,0,6380084,25088,30722,7.855994599987753,0.0,,552,552,ok,a919887a0d84eb67c9d62d876394aec26c6819ff5cf8709692943d3502346d08,False
case_082,1,5,hybrid20_10,396026,721041,1.8206910657381081,592006,3588478,2996472,2661624,334848,0.0,0,0,0,0,3588478,41984,131058,3.147358099988196,0.0,,66,66,ok,02c43641a9d091b5d2f05897d16f0c2d8bb1087c29b59d2adfc6f4f91d580bd7,False
case_082,1,5,hybrid32_16,403917,721041,1.7851216957939378,592006,3581280,2989274,2654426,334848,0.0,0,0,0,0,3581280,41984,131042,3.906483600003412,0.0,,52,52,ok,b4396fc453798a067f2b88540fa7b5138678a39e661dbf908d0d1c3a3f3836f7,False
case_082,1,5,window10_lowcomm,355739,721041,2.026882068033024,592006,4336330,3744324,3521092,223232,0.0,0,0,0,0,4336330,41984,131058,5.636553399992408,0.0,,123,123,ok,78a27811f7a7402665c848d50ab17cdccfac5c5191981a8c0199570798ddecd1,False
case_082,1,5,weighted_window_20_s1.0,374209,721041,1.9268403485752614,592006,4120246,3528240,3425840,102400,0.0,0,0,0,0,4120246,58880,131072,6.645271900022635,0.0,,118,118,ok,c726fd44abc40efa5af6c3ffbf48dbbc17e2dca94c5a2a1705d78c6c5875f15d,False
case_082,1,5,weighted_window_15_s0.65,404497,721041,1.7825620461956455,592006,3971400,3379394,3133634,245760,0.0,0,0,0,0,3971400,59392,131072,5.923442500003148,0.0,,100,100,ok,e1a23c883eeb8851b9c9f24ee5ea95a2ba0ad1b7bd7fc1eb22de5dabb936c562,False
case_082,1,5,weighted_window_10_s0.35,509934,721041,1.413988869147772,592006,2569538,1977532,1879228,98304,0.0,0,0,0,0,2569538,77824,131072,6.2106117000221275,0.0,,66,66,ok,482edf6b259dbb3242714526663a0ed17962e3c7cb8b4a9101edcd51f141a452,False
case_082,1,5,critical_cut_b0.16_s1.0,661566,721041,1.0899003274049754,592006,1048342,456336,456336,0,0.0,0,0,0,0,1048342,77824,66212,5.8226671000011265,0.0,,22,22,ok,59e9dae30561719d7bc135c43a3c33444052f54b856c7a8c632ae2e58d490e02,False
case_082,1,5,critical_cut_b0.06_s0.35,562230,721041,1.2824662504668907,592006,1953010,1361004,1258604,102400,0.0,0,0,0,0,1953010,77824,130690,5.929312599997502,0.0,,30,30,ok,9d73f5d53aa654dc0f7871bd02e4c6e13a8c51021181fd5ac875806061c1f812,False
case_082,1,5,win_w5,301774,721041,2.3893410300423494,592006,5797654,5205648,5096080,109568,0.0,0,0,0,0,5797654,29184,130832,8.462272500008112,0.0,,357,357,ok,1e0cffc39b15ef854ea13754849b02c2fb4508bdfe371111bfc200163fca8eed,False
case_082,1,5,win_w7,327725,721041,2.200140361583645,592006,4963388,4371382,4151222,220160,0.0,0,0,0,0,4963388,41984,131058,7.312831499992171,0.0,,202,202,ok,45ef62804a042dd143ae022af25edf8314a5add92f8930073f65dd294625a537,False
case_082,1,5,win_w14,328122,721041,2.1974783769451607,592006,4055506,3463500,3241292,222208,0.0,0,0,0,0,4055506,41984,131058,5.3856030000024475,0.0,,86,86,ok,39455682631b3e3889387116bdfc03606e002400b268161383d47e9550771505,False
case_082,1,5,win_w23,415884,721041,1.7337550855527022,592006,2971840,2379834,2379834,0,0.0,0,0,0,0,2971840,26880,40514,5.781380000000354,0.0,,38,38,ok,c98fc4907a486f9fe98b0f933f27343f44d16f45346424289fa542df326b6dc3,False
case_082,1,5,stageU4_k5,620686,721041,1.161684007694712,592006,1935024,1343018,1343018,0,0.0,0,0,0,0,1935024,95360,71940,6.032278400001815,0.0,,24,24,ok,b7bc27ddd95f09b6db1ddb2735c5727f24f028fc73d5b2a6d5a8a3405acc02f6,False
case_082,1,5,stageC5_k4,666036,721041,1.082585626002198,592006,1151410,559404,559404,0,0.0,0,0,0,0,1151410,110592,42116,7.0896646000037435,0.0,,29,29,ok,50515729bcde9377d0b2ae6be36af1b9fc45c692bab0e42fb54398ce478416c5,False
case_082,1,5,stageU12_k5,402902,721041,1.789618815493594,592006,4393614,3801608,3801608,0,0.0,0,0,0,0,4393614,28928,53442,6.176746799988905,0.0,,122,122,ok,cf93df05847be3b011b449e7b05bf8ffc9cf6009b3dfc1b95722c31331dc9db2,False
case_083,1,5,component_round_robin,442480,1057993,2.3910527029470257,1438304,16496352,15058048,3721600,11336448,0.0,0,0,0,0,16496352,524288,0,3.597033400001237,0.0,,5,5,ok,b080df8d672274bee13dfb5f0cde8ca0fa942666cb56937799d24527537c1ec3,False
case_083,1,5,component_batches,470692,1057993,2.247739498440594,1438304,21854624,20416320,13956000,6460320,0.0,0,0,0,0,21854624,524288,0,3.5406966999871656,0.0,,16,16,ok,e06c376d27196cabe9a8adc796bcf0c98b8b05cffe94b63c70fcd42e579e0fe5,False
case_083,1,5,component_batches_128,542671,1057993,1.949602982285768,1438304,29350304,27912000,27912000,0,0.0,0,0,0,0,29350304,90624,0,3.3358988000254612,0.0,,31,31,ok,d1668341a04aed1e7ef70419fc54f3849999ce9fc03b8c256961e91935e9d562,False
case_083,1,5,component_batches_512,458086,1057993,2.309594704924403,1438304,18877632,17439328,8373600,9065728,0.0,0,0,0,0,18877632,524288,0,6.030416599998716,0.0,,10,10,ok,6807b8f2212112d8d0b775bfdc2a638994f69bfd8a63edaa967149a1c462713f,False
case_083,1,5,component_pipe_lpt,542671,1057993,1.949602982285768,1438304,29350304,27912000,27912000,0,0.0,0,0,0,0,29350304,90624,0,4.062070499989204,0.0,,31,31,ok,e9f9f1037162b0070662df0beb45fe980cd41ec7f7fa130ff031d913e760b017,False
case_083,1,5,share_pack_3,512623,1057993,2.0638812538649263,1438304,16281056,14842752,1860800,12981952,0.0,0,0,0,0,16281056,524288,0,8.96362439999939,0.0,,3,3,ok,1b874b25ed57611bb0188eb874c03616c0ce7c35796f446baac44a1b12f62e53,False
case_083,1,5,share_pack_4,450029,1057993,2.350944050272316,1438304,16415904,14977600,2791200,12186400,0.0,0,0,0,0,16415904,524288,0,6.240654799999902,0.0,,4,4,ok,042f4c1ee0ed982937b31a1f206bf896a46e1e6893ffd6a2bb4f39cec43bb2c1,False
case_083,1,5,share_pack_9,428672,1057993,2.468071159301284,1438304,18388448,16950144,7443200,9506944,0.0,0,0,0,0,18388448,524288,0,4.785674000013387,0.0,,9,9,ok,189b1cd7f6363fa635bf2104f91c5384e06e005ccc38bd8280a57d5074e05477,False
case_083,1,5,share_pack_10,412888,1057993,2.562421286159927,1438304,18891584,17453280,8373600,9079680,0.0,0,0,0,0,18891584,524288,0,6.017361999984132,0.0,,10,10,ok,06c7f16ec889096006a7b41d71040ccbef10befa1fa9222b4461250d41368bdb,False
case_083,1,5,weighted_window_20_s1.0,663196,1057993,1.595294603706898,1438304,37381536,35943232,35943232,0,0.0,0,0,0,0,37381536,75776,0,11.880415499996161,0.0,,651,651,ok,e00a92a315ef6f10f35e7424fad9cf006a2da98c6a1653e2c68702a4d2013815,False
case_083,1,5,weighted_window_15_s0.65,631746,1057993,1.6747126218448554,1438304,35413408,33975104,33975104,0,0.0,0,0,0,0,35413408,76288,0,10.00395290000597,0.0,,496,496,ok,07a687750081a0075e94195fd8e11a28ee4c5cf78bf3dc2cafe1bbf4fccffa4b,False
case_083,1,5,weighted_window_10_s0.35,621526,1057993,1.7022505896776643,1438304,34080160,32641856,32641856,0,0.0,0,0,0,0,34080160,76288,0,7.859035900008166,0.0,,341,341,ok,4755d66fc58af33040ae03e276e2437e27a47b8dec19a090fe73ccf21d7d1e00,False
case_083,1,5,critical_cut_b0.16_s1.0,591373,1057993,1.7890451542427537,1438304,31191456,29753152,29753152,0,0.0,0,0,0,0,31191456,76288,0,4.1943194000050426,0.0,,155,155,ok,83266d7018b617b5f4a5da3ad4b4a00dec71188edc94c6663ac9ed4b1b77942b,False
case_083,1,5,critical_cut_b0.06_s0.35,587988,1057993,1.7993445444464853,1438304,30778784,29340480,29340480,0,0.0,0,0,0,0,30778784,75264,0,3.965161600004649,0.0,,155,155,ok,179d67158b3a9833e885272f7807325843291637b0bb1972c8f903ea4dcc4812,False
case_083,1,5,win_w5,681246,1057993,1.553026366393344,1438304,38397344,36959040,36959040,0,0.0,0,0,0,0,38397344,75264,0,12.410688100004336,0.0,,775,775,ok,acb8702f98e59a6729b3bcc33341f79aa7d93048999678c45754db2174582bf5,False
case_083,1,5,win_w7,631702,1057993,1.6748292707637462,1438304,34556320,33118016,33118016,0,0.0,0,0,0,0,34556320,75264,0,9.100492799974745,0.0,,558,558,ok,3f635cbc3d89073a0c5b9fd81a91aebc7c9f2c4e5ac4e9095d5b3ed10653e3de,False
case_083,1,5,win_w14,603274,1057993,1.7537520264423794,1438304,31794592,30356288,30356288,0,0.0,0,0,0,0,31794592,76288,0,4.9528309000015724,0.0,,279,279,ok,6bd4ed40a48f4231701c1c15702d0a1203aadeeb389d864c36a1cd8a3ab062e9,False
case_083,1,5,win_w23,607560,1057993,1.7413802751991574,1438304,32270752,30832448,30832448,0,0.0,0,0,0,0,32270752,76288,0,4.498397599993041,0.0,,186,186,ok,ef3c65e20404f8e80ccbe5fc7c3b1cc8bccc396f34ca9e0d02b5a8ef4285118f,False
case_083,1,5,stageU4_k5,587447,1057993,1.8010016222740095,1438304,30874016,29435712,29435712,0,0.0,0,0,0,0,30874016,78336,0,3.2993626999959815,0.0,,124,124,ok,f2c009be92f7f4d9edfd94b03f9783caa3054e973c0edd43c4df46c233ef6080,False
case_083,1,5,stageC5_k4,608411,1057993,1.7389445621463122,1438304,30778784,29340480,29340480,0,0.0,0,0,0,0,30778784,75264,0,3.2241775000002235,0.0,,155,155,ok,47c3a7fa04a1924ad0120b0becc259b31151dc13be541e96892c52f4c4833c5e,False
case_083,1,5,stageU12_k5,618699,1057993,1.7100286245815817,1438304,34270624,32832320,32832320,0,0.0,0,0,0,0,34270624,75264,0,4.026616899995133,0.0,,372,372,ok,fb5b669ea7a4441b1c88aeaa4ba6f892c25dd3b0aaadc47a55023f8e1a96ba58,False
case_083,1,5,component_group3,451871,1057993,2.3413606980753356,1438304,19391264,17952960,9304000,8648960,0.0,0,0,0,0,19391264,524288,0,2.9175801999808755,0.0,,11,11,ok,c5c0357e7d51cff6cb05d342ee67a5c81005dd6cf3289d9a26c9a3fd15b63fff,False
case_083,1,5,component_group4,470443,1057993,2.248929200774589,1438304,17885312,16447008,6512800,9934208,0.0,0,0,0,0,17885312,524288,0,2.396762599993963,0.0,,8,8,ok,167c6976128b003774cd574c6f5e46a68d0cd41999345b09d516de340b5a201d,False
case_083,1,5,component_group5,523275,1057993,2.021868042616215,1438304,17448608,16010304,5582400,10427904,0.0,0,0,0,0,17448608,524288,0,2.9151109000085853,0.0,,7,7,ok,c5ba0f1cddca09353631d6055cdb7771d498f7ce9d83b2b8ce5fae5b5a2fd315,False
case_083,1,5,component_group6,439616,1057993,2.4066298769835495,1438304,16938944,15500640,4652000,10848640,0.0,0,0,0,0,16938944,524288,0,2.9140681000135373,0.0,,6,6,ok,0f0e09b097536e5ef19520a9cdcc526245935b5c2320138b3c4b6b87ed5b2db1,False
case_083,1,5,component_group8,450029,1057993,2.350944050272316,1438304,16415904,14977600,2791200,12186400,0.0,0,0,0,0,16415904,524288,0,4.019582100008847,0.0,,4,4,ok,f47783bd229d1a2167b0cd8db12dd85d5f750746344d545ab5b71b2581120065,False
case_083,1,5,whole_graph,1057993,1057993,1.0,1438304,15372992,13934688,0,13934688,0.0,0,0,0,0,15372992,524288,0,0.0018979000160470605,0.0,,1,1,ok,db144ccdf5de8d241f875fb10cda02467e73c7c67ee0811485bd5ee43ea0ccac,True
case_084,1,5,component_round_robin,503472,2507412,4.98024120507198,13236330,13236330,0,0,0,0.0,0,0,0,0,13236330,13824,9312,29.707672999997158,0.0,,5,5,ok,bc03fa5db3f49e882f794b5de0749eb9150efbab3f825f7ab958bc291e3446b6,False
case_084,1,5,component_batches,508752,2507412,4.928554580620813,13236330,13236330,0,0,0,0.0,0,0,0,0,13236330,13824,9312,9.295440499990946,0.0,,35,35,ok,cbe94c77be8dae041a5837f3db50d463be1b3efea8d15ca8443a1e19c2a86dd7,False
case_084,1,5,component_batches_128,514912,2507412,4.869593250885588,13236330,13236330,0,0,0,0.0,0,0,0,0,13236330,13824,9312,8.237121300015133,0.0,,70,70,ok,18e6f35622234c85434a6606b238c093dc3bd571a28dd662f3913f632c0bbdc7,False
case_084,1,5,component_batches_512,506112,2507412,4.95426308801214,13236330,13236330,0,0,0,0.0,0,0,0,0,13236330,13824,9312,10.588864100020146,0.0,,20,20,ok,c4c8400f2acbc868d0789bcc7cf2acc4430928765011429efec5ff84a25fa137,False
case_084,1,5,component_pipe_lpt,692360,2507412,3.621543705586689,13236330,13236330,0,0,0,0.0,0,0,0,0,13236330,10752,9312,36.61662819999037,0.0,,1077,1077,ok,0c621d08c8cdaf2aed9fe9030ed9c94e2a2a306d9ac029013b34ac8e77b24346,False
case_084,1,5,weighted_window_20_s1.0,1859458,2507412,1.3484639072245783,13236330,73203690,59967360,59967360,0,0.0,0,0,0,0,73203690,10752,9312,268.6676448000071,0.0,,8616,8616,ok,2bcd47d819156e183a3a4492dfdc99b917e31abefb6d3e89a290f529dae27bc8,False
case_084,1,5,weighted_window_15_s0.65,1764072,2507412,1.421377358747262,13236330,68034090,54797760,54797760,0,0.0,0,0,0,0,68034090,10752,9312,228.15822470001876,0.0,,7539,7539,ok,26d2e6c9d9f400f706e6f3749730d03462c5dc23bc560c7590fa96fef984f521,False
case_084,1,5,critical_cut_b0.16_s1.0,1093748,2507412,2.2924951634197273,13236330,32110698,18874368,18874368,0,0.0,0,0,0,0,32110698,10752,9312,93.66984339998453,0.0,,3125,3125,ok,51048c54c91d6f9a822ac83816daa83ad0d3b0be282754bb8fb1bb2497892c29,False
case_084,1,5,critical_cut_b0.06_s0.35,1306875,2507412,1.918631850789096,13236330,44231850,30995520,30995520,0,0.0,0,0,0,0,44231850,10752,9312,131.41662639999413,0.0,,4425,4425,ok,6d262e4ea762761ce8d69ceafffce0f34f5c08f098128ba31e9413ea85e9abd1,False
case_084,1,5,whole_graph,2507412,2507412,1.0,13236330,13236330,0,0,0,0.0,0,0,0,0,13236330,13824,9312,0.0942769999965094,0.0,,1,1,ok,e98a167d10cdb6b7db7aea64455c7078e5653a9067f47ed19005a90a43dfccbc,True
case_085,1,5,component_round_robin,3187899,3187899,1.0,1689734,1689734,0,0,0,0.0,0,0,0,0,1689734,169472,101318,0.000682399986544624,0.0,,1,1,ok,2814c06affbd66a194807173326d20ca7d93ca1db73f5ac459e206508da3d05b,True
case_085,1,5,chain_heft,1829757,3187899,1.7422526597794132,1689734,55544874,53855140,53855140,0,0.0,0,0,0,0,55544874,24576,16384,797.1004960999999,0.0,,14679,14679,ok,5f2ae6395dea2901a20d1f0ffe683a6ec0214baea2eb82b072876b4fd5142bf3,False
case_085,1,5,window10_heft,854183,3187899,3.7321030739314645,1689734,22336226,20646492,20646492,0,0.0,0,0,0,0,22336226,24576,36992,46.998669199994765,0.0,,772,772,ok,d740fa8d5240c9d1559ab51b583ab5b9d6ec53b373ae37590dfd5df10d16c18a,False
case_085,1,5,window16_heft,1698406,3187899,1.8769946644088633,1689734,18750696,17060962,14438498,2622464,0.0,0,0,0,0,18750696,54272,131042,30.566948300023796,0.0,,301,301,ok,e71adc81edc2f517ddbf184e00e0258b727ba26bd364ece7afc88f7f84cbfa00,False
case_085,1,5,window2_heft,1377453,3187899,2.314343211710309,1689734,45485676,43795942,43795942,0,0.0,0,0,0,0,45485676,24576,16384,434.7788860000146,0.0,,7587,7587,ok,16b2e3f60de46ecc57e87eb08649a53dc28b0523d49566f3f3b5475ae63b147b,False
case_085,1,5,window12_heft,1563806,3187899,2.0385514571500556,1689734,20574724,18884990,17063294,1821696,0.0,0,0,0,0,20574724,54272,131042,20.139939899992896,0.0,,471,471,ok,8a6199b59797ba1c42e035a591424a03c1b398208299e834fcd1cff52cdcc02a,False
case_085,1,5,window4_heft,1462799,3187899,2.1793144512677407,1689734,29536002,27846268,27846268,0,0.0,0,0,0,0,29536002,29184,38914,96.4489545999968,0.0,,2426,2426,ok,9d0fab56fe83f4b859ec6af1e594df38fdc929e8b1f14566a94fee2de4e988b4,False
case_085,1,5,hybrid20_10,1314803,3187899,2.42462102687627,1689734,16877864,15188130,13370530,1817600,0.0,0,0,0,0,16877864,54272,131026,17.960025799984578,0.0,,253,253,ok,8a149aa5d3c47206396ea5d60b86828e693671cf6e7f196acccb139bf946d604,False
case_085,1,5,hybrid32_16,2316527,3187899,1.376154476075608,1689734,11609182,9919448,8189912,1729536,0.0,0,0,0,0,11609182,94208,131026,19.206808599992655,0.0,,121,121,ok,2fb93495c3bf567478d7aab996c2817073ece271cd82bb1bf2bc1816c89fc657,False
case_085,1,5,window10_lowcomm,869570,3187899,3.6660636866497236,1689734,22336226,20646492,20646492,0,0.0,0,0,0,0,22336226,24576,36992,23.53264630000922,0.0,,772,772,ok,db31ed0988222b7b17176bfab3f91efe674761c77a804f99e1011ca02582ea75,False
case_085,1,5,window4_peft,1455542,3187899,2.1901800154169373,1689734,29536002,27846268,27846268,0,0.0,0,0,0,0,29536002,29184,38914,52.82855800000834,0.0,,2426,2426,ok,e30baff6890020be1153f8d44a2f2b77e2db2b2b5980becb82715375a6cbb46f,False
case_085,1,5,window10_peft,834212,3187899,3.82144946368549,1689734,22336226,20646492,20646492,0,0.0,0,0,0,0,22336226,24576,36992,18.937907999992603,0.0,,772,772,ok,a3259a457f00a20bfb17a1a6b36bcd5ad603d39276dae437778035527f43a420,False
case_086,1,5,component_round_robin,118403,118403,1.0,338022,338022,0,0,0,0.0,0,0,0,0,338022,89088,49398,0.00022089999401941895,0.0,,1,1,ok,09b9020a90f395bd6c57a70fac622f20836fc1e334536ca42e5bc3502ac0111e,True
case_086,1,5,chain_heft,234445,118403,0.5050352961248907,338022,8635216,8297194,8297194,0,0.0,0,0,0,0,8635216,13824,9216,57.25190410000505,0.0,,3914,3914,ok,17781633d348ec6cb3be163e669ca41014ee0fc966b05659a8bb29330b65fdb6,False
case_086,1,5,window8_heft,87672,118403,1.3505224016789854,338022,3442966,3104944,3084976,19968,0.0,0,0,0,0,3442966,19968,130912,6.760156700009247,0.0,,196,196,ok,9b0bba4a9bb5ff68968cfb1c08ebe4593f093b2d550620a2b4258959105f9750,False
case_086,1,5,window10_heft,83638,118403,1.4156603457758434,338022,2948406,2610384,2556624,53760,0.0,0,0,0,0,2948406,19968,130016,5.751996000006329,0.0,,138,138,ok,7983c27bc6280fab0b4d67cb495d51117d0cda2a1f564f8fb7dba31e3a981a7b,False
case_086,1,5,window16_heft,77542,118403,1.526953135075185,338022,2370150,2032128,1963008,69120,0.0,0,0,0,0,2370150,19968,130912,4.403707599994959,0.0,,65,65,ok,1e37883c03d1c3b771b1ef4670bc7971e6f81440eeaf21fc92c8efb7ed58f177,False
case_086,1,5,pipe_lane_pack,281574,118403,0.42050402380901647,338022,8635216,8297194,8297194,0,0.0,0,0,0,0,8635216,13824,9216,55.7608942000079,0.0,,3914,3914,ok,2124c9f374eca27733a531ed111cb297340de3401dbf0273fa6102faa3ba71f0,False
case_086,1,5,window2_heft,166176,118403,0.7125156460620066,338022,6883500,6545478,6545478,0,0.0,0,0,0,0,6883500,13824,9216,32.609276000002865,0.0,,2202,2202,ok,15e5c51a1a608f5311be8f75c1af7e6617f74b44b2e016c852e2c99034f0c046,False
case_086,1,5,window12_heft,89657,118403,1.3206219257838205,338022,2844390,2506368,2457216,49152,0.0,0,0,0,0,2844390,19968,130912,4.970159999997122,0.0,,113,113,ok,a05f9506d2095e6693246cb497bddb778f184a1052e7325788d05d902db40529,False
case_086,1,5,window4_heft,111494,118403,1.0619674601323839,338022,4510192,4172170,4172170,0,0.0,0,0,0,0,4510192,14976,19202,11.496680400014156,0.0,,628,628,ok,f64c1f2f7f76d48f68714257d5a09a4d5c387e944e9f20168f9beb473af57939,False
case_086,1,5,hybrid20_10,78362,118403,1.5109747071284552,338022,2351844,2013822,1935486,78336,0.0,0,0,0,0,2351844,19968,130016,5.287131099990802,0.0,,73,73,ok,b997fb69dd7f3e0aee3fba279e4b63c53c754f9c86dc5820bcc441b15d42fa22,False
case_086,1,5,hybrid32_16,76964,118403,1.5384205602619407,338022,2334886,1996864,1927744,69120,0.0,0,0,0,0,2334886,19968,130912,4.698259299999336,0.0,,57,57,ok,062a6d99f1cd723ea73d69ddb83cbfde4084407422c8f3dc3d63edcf72014381,False
case_086,1,5,window10_lowcomm,82719,118403,1.4313881937644315,338022,2948406,2610384,2556624,53760,0.0,0,0,0,0,2948406,19968,130016,5.585894899995765,0.0,,138,138,ok,b612896a72b947e0737a9be1e98d99355a951b104ce48d6c64062dcf6d7b27d5,False
case_086,1,5,weighted_window_20_s1.0,82525,118403,1.4347531051196607,338022,2533996,2195974,2195974,0,0.0,0,0,0,0,2533996,30720,108864,5.606181800016202,0.0,,140,140,ok,6a60890d213afa61d5a0a3c63df730c54c0eb60ebcaf984799e8bb3573e8b048,False
case_086,1,5,weighted_window_15_s0.65,81007,118403,1.4616391176071204,338022,2646002,2307980,2307980,0,0.0,0,0,0,0,2646002,34560,60162,5.250451300002169,0.0,,109,109,ok,bb43a2df45d8ffa7d59a016b9cfc580a91304dc44b87bb461764f380e1c108c2,False
case_086,1,5,weighted_window_10_s0.35,95195,118403,1.24379431692841,338022,1731320,1393298,1393298,0,0.0,0,0,0,0,1731320,48768,102672,5.0440218999865465,0.0,,77,77,ok,b17423204be73a9eade5bde2bc8a00b66e84af77386de8391af28f153e6d7846,False
case_086,1,5,critical_cut_b0.16_s1.0,112141,118403,1.0558404151915892,338022,645730,307708,307708,0,0.0,0,0,0,0,645730,56256,43620,7.175516300019808,0.0,,24,24,ok,b54423a81b1e1fcd074c2f78f0b852e3c6b9809b338439c55f9772c386fd7925,False
case_086,1,5,critical_cut_b0.06_s0.35,97683,118403,1.2121146975420494,338022,1205878,867856,843280,24576,0.0,0,0,0,0,1205878,52800,130416,5.38632979997783,0.0,,31,31,ok,ed59c007d8532d8fe7a34883c41b33573a91d3f72a03018092bf05faa3780a62,False
case_086,1,5,win_w5,98611,118403,1.2007078317834725,338022,4040946,3702924,3682956,19968,0.0,0,0,0,0,4040946,19968,130848,8.14049740001792,0.0,,405,405,ok,81bb26165d1825ca399d0d046716f01d5328380c932262f7343e32b6f37eb905,False
case_086,1,5,win_w7,87690,118403,1.3502451818907515,338022,3367408,3029386,2980234,49152,0.0,0,0,0,0,3367408,19968,130848,6.738323499972466,0.0,,228,228,ok,11408f8958c52b5d4e181303a2ca99b4b8dfb4e347a4f7a485e0f0b3dba9a507,False
case_086,1,5,win_w14,75830,118403,1.5614268759066332,338022,2727712,2389690,2335930,53760,0.0,0,0,0,0,2727712,19968,129952,4.453121700003976,0.0,,96,96,ok,cd6cff2f3856f99d00bb7b493bd4f1354a37e178abc3eb5b25b14c43052824c5,False
case_086,1,5,win_w23,71821,118403,1.648584675791203,338022,2080486,1742464,1742464,0,0.0,0,0,0,0,2080486,15264,26546,4.895776399993338,0.0,,41,41,ok,48821372b0e5b0028919b83d760f16f65034caea52410ef2df9a003ca215584e,False
case_086,1,5,stageU4_k5,102650,118403,1.1534632245494398,338022,1322452,984430,984430,0,0.0,0,0,0,0,1322452,56160,46324,5.093069900001865,0.0,,25,25,ok,cf75e9f277c00d3b4a632047071d801b8b256dc619ca3464144d2915dedf98f9,False
case_086,1,5,stageC5_k4,108501,118403,1.0912618316881872,338022,789268,451246,451246,0,0.0,0,0,0,0,789268,67200,26642,5.469905600009952,0.0,,31,31,ok,41879f99a74e30868513903fdc49548662610458fd820db8c8dfdcdcbb99e6ed,False
case_086,1,5,stageU12_k5,97628,118403,1.2127975580776007,338022,3473856,3135834,3135834,0,0.0,0,0,0,0,3473856,15936,35456,5.520231200003764,0.0,,249,249,ok,3340f404c82c1c1a40528f4a43c0fd2b48c55327bda4f5ad02e6ac765c6e6b23,False
case_087,1,5,component_round_robin,1834936,3974071,2.16578180383403,5919098,18591098,12672000,8017920,4654080,0.0,0,0,0,0,18591098,520704,59414,863.2267338999955,0.0,,5,5,ok,7eb75e32d76f22c8bde60ce267c7722d2f8048f7b91a009273cceb111ddb17d5,False
case_087,1,5,component_pipe_balance,885851,3974071,4.486161894043129,5919098,19466618,13547520,6981120,6566400,0.0,0,0,0,0,19466618,520704,59414,739.2362092999974,0.0,,5,5,ok,ef0e1042e831d1a91c05e45b0f1107d5a6f845d68ab959b20cdc7d5ee5b01e99,False
case_087,1,5,component_batches,886810,3974071,4.4813105400254845,5919098,22093178,16174080,16174080,0,0.0,0,0,0,0,22093178,368640,59414,236.9118086999806,0.0,,31,31,ok,7c47b517a6543cd6b9d6ce95b2c81357f15afd7f5fbb6d59ef3517f711fe08c2,False
case_087,1,5,component_pipe_lpt,891476,3974071,4.457855287186644,5919098,31286138,25367040,25367040,0,0.0,0,0,0,0,31286138,271744,59414,168.23237809998682,0.0,,196,196,ok,4768f78b4732843249d31bbb64927be809e675a9a41336c4e772cf4c88674f59,False
case_087,1,5,component_comm,1244835,3974071,3.1924479951158187,5919098,31286138,25367040,25367040,0,0.0,0,0,0,0,31286138,271744,59414,103.43592470002477,0.0,,196,196,ok,64c5304d036ca4ee5f13b367cea1fd79dd146b2c29d1cfbcd9b80088b770dc26,False
case_087,1,5,component_group3,827400,3974071,4.803083152042543,5919098,23129978,17210880,17210880,0,0.0,0,0,0,0,23129978,271744,59414,171.71193170000333,0.0,,66,66,ok,e3c9d62b7bce47ceeec4cba400a4fbaf4fd5544c96bbc77e7629cba40fb4dece,False
case_087,1,5,component_group4,825065,3974071,4.816676261870277,5919098,22162298,16243200,16243200,0,0.0,0,0,0,0,22162298,271744,59414,156.62281510001048,0.0,,49,49,ok,747ddc671e67a19da53a6388d7c7a835bb98631f008fdc922b620ccc6287f022,False
case_087,1,5,component_group5,823459,3974071,4.826070271865388,5919098,21332858,15413760,15413760,0,0.0,0,0,0,0,21332858,271744,59414,138.33675309998216,0.0,,40,40,ok,ec1533a52a8be4ec27ac124da5e29ac85a8826804fc0d960100420b0ba99f1a6,False
case_087,1,5,component_group6,820877,3974071,4.8412502725743325,5919098,21056378,15137280,15137280,0,0.0,0,0,0,0,21056378,271744,59414,143.20951520002563,0.0,,33,33,ok,40d9e7c4583602265976716d6162be85856a2e85352ee96c733f2336893a68d4,False
case_087,1,5,component_group8,858308,3974071,4.630122287104396,5919098,20365178,14446080,14446080,0,0.0,0,0,0,0,20365178,271744,59414,130.1867515000049,0.0,,25,25,ok,1a0898151f9df21ccd686ad2cfdd0b777626d1473927b9d84a81b18281ca8ed0,False
case_087,1,5,pipevec_merge,822653,3974071,4.83079864778953,5919098,31286138,25367040,25367040,0,0.0,0,0,0,0,31286138,271744,59414,120.35416229997645,0.0,,196,196,ok,89041231d5eb12000f39d852b57ebad0e4d121e4325821159b55ddcc44775526,False
case_087,1,5,whole_graph,3974071,3974071,1.0,5919098,13821818,7902720,0,7902720,0.0,0,0,0,0,13821818,520704,59414,0.011449500016169623,0.0,,1,1,ok,a326b0dcf446e202dae9164111c35cd35cc0c56952a6400d4e920ff7170d5e9a,True
case_088,1,5,component_round_robin,208804,243623,1.166754468305205,1829798,2050982,221184,221184,0,0.0,0,0,0,0,2050982,162048,36864,6.506770699983463,0.0,,5,5,ok,25e17fa3ada246abdef06ac5a93dcd4ed6c5d3260eead93b5e343b7fc807f81a,False
case_088,1,5,component_lpt,202809,243623,1.2012435345571448,1829798,2050982,221184,221184,0,0.0,0,0,0,0,2050982,162048,36864,7.09331349999411,0.0,,5,5,ok,3ea010caa19305af04a4a27223aba7a385b34788950d3c3fc191c74e4b1600a4,False
case_088,1,5,component_pipe_balance,202791,243623,1.2013501585376076,1829798,2050982,221184,221184,0,0.0,0,0,0,0,2050982,162048,36864,6.419137500022771,0.0,,5,5,ok,6832bc270194641766134151a1c9f0d6337e7508110815897d4d8d2e56f5e8f9,False
case_088,1,5,chain_heft,215619,243623,1.1298772371637007,1829798,8870128,7040330,7040330,0,0.0,0,0,0,0,8870128,43008,12288,17.0270324999874,0.0,,2283,2283,ok,3944dc87b76c342124dc366d1d5a519a89784545635c4704d1b50db8fa05aa93,False
case_088,1,5,window8_heft,141166,243623,1.7257909128260347,1829798,4569826,2740028,2740028,0,0.0,0,0,0,0,4569826,43008,30272,2.1481796999869402,0.0,,217,217,ok,cc7202ebb459d6fa174a3fc44aa353e30e0591a58e292f42e2c12747df029521,False
case_088,1,5,window10_heft,141457,243623,1.7222406809136346,1829798,4061940,2232142,2232142,0,0.0,0,0,0,0,4061940,43008,30272,2.0982711000251584,0.0,,175,175,ok,4f32f632cbc01a039737a9c60bae92173953870f1d0c4f70ef5c139c50960f40,False
case_088,1,5,window16_heft,120136,243623,2.0278933874941734,1829798,3795328,1965530,1965530,0,0.0,0,0,0,0,3795328,43008,41024,1.3898547999851871,0.0,,105,105,ok,b8af75c0283bde77a4ea659c9726b45d9e385471facc502e65f22a6f2b15236c,False
case_088,1,5,component_pipe_lpt,204523,243623,1.1911765424915535,1829798,2050982,221184,221184,0,0.0,0,0,0,0,2050982,162048,36864,3.199921399995219,0.0,,31,31,ok,06faa0e16e7a541ebd593077c575bc6d40e17bde3ecaaae0332e6cf55da17aee,False
case_088,1,5,component_comm,205176,243623,1.1873854641868444,1829798,2050982,221184,221184,0,0.0,0,0,0,0,2050982,162048,36864,3.5308881000091787,0.0,,31,31,ok,8987684814ecac20f03c862a51c15e556f1803d37663fb891a4e0f99f905954c,False
case_088,1,5,pipe_lane_pack,222598,243623,1.0944527803484307,1829798,8870128,7040330,7040330,0,0.0,0,0,0,0,8870128,43008,12288,11.298999499995261,0.0,,2283,2283,ok,571489088056532b865d2b759fc433f4ac61cb71595e8fd1db49f6a2db46d457,False
case_088,1,5,window3_heft,154292,243623,1.5789736344074872,1829798,6399812,4570014,4570014,0,0.0,0,0,0,0,6399812,43008,16384,4.615721899986966,0.0,,770,770,ok,a81b42106fd9e3e2b2ce8d8c993764860dd45d862a5aa1674e66254ec177a1f6,False
case_088,1,5,window12_heft,131240,243623,1.8563166717464188,1829798,4086952,2257154,2257154,0,0.0,0,0,0,0,4086952,43008,30272,1.5777931999764405,0.0,,148,148,ok,8e82941e60f4912d245d54dffcce7860f61d1b538911eae7674ee9c096d59953,False
case_088,1,5,weighted_window_20_s1.0,150512,243623,1.618628415010099,1829798,3551246,1721448,1721448,0,0.0,0,0,0,0,3551246,43008,32768,1.47432020000997,0.0,,116,116,ok,3e9ed80005096bf235bbcca94b386228e6df4a37f34e76460c6045cace9108dc,False
case_088,1,5,weighted_window_15_s0.65,158093,243623,1.5410106709341969,1829798,3241650,1411852,1411852,0,0.0,0,0,0,0,3241650,89280,36864,1.4589500000001863,0.0,,98,98,ok,2a99f1f44e233bf9511057eb186882947e70f1931796ee007455006fdc58af23,False
case_088,1,5,weighted_window_10_s0.35,163587,243623,1.4892564812607358,1829798,2984670,1154872,1154872,0,0.0,0,0,0,0,2984670,89280,36864,1.4851749000081327,0.0,,76,76,ok,f3b62e226802712ac30d48be5aa6f511af83c242e1d4d56da2016ae92640db0f,False
case_088,1,5,critical_cut_b0.16_s1.0,195122,243623,1.2485675628581092,1829798,2382210,552412,552412,0,0.0,0,0,0,0,2382210,89280,36864,1.423899999994319,0.0,,56,56,ok,994f9553484433027878895f2f687e376863e59bfcb10cfeae7ca846f2ae62c5,False
case_088,1,5,critical_cut_b0.06_s0.35,182889,243623,1.3320812077270914,1829798,2623468,793670,793670,0,0.0,0,0,0,0,2623468,139264,32768,1.424142000003485,0.0,,70,70,ok,47605fa07bc435aae4ba06b128811299ac5a5714900c4b4bbbc282dcc995dfe5,False
case_088,1,5,win_w5,142603,243623,1.7084002440341368,1829798,5237668,3407870,3407870,0,0.0,0,0,0,0,5237668,43008,20480,2.6093557000276633,0.0,,392,392,ok,bdd9cd9f0d3e83973fa6b88e882d14807518ad7af7f4636996c6f2375cdca78e,False
case_088,1,5,win_w7,156599,243623,1.555712360870759,1829798,4651676,2821878,2821878,0,0.0,0,0,0,0,4651676,43008,30272,2.1045680999814067,0.0,,246,246,ok,6bb69cf08c1909d80e844633a5dfa044a2a3053f1ad381416f9110ceb039139c,False
case_088,1,5,win_w14,150396,243623,1.6198768584270857,1829798,3803264,1973466,1973466,0,0.0,0,0,0,0,3803264,55488,40336,1.5426088999956846,0.0,,124,124,ok,24ec97dff708520059a63ef93848fdc945daf112bc5eae38c585b5d3b566d51d,False
case_088,1,5,win_w23,155623,243623,1.5654691144625152,1829798,3105662,1275864,1275864,0,0.0,0,0,0,0,3105662,65536,36864,1.355896399996709,0.0,,77,77,ok,5eca200a23a79a9241a6255eb42cb711afe86f8c8f84746d4da4a4c4df7f8523,False
case_088,1,5,stageU4_k5,202466,243623,1.2032785751681765,1829798,2372674,542876,542876,0,0.0,0,0,0,0,2372674,139264,32768,1.5357664999901317,0.0,,61,61,ok,51fc2b3950bd805ddaf9b9dbcbc7732a192172f93a17a0b1c4540760768e6974,False
case_088,1,5,stageC5_k4,180660,243623,1.348516550426215,1829798,2566986,737188,737188,0,0.0,0,0,0,0,2566986,139264,32768,1.4178409999876749,0.0,,65,65,ok,f3d8912d83eba9b2fd99cef12cbed032a172e25df1068b1ce6a443fba5054402,False
case_088,1,5,stageU12_k5,112203,243623,2.171269930394018,1829798,4670160,2840362,2840362,0,0.0,0,0,0,0,4670160,43008,40704,1.6670348000188824,0.0,,190,190,ok,9944b40d5f77160bbce2fd5b9bdaf542024a08b9dcc8d519d2dddcc040a696cb,False
case_088,1,5,component_group3,208369,243623,1.169190234631831,1829798,1903526,73728,73728,0,0.0,0,0,0,0,1903526,162048,36864,2.6283666000235826,0.0,,11,11,ok,02e21b4d9036a465edbee2c65fd00542040bc475665bb4ddf8b0826a20e6d5ce,False
case_088,1,5,component_group4,210687,243623,1.1563266836586974,1829798,1829798,0,0,0,0.0,0,0,0,0,1829798,162048,36864,2.94486830002279,0.0,,8,8,ok,2efd06ce921c4c1571f6f9f59a0ddb839bfcd68dd30febf74e4aac3502b1cf32,False
case_088,1,5,component_group5,213023,243623,1.1436464607108152,1829798,1829798,0,0,0,0.0,0,0,0,0,1829798,162048,36864,2.9928799999761395,0.0,,7,7,ok,6ca4e8366f3d0bd042e76c78f5cca68f907568b4c2060527cb9bb4c1d4d8c31c,False
case_088,1,5,component_group6,214958,243623,1.1333516314814986,1829798,1829798,0,0,0,0.0,0,0,0,0,1829798,162048,36864,2.8448603999859188,0.0,,6,6,ok,a627d28c1c531d14df2cdace3cb3307122bfe4055c1743da7266b485f72e4bbc,False
case_088,1,5,component_group8,219306,243623,1.1108815992266514,1829798,1829798,0,0,0,0.0,0,0,0,0,1829798,162048,36864,3.1170902000158094,0.0,,4,4,ok,a3d26ff84268217a28af0a0db93592ab659a7854cccefcf14c1e9bd45e4026d8,False
case_088,1,5,pipevec_merge,204523,243623,1.1911765424915535,1829798,2050982,221184,221184,0,0.0,0,0,0,0,2050982,162048,36864,2.926903100014897,0.0,,31,31,ok,7b87b614e170b397e2087bc8b6a77c54cf6d09d4d0ca7ac33dca8e93d3713a05,False
case_088,1,5,membatch_70,205183,243623,1.1873449554787678,1829798,2050982,221184,221184,0,0.0,0,0,0,0,2050982,162048,36864,2.4778266999928746,0.0,,16,16,ok,64fd9da075239b1d442a6922b2ed8c40b6d721a405fb077051d17e370385af2b,False
case_088,1,5,whole_graph,243623,243623,1.0,1829798,1829798,0,0,0,0.0,0,0,0,0,1829798,162048,36864,0.0013858999882359058,0.0,,1,1,ok,db33bad56216f32e51c4aa0298969848bc5e486d2da6a6ddec730912fee5c441,True
case_089,1,5,component_round_robin,147432,693092,4.701096098540344,566400,1521280,954880,954880,0,0.0,0,0,0,0,1521280,259200,0,5.048311999998987,0.0,,5,5,ok,6ec7edc0268b02acb94c749e33d68ba387381ab1473906bde2e693babd757a8e,False
case_089,1,5,component_batches,174348,693092,3.9753366829559273,566400,5102080,4535680,4535680,0,0.0,0,0,0,0,5102080,259200,0,3.1471476999868173,0.0,,20,20,ok,6de6a7cf9639db974c408adbec4e333bcb6b8276c219f03869bdfcfb4db784b3,False
case_089,1,5,component_batches_128,210236,693092,3.2967331950760097,566400,9876480,9310080,9310080,0,0.0,0,0,0,0,9876480,26880,0,3.2482091000129003,0.0,,40,40,ok,95bf9b966ed05470e18915a0414d0db48346b27ce1d63dd1561c3e4cd3608344,False
case_089,1,5,component_batches_512,156404,693092,4.431421191273881,566400,2714880,2148480,2148480,0,0.0,0,0,0,0,2714880,259200,0,3.8326086000015493,0.0,,10,10,ok,2e1524fec8a20e056116382fad64fad2793546df3bdf4c499b9478f0c88b4559,False
case_089,1,5,component_pipe_lpt,210236,693092,3.2967331950760097,566400,9876480,9310080,9310080,0,0.0,0,0,0,0,9876480,26880,0,3.546916399995098,0.0,,40,40,ok,a64e62ce73c88be1bdf9a1f5450459d4a5fd558e9fca31541e6b19eecdcefdf2,False
case_089,1,5,scene_a_peft,178632,693092,3.87999910430382,566400,9945600,9379200,9379200,0,0.0,0,0,0,0,9945600,26880,0,5.104955299990252,0.0,,52,52,ok,f35af4b3f718a2073388a81b9c781155689143f7e7d5b6e3e5864dd3995d47f2,False
case_089,1,5,scene_a_spine,214303,693092,3.234168443745538,566400,9945600,9379200,9379200,0,0.0,0,0,0,0,9945600,26880,0,3.7432790999882855,0.0,,52,52,ok,5a863a9637c25ab0414c27d6945dccf1bc13bc6436bc93f8dac4e1fca91a2899,False
case_089,1,5,weighted_window_20_s1.0,335748,693092,2.0643220510621063,566400,13849600,13283200,13283200,0,0.0,0,0,0,0,13849600,19456,0,9.377755800000159,0.0,,800,800,ok,2f484aad235fa33cfa2a65a5a2444b9b04a3469bd1fd82885f95816224bc6ca3,False
case_089,1,5,weighted_window_15_s0.65,338820,693092,2.0456053361666964,566400,14259200,13692800,13692800,0,0.0,0,0,0,0,14259200,19712,0,9.498487500008196,0.0,,720,720,ok,ab9a07c2a0292c3e4c58be6b6608cdbc2647507acdd158099791252fb2d52904,False
case_089,1,5,weighted_window_10_s0.35,289180,693092,2.396749429421122,566400,12190720,11624320,11624320,0,0.0,0,0,0,0,12190720,19712,0,6.7617907999956515,0.0,,400,400,ok,6bbcc58172dd15b0cf4e3e69fa7eda9b7ac5a9cf649cfca6164fdbc1e0c2209e,False
case_089,1,5,critical_cut_b0.16_s1.0,271348,693092,2.554255052552442,566400,11269120,10702720,10702720,0,0.0,0,0,0,0,11269120,19712,0,6.132874799979618,0.0,,280,280,ok,0e49169aece75e44e0f2a1ba593ec4d5a86d309e943b76eeceb34c41afee8e04,False
case_089,1,5,critical_cut_b0.06_s0.35,267764,693092,2.588443554772113,566400,10961920,10395520,10395520,0,0.0,0,0,0,0,10961920,19712,0,6.29044330000761,0.0,,280,280,ok,ed50bd70d2baa6acc6bdbd924e0068a1cd81b9280ff43418fecf1f017f9b764a,False
case_089,1,5,win_w5,372236,693092,1.8619692883009704,566400,15672320,15105920,15105920,0,0.0,0,0,0,0,15672320,19200,0,13.10506840000744,0.0,,1000,1000,ok,6ac7520ce761eee7b7f798c825ffd62f302ed961c0ff396c66565f801256f33d,False
case_089,1,5,win_w7,324548,693092,2.1355608415396183,566400,13235200,12668800,12668800,0,0.0,0,0,0,0,13235200,19200,0,9.521339200000511,0.0,,720,720,ok,7e47a34106d7a1740839966bcf8391e3124d62575f1948513f109285558ae8ff,False
case_089,1,5,win_w14,276708,693092,2.5047775994911605,566400,11453440,10887040,10887040,0,0.0,0,0,0,0,11453440,24064,0,7.014813100016909,0.0,,360,360,ok,11ebafadb5735bd1dad7747b575bf57e1fee45fd3984bbfc54a07722f25e5102,False
case_089,1,5,win_w23,272932,693092,2.5394310670789793,566400,11760640,11194240,11194240,0,0.0,0,0,0,0,11760640,19712,0,4.741287599987118,0.0,,240,240,ok,814165887637025a0d6624bb1e20e8f75cd04ff4ba9d68a9f42df6eca6998e00,False
case_089,1,5,stageU4_k5,252804,693092,2.741618012373222,566400,10777600,10211200,10211200,0,0.0,0,0,0,0,10777600,20736,0,3.1610872999881394,0.0,,160,160,ok,ffef63dec1ab3eec6c4bed0fb94ea5d46df8aa3217d6d0ab853dcf969c304b8b,False
case_089,1,5,stageC5_k4,286500,693092,2.419169284467714,566400,10798080,10231680,10231680,0,0.0,0,0,0,0,10798080,19712,0,4.320054600015283,0.0,,200,200,ok,f0acfc7257dfc124ace56276953d928a5366aab3f0a396c8dd875f54c12c85a9,False
case_089,1,5,stageU12_k5,311564,693092,2.2245573943074297,566400,13071360,12504960,12504960,0,0.0,0,0,0,0,13071360,19712,0,7.789544200000819,0.0,,520,520,ok,8ef729563df4ec8a89b78f61b788751baaf470aa6e3712ca5a6fd91c694da0d3,False
case_089,1,5,component_group3,178715,693092,3.8781971295078757,566400,3669760,3103360,3103360,0,0.0,0,0,0,0,3669760,259200,0,3.5570536000013817,0.0,,14,14,ok,0a0b262193b38021fd130f7ee9b9749bace31244a5629a36de9076eedbc25390,False
case_089,1,5,component_group4,156404,693092,4.431421191273881,566400,2714880,2148480,2148480,0,0.0,0,0,0,0,2714880,259200,0,3.37927150001633,0.0,,10,10,ok,105f69f97d2b3153aad170703940b60c2f7d2137cd250b4d69734981cb0663dd,False
case_089,1,5,component_group5,183444,693092,3.778221146507926,566400,2237440,1671040,1671040,0,0.0,0,0,0,0,2237440,259200,0,3.5788788000063505,0.0,,8,8,ok,8c302cbfec07c2e5312f0af0da3f256dc101ac56dae48a04d0e4394c4d0a290d,False
case_089,1,5,component_group6,217175,693092,3.19139864164844,566400,1998720,1432320,1432320,0,0.0,0,0,0,0,1998720,259200,0,4.189290800015442,0.0,,7,7,ok,4e2b22219c541ffebb69830400fbdfa6c0a2f8fe71dbf60c729d40115e5f45cc,False
case_089,1,5,component_group8,147432,693092,4.701096098540344,566400,1521280,954880,954880,0,0.0,0,0,0,0,1521280,259200,0,5.664842400001362,0.0,,5,5,ok,90e60a71176c875fa88b89968db69d897abf3482ebcad57dc5b40b233f2d974f,False
case_089,1,5,whole_graph,693092,693092,1.0,566400,566400,0,0,0,0.0,0,0,0,0,566400,259200,0,2.3999891709536314e-06,0.0,,1,1,ok,7ec24e25573e2412004dc49734ac53bf0b0cb1c5e5e9f780c5a911dee4572358,True
case_090,1,5,component_round_robin,542638,1178363,2.171545302761694,2228352,23953056,21724704,8593920,13130784,0.0,0,0,0,0,23953056,524280,0,0.8020782000094187,0.0,,5,5,ok,6718b0afa59c4afaa081ebe7ade1b4f09606df0082093e23bb8fadaf4f28f6eb,False
case_090,1,5,component_batches,522757,1178363,2.2541314606978005,2228352,25489032,23260680,15039360,8221320,0.0,0,0,0,0,25489032,519672,0,0.6976713000040036,0.0,,8,8,ok,7db41f1b45a5809b09b7943896eca305b3cd2deb8b339bf8e0ac2766254f431a,False
case_090,1,5,component_batches_128,522053,1178363,2.2571712067548697,2228352,28010112,25781760,25781760,0,0.0,0,0,0,0,28010112,172224,0,0.6636603999941144,0.0,,13,13,ok,a4e9c49682d23df098926e9afa739753b634306ef8240285b9f58a2e401f0a83,False
case_090,1,5,component_pipe_lpt,522053,1178363,2.2571712067548697,2228352,28010112,25781760,25781760,0,0.0,0,0,0,0,28010112,172224,0,1.5716357000055723,0.0,,13,13,ok,bcc00f0022f2ea7a2527587783c57e57ad988f8c3fb7ef792101ea86d4138512,False
case_090,1,5,scene_a_peft,502959,1178363,2.342860948904384,2228352,28061952,25833600,25833600,0,0.0,0,0,0,0,28061952,172224,0,1.612939999991795,0.0,,25,25,ok,526336fb8f21edf9ab32f8055b29fb5d0f2c6dfe1f9197900898facaf109131e,False
case_090,1,5,scene_a_spine,528775,1178363,2.22847714056073,2228352,28061952,25833600,25833600,0,0.0,0,0,0,0,28061952,172224,0,1.3240724000206683,0.0,,25,25,ok,a3f035f0d768ae2074cdebd4d1a90f10a4370622c2207710006ed62310164d8d,False
case_090,1,5,share_pack_3,657430,1178363,1.7923778957455547,2228352,23666856,21438504,4296960,17141544,0.0,0,0,0,0,23666856,524280,0,2.8246564000146464,0.0,,3,3,ok,e52553841987b12680c22522e5cea9f6a36ec24fc8d1903c599a0e3bc8f68b5b,False
case_090,1,5,share_pack_4,608275,1178363,1.9372208293945994,2228352,23620488,21392136,6445440,14946696,0.0,0,0,0,0,23620488,524280,0,2.7542230000253767,0.0,,4,4,ok,dfe1406c7c19cadb47c803a2067494b1ea1dd631415105b0f96f8564ac30342d,False
case_090,1,5,share_pack_9,492932,1178363,2.39051836764503,2228352,25993248,23764896,17187840,6577056,0.0,0,0,0,0,25993248,519672,0,2.502853900019545,0.0,,9,9,ok,8479fc5ba9dcf6901f4af72ba6d2db9e7e4b10500b70942d660a4c9755e1eadf,False
case_090,1,5,share_pack_10,494219,1178363,2.384293197954753,2228352,26497464,24269112,19336320,4932792,0.0,0,0,0,0,26497464,519672,0,1.5059720000135712,0.0,,10,10,ok,15d44da69a4a92f6fa3c270d4424419c4d7c9f4de1002c8e3ebaf9807ed25614,False
case_090,1,5,weighted_window_20_s1.0,564878,1178363,2.0860486689161197,2228352,29193216,26964864,26964864,0,0.0,0,0,0,0,29193216,166656,0,4.122358499997063,0.0,,260,260,ok,e76edba344dcec2afe2941bb6643b21326f0f62666214c58fb315a9c1f1892a0,False
case_090,1,5,weighted_window_15_s0.65,560818,1178363,2.101150462360338,2228352,29058432,26830080,26830080,0,0.0,0,0,0,0,29058432,166848,0,2.3136862000101246,0.0,,234,234,ok,9cfc1c6f95cb7040f6eb29e11b997ceb444c86c72f4a5b6b63abf7ccb7f38fe7,False
case_090,1,5,weighted_window_10_s0.35,562151,1178363,2.0961681114149044,2228352,28574208,26345856,26345856,0,0.0,0,0,0,0,28574208,166848,0,2.8758354999881703,0.0,,130,130,ok,8df032a70a1f247c1bfe39d03272ef1011b120bc33997a688e07f308f281321d,False
case_090,1,5,critical_cut_b0.16_s1.0,550585,1178363,2.1402017853737387,2228352,28349568,26121216,26121216,0,0.0,0,0,0,0,28349568,166848,0,1.5259171999932732,0.0,,91,91,ok,295e289df5ff26ea80d86ed9d2d375fb88d68c9edbaeb86eef375e9be6047805,False
case_090,1,5,critical_cut_b0.06_s0.35,547824,1178363,2.1509882736061217,2228352,28259712,26031360,26031360,0,0.0,0,0,0,0,28259712,166464,0,1.3533874000131618,0.0,,91,91,ok,da8c4059bcb1c4f3509a7119ffdb272dc7d9f45336c0236166585b2c71f4cd86,False
case_090,1,5,win_w5,567638,1178363,2.075905770931474,2228352,29422848,27194496,27194496,0,0.0,0,0,0,0,29422848,166464,0,3.4154294000181835,0.0,,325,325,ok,c6dacc91bbec159f326c4f8514fa64dcaf9711486c693d5cd98eabddeb2dff26,False
case_090,1,5,win_w7,561762,1178363,2.097619632513413,2228352,28828800,26600448,26600448,0,0.0,0,0,0,0,28828800,166464,0,3.1979172000137623,0.0,,234,234,ok,3dbb6f6e18c649aa700944f123d418f6d41b836ef766ce6679e6c24a310c2112,False
case_090,1,5,win_w14,557951,1178363,2.1119471064663387,2228352,28394496,26166144,26166144,0,0.0,0,0,0,0,28394496,208128,0,2.0733101000078022,0.0,,117,117,ok,2fb3726d4e6302778b76bd7f21a309117cbaaf1de463ea0a804512f6500c7086,False
case_090,1,5,win_w23,550744,1178363,2.139583908313118,2228352,28469376,26241024,26241024,0,0.0,0,0,0,0,28469376,166848,0,1.882182000001194,0.0,,78,78,ok,a51c5617099337e6ba014dc45b31ce0515d9c40a20772f4d912a0a2fc8c9755c,False
case_090,1,5,stageU4_k5,551343,1178363,2.137259382997517,2228352,28249728,26021376,26021376,0,0.0,0,0,0,0,28249728,209088,0,1.287533299997449,0.0,,52,52,ok,826b0dfbe655a9927648f2b2b176df8308d2d305a234e007e9b8ba6e4612ee23,False
case_090,1,5,stageC5_k4,581155,1178363,2.027622579174231,2228352,28214784,25986432,25986432,0,0.0,0,0,0,0,28214784,166848,0,2.004775100009283,0.0,,65,65,ok,c24298443bf2f7b2351921d0f8f736107c97f8ab065fe19f819427b88fc4407c,False
case_090,1,5,stageU12_k5,559781,1178363,2.1050428649775537,2228352,28788864,26560512,26560512,0,0.0,0,0,0,0,28788864,208320,0,2.6832909999939147,0.0,,156,156,ok,cb82ef2df240cba1553126753dbab664942d6af694e27a008c3d10976a5d56a6,False
case_090,1,5,component_group3,544362,1178363,2.164667996663985,2228352,23945280,21716928,8593920,13123008,0.0,0,0,0,0,23945280,524280,0,2.0513735999993514,0.0,,5,5,ok,761f2eb6bf5317fa529815c77f5261f981110407b5d0389a1f265d9de3c2e9fe,False
case_090,1,5,component_group4,593933,1178363,1.9839998787742052,2228352,23987112,21758760,6445440,15313320,0.0,0,0,0,0,23987112,524280,0,2.595223899988923,0.0,,4,4,ok,ed71d8fa43223cd097e75528a381d53bd95c587e489a1484bef9890d2eec54ac,False
case_090,1,5,component_group5,647257,1178363,1.8205488700778825,2228352,23671392,21443040,4296960,17146080,0.0,0,0,0,0,23671392,524280,0,2.227204700000584,0.0,,3,3,ok,6b70d569ad0df654e6bd798b0d33640f78b9874239f445eca0f303da6a6f0de7,False
case_090,1,5,component_group6,699201,1178363,1.6852993631302016,2228352,24047088,21818736,4296960,17521776,0.0,0,0,0,0,24047088,524280,0,3.085938800009899,0.0,,3,3,ok,e9672849748202967d23b4011a08bf654558c0f9c4a00f7f6edc00259ae982a8,False
case_090,1,5,component_group8,837273,1178363,1.4073820605704472,2228352,23726832,21498480,2148480,19350000,0.0,0,0,0,0,23726832,524280,0,4.41807109999354,0.0,,2,2,ok,29a1b06c981c88db4b74afc0be908e45706f6c2b2d8b97c234fce777e912f4db,False
case_090,1,5,whole_graph,1178363,1178363,1.0,2228352,23461944,21233592,0,21233592,0.0,0,0,0,0,23461944,524280,0,0.0009435999963898212,0.0,,1,1,ok,81b5fd7561f6c9f84a4b77a69536b2fec8b69b7c3256d33deedbbebfc4b15fae,True
case_091,1,5,component_round_robin,1880163,9186769,4.886155615231233,6577656,79812088,73234432,25913344,47321088,0.0,0,0,0,0,79812088,523776,4100,1986.0423552999855,0.0,,5,5,ok,04ff2ff579feb71069e57809e7b317604251629412154bf0ef3174de4a754a75,False
case_091,1,5,component_pipe_balance,1882479,9186769,4.880144214092162,6577656,79994872,73417216,25913344,47503872,0.0,0,0,0,0,79994872,523776,4100,758.2124598000082,0.0,,5,5,ok,3e2d599dd3994f90ae28417ce69ab5da3e711a50bb8412244c28a2619ca7cc27,False
case_091,1,5,component_batches,1866216,9186769,4.922671866493482,6577656,80776696,74199040,74199040,0,0.0,0,0,0,0,80776696,374784,4100,21.75881749999826,0.0,,132,132,ok,620c08c077562ff54d21c6d2279c715fed7b4f174a8bf760faee456b198cea79,False
case_091,1,5,component_pipe_lpt,2015485,9186769,4.558093461375302,6577656,118460920,111883264,111883264,0,0.0,0,0,0,0,118460920,90624,4100,26.5579979000031,0.0,,513,513,ok,48ae8cff819b70df9eb638cfbb02f34becdacd5fd321be3cc0b0a17c762765fd,False
case_091,1,5,component_comm,2018254,9186769,4.551839857619507,6577656,118460920,111883264,111883264,0,0.0,0,0,0,0,118460920,90624,4100,26.695103499980178,0.0,,513,513,ok,545988e7f3cd823811ee3b11f1aad9cf6f7eb887cac7f4036676cf25f333b536,False
case_091,1,5,scene_a_peft,2033046,9186769,4.518721661979119,6577656,118599160,112021504,112021504,0,0.0,0,0,0,0,118599160,90624,4100,27.427686300012283,0.0,,525,525,ok,d897cf64c665a9792612456b27cd6b4cb1cc18475806e469fe140fe6ee55db17,False
case_091,1,5,scene_a_spine,2044798,9186769,4.4927513622372475,6577656,118599160,112021504,112021504,0,0.0,0,0,0,0,118599160,90624,4100,25.990292600006796,0.0,,525,525,ok,7de0a1c59eaa7d6b84c9d31ef8eaa1301515d7b9248e838745b623ffa878181d,False
case_091,1,5,whole_graph,9186769,9186769,1.0,6577656,60524664,53947008,0,53947008,0.0,0,0,0,0,60524664,523776,4100,0.037914999993517995,0.0,,1,1,ok,dc1d60db2be2ff4f6bfc97d3313cbe95abf8aba14cc8c57e280e810de76977b0,True
case_092,1,5,component_round_robin,1661234,4815554,2.89878126741928,3256928,70237184,66980256,3721600,63258656,0.0,0,0,0,0,70237184,524288,0,232.65387209999608,0.0,,5,5,ok,0583d06e55a1b70e4f468eefeebe1ded4b49d52cd96dad52a8c9a9e07a43b270,False
case_092,1,5,component_batches,2102110,4815554,2.290819224493485,3256928,99463488,96206560,66058400,30148160,0.0,0,0,0,0,99463488,524288,0,13.71276460000081,0.0,,72,72,ok,ef20ef6ca21fdf94481f4f9e86fe83462d031e22bdb6d2af9342bd3ad490a692,False
case_092,1,5,component_pipe_lpt,2438012,4815554,1.975197004772741,3256928,134443328,131186400,131186400,0,0.0,0,0,0,0,134443328,90624,0,15.485982299986063,0.0,,142,142,ok,edf3271122ce7439685bfef21dfb2185f86b65c4ac394a976794661d9e00a8d5,False
case_092,1,5,share_pack_10,1618214,4815554,2.975844974768479,3256928,72315328,69058400,8373600,60684800,0.0,0,0,0,0,72315328,524288,0,81.18282290000934,0.0,,10,10,ok,834b433032d8db60440a782af4351a85a8c66f393d08d2bd37c984714e4f366f,False
case_092,1,5,component_group3,2039994,4815554,2.360572629135184,3256928,87635840,84378912,43728800,40650112,0.0,0,0,0,0,87635840,524288,0,17.18676919999416,0.0,,48,48,ok,e2bb8d251bb695dd670180e5bb01e2a32ffc6f0bf4c44aa9ba681620c952a85b,False
case_092,1,5,component_group4,2004864,4815554,2.4019354928813126,3256928,81598176,78341248,32564000,45777248,0.0,0,0,0,0,81598176,524288,0,17.261917800002266,0.0,,36,36,ok,92675a7ee6cd7c2b518ae9f444d6d6a82c7b03c5b902b061c79a18c76b56c53f,False
case_092,1,5,component_group5,1993979,4815554,2.415047500500256,3256928,78402368,75145440,26051200,49094240,0.0,0,0,0,0,78402368,524288,0,17.87447519999114,0.0,,29,29,ok,c13631380f17895f66a2e025e27952855c0d9a7caa779bad287b03af8bbe64bb,False
case_092,1,5,component_group6,1984008,4815554,2.4271847694162525,3256928,75855488,72598560,21399200,51199360,0.0,0,0,0,0,75855488,524288,0,18.56942590000108,0.0,,24,24,ok,8bd0306acb8cb12ea35ea69077f5dc13c4b211a3f1ed297687810e13824eae6b,False
case_092,1,5,component_group8,1858711,4815554,2.5908029812057927,3256928,75240352,71983424,15816800,56166624,0.0,0,0,0,0,75240352,524288,0,29.15571760002058,0.0,,18,18,ok,decdb223856311a634c26befcd857a315ff299a050660034b83560239dbc7081,False
case_092,1,5,whole_graph,4815554,4815554,1.0,3256928,69257024,66000096,0,66000096,0.0,0,0,0,0,69257024,524288,0,0.03187389997765422,0.0,,1,1,ok,8bdb9cdc945383056f3666ae781f5797be3026aea349c3e9682f5c3e9e3eb791,True
case_093,1,5,component_round_robin,15876,74205,4.674036281179139,714752,747520,32768,32768,0,0.0,0,0,0,0,747520,20480,0,0.3854343999992125,0.0,,5,5,ok,bb04b671cbb27a4803367444f50eed9586fa80cae2848109ccd3c4a1ea4efe70,False
case_093,1,5,component_pipe_lpt,28635,74205,2.5914091147197484,714752,1271808,557056,557056,0,0.0,0,0,0,0,1271808,12288,0,0.3606384999875445,0.0,,69,69,ok,795870cd551c354aac381320a8e7c430e87108a45e1ba100422387019dfb6529,False
case_093,1,5,scene_a_peft,22810,74205,3.253178430512933,714752,1288192,573440,573440,0,0.0,0,0,0,0,1288192,12288,0,0.46818850000272505,0.0,,73,73,ok,10bb0ee5ad614c09952c34734bc979f9eff216c324ec18a690e55f2b6b891964,False
case_093,1,5,scene_a_spine,29288,74205,2.5336315214422287,714752,1288192,573440,573440,0,0.0,0,0,0,0,1288192,12288,0,0.5862778999726288,0.0,,73,73,ok,2281b147f508e2cdcd3332be2467475afa0dd380068d8eafff19740e180579d9,False
case_093,1,5,weighted_window_20_s1.0,83491,74205,0.8887784312081541,714752,3250176,2535424,2535424,0,0.0,0,0,0,0,3250176,6144,0,1.834640799992485,0.0,,552,552,ok,5fcd831da6c1e80100749da24c99edc6b93e22091c02658b601e56ee137bf5ec,False
case_093,1,5,critical_cut_b0.16_s1.0,48052,74205,1.5442645467410305,714752,2177024,1462272,1462272,0,0.0,0,0,0,0,2177024,12288,0,1.1140461000031792,0.0,,290,290,ok,51eb6d684b35009f1da3132c58891a09dc5365926a667f875fc7feef26dc1a33,False
case_093,1,5,critical_cut_b0.06_s0.35,58681,74205,1.264549002232409,714752,2246656,1531904,1531904,0,0.0,0,0,0,0,2246656,12288,0,1.5030594999843743,0.0,,307,307,ok,e2eb9bf5188b1754ef15c2da56d44796db79326372996a5de083812f555da6f9,False
case_093,1,5,component_group3,20539,74205,3.612882808315887,714752,894976,180224,180224,0,0.0,0,0,0,0,894976,20480,0,0.3585101000207942,0.0,,23,23,ok,2e32df0d99fdf08f043cf61993b6e3326b470a8f932de538ea614f09aa4ebe1b,False
case_093,1,5,component_group4,20573,74205,3.6069119720021385,714752,854016,139264,139264,0,0.0,0,0,0,0,854016,20480,0,0.21584309998434037,0.0,,18,18,ok,fbcf22f52f33024951a01459bb5e9e22c5087d5bd2526bf2da7b473be606024b,False
case_093,1,5,component_group5,18639,74205,3.981168517624336,714752,821248,106496,106496,0,0.0,0,0,0,0,821248,20480,0,0.14677449999726377,0.0,,14,14,ok,6574a03be3d6bdf274b66276a198cccf3ce5b700322058b64c53c0c999a38f20,False
case_093,1,5,component_group6,21609,74205,3.4339858392336526,714752,804864,90112,90112,0,0.0,0,0,0,0,804864,20480,0,0.3771329000010155,0.0,,12,12,ok,b1e635cdedb356525cfaabe1bc900d17a38296cd56e482727940ae18336b0ea9,False
case_093,1,5,component_group8,18708,74205,3.9664849262347657,714752,780288,65536,65536,0,0.0,0,0,0,0,780288,20480,0,0.3827154999889899,0.0,,9,9,ok,2084d8f5f0d8405aba36a1459057d1a6cc54380e9930ad789d8913e163ed082c,False
case_093,1,5,whole_graph,74205,74205,1.0,714752,714752,0,0,0,0.0,0,0,0,0,714752,20480,0,0.0005178000137675554,0.0,,1,1,ok,d4b5c6ea790e6d3297928752e8beb20899067f6e3b570d2b49e3ce2a154058ec,True
case_094,1,5,component_round_robin,23243,94892,4.082605515639117,526692,951780,425088,425088,0,0.0,0,0,0,0,951780,101376,40960,0.6910159999970347,0.0,,5,5,ok,39b34cae4c4c711d59c08f9cec7921f0817a47f7fb19c0db5b3691ce8f3dca77,False
case_094,1,5,component_lpt,21804,94892,4.3520454962392225,526692,951492,424800,424800,0,0.0,0,0,0,0,951492,77568,40960,0.6335080999997444,0.0,,5,5,ok,a7f4ef66d2259ec69c7f9d5ba345e15e81c82921b314def6e39a63b30a01df44,False
case_094,1,5,component_pipe_balance,24943,94892,3.804353926953454,526692,785892,259200,259200,0,0.0,0,0,0,0,785892,101376,40960,1.0879642000072636,0.0,,5,5,ok,1584d4109c553006c3a96a01762c7376010a0ba4f84afe4f75c8c237f1b2a96f,False
case_094,1,5,component_batches_128,22835,94892,4.155550689730677,526692,804324,277632,277632,0,0.0,0,0,0,0,804324,62208,40960,0.5725680000032298,0.0,,7,7,ok,2287c94b8df79ee0433834a59560af93b4b7ed2bc4f71c5583fbffc5de772811,False
case_094,1,5,component_pipe_lpt,29254,94892,3.2437273535243043,526692,1214724,688032,688032,0,0.0,0,0,0,0,1214724,27648,40960,0.32637239998439327,0.0,,40,40,ok,22a6231290eae99c03addbb1383d994d62fca2214f98311236ae059ef1b7b33a,False
case_094,1,5,component_comm,31500,94892,3.0124444444444443,526692,1214724,688032,688032,0,0.0,0,0,0,0,1214724,27648,40960,0.8495436000230256,0.0,,40,40,ok,390b68fef6fe5d936ab5e38ddfd54aefb636a3712826c1fe97fa4f2b53c991fd,False
case_094,1,5,scene_a_peft,30859,94892,3.0750186331378204,526692,1300740,774048,774048,0,0.0,0,0,0,0,1300740,27648,40960,0.9861616999842227,0.0,,43,43,ok,2f2c59d9631ad5ed2c81b43eacd025ab3fb18dccf910989594788fb046847aa3,False
case_094,1,5,scene_a_spine,29134,94892,3.25708793849111,526692,1300740,774048,774048,0,0.0,0,0,0,0,1300740,27648,40960,0.4057446999941021,0.0,,43,43,ok,2bc3beee4b4aac88f06c8245d17fcfc055aa2dc7994836ed61bbcea353859d13,False
case_094,1,5,weighted_window_20_s1.0,79479,94892,1.1939254394242504,526692,4354328,3827636,3827636,0,0.0,0,0,0,0,4354328,23040,18432,1.8032010000024457,0.0,,369,369,ok,79cd7c8d93d9a8c16e81913b06b65ce814b4f03fd4368128801e79199f4c257d,False
case_094,1,5,weighted_window_15_s0.65,68831,94892,1.3786230041696328,526692,3764644,3237952,3237952,0,0.0,0,0,0,0,3764644,23040,18432,1.5702660999959335,0.0,,304,304,ok,93acd4eac34ba4b036e7bbb04346f5ba4d847f53cacba16ce057d222460a28b8,False
case_094,1,5,weighted_window_10_s0.35,62445,94892,1.519609256145408,526692,3286296,2759604,2759604,0,0.0,0,0,0,0,3286296,23040,18432,0.8322238000109792,0.0,,232,232,ok,4a3c9f6fe1ebf456e0a4445309957ff9648c8e4fb2f7e6b8585a0e6eca4f708f,False
case_094,1,5,critical_cut_b0.16_s1.0,40865,94892,2.3220849137403645,526692,2188552,1661860,1661860,0,0.0,0,0,0,0,2188552,27648,20480,1.2144190999970306,0.0,,117,117,ok,836a368bfbcad575f8fb62a37b3b723f9780b0f37fe9f6c0cf67abf1be5e33e0,False
case_094,1,5,critical_cut_b0.06_s0.35,47823,94892,1.9842335278004308,526692,2593032,2066340,2066340,0,0.0,0,0,0,0,2593032,27648,24576,0.651898500014795,0.0,,144,144,ok,1a5ee7750a43583082a26f4e90caf261b0d45313967b305d2ba76b435741c1d8,False
case_094,1,5,win_w5,42124,94892,2.2526825562624633,526692,2293540,1766848,1766848,0,0.0,0,0,0,0,2293540,27648,20480,0.832713399984641,0.0,,132,132,ok,54c3fef3266d8f5cfffbf82cb66264363e904ce92cec87fe827c0a30ae3fbb10,False
case_094,1,5,win_w7,37361,94892,2.5398677765584434,526692,1969056,1442364,1442364,0,0.0,0,0,0,0,1969056,27648,24576,1.1746963000041433,0.0,,94,94,ok,7b45b4a5636b284dc078bd5a6c22bbc81077efe020edc7f62a103fb99b3a1cfb,False
case_094,1,5,win_w14,30212,94892,3.140871177015755,526692,1550608,1023916,1023916,0,0.0,0,0,0,0,1550608,27648,28672,0.5694708999944851,0.0,,56,56,ok,4927b89407d36f1cc57a7547f85f09eab3591dfec736e9eb3a4823052ec5262c,False
case_094,1,5,stageU4_k5,49737,94892,1.9078754247341014,526692,2588932,2062240,2062240,0,0.0,0,0,0,0,2588932,23040,36864,1.0113704999967013,0.0,,194,194,ok,9f6f7b1e676e204a1ac892f9d1b83adf23113dc511799028425d776f172d4c04,False
case_094,1,5,stageC5_k4,46550,94892,2.038496240601504,526692,1961868,1435176,1435176,0,0.0,0,0,0,0,1961868,27648,32768,1.3156384000030812,0.0,,132,132,ok,0cefbc37a0d32e4c1e6101b6608de60c87abda9f057adda46a949e8f76550303,False
case_094,1,5,stageU12_k5,65761,94892,1.4429829230090783,526692,3509136,2982444,2982444,0,0.0,0,0,0,0,3509136,23040,24576,1.8275114999851212,0.0,,293,293,ok,424a5eb0cca5b9a81cf059f334161d322d4070aa47f5e09223b64649addecba5,False
case_094,1,5,component_group3,22914,94892,4.141223706031247,526692,753060,226368,226368,0,0.0,0,0,0,0,753060,62208,40960,0.5113695999898482,0.0,,14,14,ok,c43fe510ba98004a6a8e75ae7be2b27dd34b845b45a67b0151c58fe9ca37f95d,False
case_094,1,5,component_group4,25565,94892,3.7117934676315274,526692,669828,143136,143136,0,0.0,0,0,0,0,669828,62208,40960,0.39478719999897294,0.0,,10,10,ok,f5005ddafa5fc3a00482f4d8a1e6b1f87c4707c61ecadf4f4d0ba5c5683111b3,False
case_094,1,5,component_group5,31611,94892,3.001866438897852,526692,669828,143136,143136,0,0.0,0,0,0,0,669828,62208,40960,0.5593478000082541,0.0,,8,8,ok,df8190736ea105dc90d0ed9ebf53d216f148b947a017423451c23d31ff966928,False
case_094,1,5,component_group6,26935,94892,3.522999814367923,526692,614532,87840,87840,0,0.0,0,0,0,0,614532,62208,40960,0.5283586000150535,0.0,,7,7,ok,6a85c9eb11d322def8a5126b08349de46365d796d747ebf10545481d86014694,False
case_094,1,5,component_group8,50092,94892,1.8943543879262157,526692,563556,36864,36864,0,0.0,0,0,0,0,563556,62208,40960,0.42602199999964796,0.0,,5,5,ok,e93a545ce7e73f179777532a684b0bc41c7e6200635834ca841ebcc362dff35a,False
case_094,1,5,pipevec_merge,28342,94892,3.3481052854421,526692,1214724,688032,688032,0,0.0,0,0,0,0,1214724,27648,40960,0.7056795000098646,0.0,,40,40,ok,5c98b8590582b9c12e65c7fc3dc3c9743f5d81c936c6b9dac3b0b6b4e954587f,False
case_094,1,5,membatch_70,29046,94892,3.2669558631136817,526692,804324,277632,277632,0,0.0,0,0,0,0,804324,62208,40960,0.5686423000006471,0.0,,17,17,ok,c97c5ed21b740c97298c06d9ebce1dcf28b3eba2c9bb03a936d938df5e96d7bc,False
case_094,1,5,whole_graph,94892,94892,1.0,526692,526692,0,0,0,0.0,0,0,0,0,526692,133632,40960,0.00040279998211190104,0.0,,1,1,ok,22de730f5c54e2b7796a0af484f5675b426d79c98e5d567d1a222b4fb40b7201,True
case_095,1,5,component_round_robin,420852,2084853,4.953886401870491,11355036,11355036,0,0,0,0.0,0,0,0,0,11355036,36864,37056,5.187094199995045,0.0,,5,5,ok,25179a6175ef09d05c628dfcdfc270528766fdad99158b21ddc5573bb6e677fa,False
case_095,1,5,component_batches,424142,2084853,4.915459916726002,11355036,11355036,0,0,0,0.0,0,0,0,0,11355036,36864,37056,3.8406308999983594,0.0,,15,15,ok,6c00ca286a25a3974c3f7dd86d500a7dcbbf08062efc12ee4b1c711c5d910c06,False
case_095,1,5,component_batches_128,429077,2084853,4.858925088037811,11355036,11355036,0,0,0,0.0,0,0,0,0,11355036,36864,37056,3.136257200007094,0.0,,30,30,ok,5617a669146687de8d8cf610563451cddfa1d09e6a9f6ed76a9c4bc19c6b684e,False
case_095,1,5,component_batches_512,422497,2084853,4.934598352177648,11355036,11355036,0,0,0,0.0,0,0,0,0,11355036,36864,37056,4.1207815000088885,0.0,,10,10,ok,37ee1c667169b69c00208d56b2d0467db846902092e8c15a7ca32bac8fcfc39a,False
case_095,1,5,component_pipe_lpt,571574,2084853,3.647564444848786,11355036,11355036,0,0,0,0.0,0,0,0,0,11355036,30720,37056,7.853745000000345,0.0,,462,462,ok,240856123b4ad3993f422d343fdd8909ce6c5cf24a6c53ee3478be1fd7d33f60,False
case_095,1,5,weighted_window_20_s1.0,2346265,2084853,0.8885837703754691,11355036,113896860,102541824,102541824,0,0.0,0,0,0,0,113896860,30720,37056,53.897692800004734,0.0,,3696,3696,ok,4d3f72350f94e853c7ebc41bb47078b737c52b220511834bdae76ce50fc10152,False
case_095,1,5,weighted_window_15_s0.65,2172641,2084853,0.959593876761048,11355036,105203868,93848832,93848832,0,0.0,0,0,0,0,105203868,30720,37056,46.59722429999965,0.0,,3234,3234,ok,d9ed31d00ee9ba6339741571944c869858c7933152e599cc9ffdb19b26e15107,False
case_095,1,5,critical_cut_b0.16_s1.0,1129756,2084853,1.8454011308636555,11355036,43279260,31924224,31924224,0,0.0,0,0,0,0,43279260,30720,37056,19.526287399989087,0.0,,1328,1328,ok,b6b073d2b65f687b3312e0653ac8639372366973dbbd58b71a59324f8b415361,False
case_095,1,5,critical_cut_b0.06_s0.35,1366805,2084853,1.525347800161691,11355036,64185372,52830336,52830336,0,0.0,0,0,0,0,64185372,30720,37056,28.016309300001012,0.0,,1892,1892,ok,bfbc3df4fcb2db8a35c142c077e4394d0048676173480a3344157e187a883577,False
case_095,1,5,whole_graph,2084853,2084853,1.0,11355036,11355036,0,0,0,0.0,0,0,0,0,11355036,36864,37056,0.02604660001816228,0.0,,1,1,ok,394a76c03122d42919d3c96a1871f1116faa0827135825f5abf0adfae864b3e7,True
case_096,1,5,component_round_robin,35987,84194,2.339567065884903,219558,486822,267264,267264,0,0.0,0,0,0,0,486822,72576,20480,0.9404944999841973,0.0,,5,5,ok,dfa8a08bd829d1b6602edb4551780fa90f60a8d98d3ac53499e2646a3b6c092f,False
case_096,1,5,component_lpt,27053,84194,3.112187188112224,219558,364134,144576,144576,0,0.0,0,0,0,0,364134,72576,20480,1.3727484999981243,0.0,,5,5,ok,422d4a3642a15ebee5e4f6a83c0df60e8209827353293fedc0594893c05504aa,False
case_096,1,5,component_pipe_balance,27053,84194,3.112187188112224,219558,354342,134784,134784,0,0.0,0,0,0,0,354342,72576,20480,1.2833919000113383,0.0,,5,5,ok,da808833e03ae1cbcea6d4ab6c736d3a7e4fd2d175853b0563900bcd153cc8f8,False
case_096,1,5,chain_heft,57713,84194,1.4588394295912532,219558,2288896,2069338,2069338,0,0.0,0,0,0,0,2288896,22272,8192,3.144512600003509,0.0,,403,403,ok,7d5df6295688af44605a8151491597f68576c1ad22494a3220fe980f1c98f3f8,False
case_096,1,5,window8_heft,33069,84194,2.5460098581753305,219558,1659742,1440184,1440184,0,0.0,0,0,0,0,1659742,22272,12288,1.6035078999993857,0.0,,128,128,ok,295333ff2708bfdebb0aeaa7a2ec9734ebcd83f338e945c6fd9a6a37bade42b8,False
case_096,1,5,window10_heft,27998,84194,3.0071433673833847,219558,1321834,1102276,1102276,0,0.0,0,0,0,0,1321834,22272,12288,0.978822000004584,0.0,,112,112,ok,e55170909221fcac5e3f562914653309a716c6bb5a7a4a194a6e92e725bd7e96,False
case_096,1,5,window16_heft,28639,84194,2.9398372848213974,219558,1252086,1032528,1032528,0,0.0,0,0,0,0,1252086,61440,14336,1.9162040999799501,0.0,,73,73,ok,d58bf49221c1ce14e7f475659f5479bff70e7ad14e8811c3d16b9298a63e9a1f,False
case_096,1,5,component_pipe_lpt,26958,84194,3.1231545366866977,219558,881382,661824,661824,0,0.0,0,0,0,0,881382,61440,20480,1.153301799990004,0.0,,50,50,ok,3a26bc460ff1f76e619cb3d02926edc280a2f90a89879ff8214b7a1ff021fe22,False
case_096,1,5,component_comm,38870,84194,2.1660406483148957,219558,881382,661824,661824,0,0.0,0,0,0,0,881382,61440,20480,1.42039830001886,0.0,,50,50,ok,1f285c5aa30b76b726e02b32647d5921caa10dd2b6f406853c376bb176ced05b,False
case_096,1,5,scene_a_peft,44241,84194,1.903076331909315,219558,893670,674112,674112,0,0.0,0,0,0,0,893670,61440,20480,1.0986019000119995,0.0,,56,56,ok,996e3affb17d5c333acb7341bec4a96889610636d1e08cb6c09f3232c1cc26a7,False
case_096,1,5,pipe_lane_pack,59034,84194,1.4261950740251381,219558,2288896,2069338,2069338,0,0.0,0,0,0,0,2288896,22272,8192,2.854452100000344,0.0,,403,403,ok,d548e206ba4d7d4913d4df9491ce3801c700b43e381a77efc211692663615bd6,False
case_096,1,5,scene_a_spine,27037,84194,3.114028923327292,219558,893670,674112,674112,0,0.0,0,0,0,0,893670,61440,20480,1.664181500003906,0.0,,56,56,ok,38fd3bab31f5b39bb3e54912f461c85fbbfadfe2d1aa55be274e089c9cd32705,False
case_096,1,5,bundle_pack,25293,84194,3.3287470841734867,219558,1053686,834128,834128,0,0.0,0,0,0,0,1053686,22272,20480,0.8338152999931481,0.0,,76,76,ok,2a1488086325e6296d861c0832e1c21a048b3298d3e93a6d042a5af1734b3be9,False
case_096,1,5,weighted_window_20_s1.0,42508,84194,1.9806624635362755,219558,2140442,1920884,1920884,0,0.0,0,0,0,0,2140442,22272,12288,2.0408961000212003,0.0,,165,165,ok,ca4810d79eff43e28600f56811b4f4cd562b889883ce813a53162993c00591f8,False
case_096,1,5,weighted_window_15_s0.65,33783,84194,2.492200219045082,219558,1829878,1610320,1610320,0,0.0,0,0,0,0,1829878,61440,14336,1.5487098000012338,0.0,,132,132,ok,bcb5ca18d123e6726fbecd9dbc585a96e6677610c1442270a57bd180c90d6323,False
case_096,1,5,weighted_window_10_s0.35,32073,84194,2.6250740498238394,219558,1502454,1282896,1282896,0,0.0,0,0,0,0,1502454,61440,16384,1.4814582999970298,0.0,,95,95,ok,0b31d5b6fbe651cf21bdd76ddc61951536ed999a6af18184d509e5f0b506c1e6,False
case_096,1,5,critical_cut_b0.16_s1.0,27942,84194,3.013170138143297,219558,1288982,1069424,1069424,0,0.0,0,0,0,0,1288982,57344,14336,1.3028297999990173,0.0,,94,94,ok,0ec3b4c781bb5242c545fcd2c00cb9a208cea8253ab29ae24ab03e6d9b9b5480,False
case_096,1,5,critical_cut_b0.06_s0.35,43878,84194,1.9188203655590501,219558,1805474,1585916,1585916,0,0.0,0,0,0,0,1805474,22272,10240,1.2499895000073593,0.0,,187,187,ok,088eaf47638912bc510c4934adee6c396dd98f8ff98bdc97c41af7fb059bde88,False
case_096,1,5,win_w5,45913,84194,1.8337725698603882,219558,2083182,1863624,1863624,0,0.0,0,0,0,0,2083182,22272,10240,1.1688731999893207,0.0,,213,213,ok,c5e433195ee1fb32fcc127970fd1ad5ae736bf485c6bd506471a79bc5a00d6de,False
case_096,1,5,win_w7,37492,84194,2.2456524058465805,219558,1679294,1459736,1459736,0,0.0,0,0,0,0,1679294,22272,12288,1.94770819999394,0.0,,147,147,ok,bf345dd18eb0ff817e64943babe86419f26987ece31ecfa4cc1a5af98be5c162,False
case_096,1,5,win_w14,28105,84194,2.9956947162426615,219558,1278770,1059212,1059212,0,0.0,0,0,0,0,1278770,61440,14336,1.87249409998185,0.0,,77,77,ok,5d53a25766fc94fd0d7a0a3058ad32f656a6b0e9426768d645354ebeb24e6732,False
case_096,1,5,win_w23,27631,84194,3.0470847960623937,219558,1168114,948556,948556,0,0.0,0,0,0,0,1168114,61440,18432,1.5262371000135317,0.0,,66,66,ok,38c4e101364dec40a568eb1989f9c729be514e0840dd89da837cb17f84567d1d,False
case_096,1,5,stageU4_k5,42571,84194,1.9777313194428132,219558,1949950,1730392,1730392,0,0.0,0,0,0,0,1949950,57344,14336,1.7653954999987036,0.0,,214,214,ok,3beaa8deb883699d3957530d9ee92c252ca31f4e623fae21b8f276c34152189f,False
case_096,1,5,stageC5_k4,33247,84194,2.5323788612506393,219558,1322978,1103420,1103420,0,0.0,0,0,0,0,1322978,57344,14336,1.2793918000243139,0.0,,167,167,ok,78845e1798a2257df1890f049fba2ae3bc3f542e89898d4229fcdd292d93444c,False
case_096,1,5,stageU12_k5,55591,84194,1.5145257325826122,219558,2758786,2539228,2539228,0,0.0,0,0,0,0,2758786,22272,12288,2.453761199984001,0.0,,351,351,ok,8b21d697f180c68b607aad132a60a1e3a6297c0c3d0523d9ef6001cc19ee9993,False
case_096,1,5,component_group3,28534,84194,2.950655358519661,219558,472998,253440,253440,0,0.0,0,0,0,0,472998,62208,20480,1.2435229000111576,0.0,,17,17,ok,bb6c27156537066ff884f8d97ebc9a0fdcd9bc72552af4d96fdbe5abdd4b22fd,False
case_096,1,5,component_group4,31342,84194,2.6862995341713996,219558,406758,187200,187200,0,0.0,0,0,0,0,406758,62208,20480,1.0326200999843422,0.0,,13,13,ok,3f359b5931de49c1d3e8eef93257ec2a784a34ed454e8d724aaf99609fa332bb,False
case_096,1,5,component_group5,31415,84194,2.6800572974693617,219558,352614,133056,133056,0,0.0,0,0,0,0,352614,62208,20480,1.0488453000143636,0.0,,10,10,ok,342e593eedf665d2f4defe0950d50eb5e2c8f171346fd334e943ff5ffa1852a0,False
case_096,1,5,component_group6,28702,84194,2.9333844331405476,219558,341094,121536,121536,0,0.0,0,0,0,0,341094,62208,20480,1.3160785000072792,0.0,,9,9,ok,fc39cf6bf69d27acbd03ccc31afc5a5324e75dbe471f70950ba8253efdb3a5d1,False
case_096,1,5,component_group8,31583,84194,2.6658012221764875,219558,341094,121536,121536,0,0.0,0,0,0,0,341094,62208,20480,1.329815300006885,0.0,,7,7,ok,f3eff91f9566351a650989a9e80138f7370b99e9028368a97b0187597923f103,False
case_096,1,5,pipevec_merge,26917,84194,3.1279117286473235,219558,881382,661824,661824,0,0.0,0,0,0,0,881382,61440,20480,1.4617351999913808,0.0,,50,50,ok,5787d52fb8aeaee529153ec5c8030f0c03ed1a536142cb3c2d32e85062327fcf,False
case_096,1,5,membatch_70,27053,84194,3.112187188112224,219558,354342,134784,134784,0,0.0,0,0,0,0,354342,72576,20480,1.009366799989948,0.0,,13,13,ok,40bf8cd833040346b3810e9ed0ba8e6852fe253572dd7af1007bb328f220ab90,False
case_096,1,5,whole_graph,84194,84194,1.0,219558,219558,0,0,0,0.0,0,0,0,0,219558,72576,20480,0.0005706000083591789,0.0,,1,1,ok,16e047183c4e9c17a216bf39485656f0a4a43f3a5b1ece00effaa33234fe58db,True
case_097,1,5,component_round_robin,2102348,11491509,5.466035594487687,5046272,26357760,21311488,17039360,4272128,0.0,0,0,0,0,26357760,524288,0,68.1686324000184,0.0,,5,5,ok,e8b803445d3f8f1f5c17377c4ffefca614efdfe904169779c4ce9dc6536b913e,False
case_097,1,5,component_batches,2109170,11491509,5.448355988374574,5046272,31031296,25985024,25985024,0,0.0,0,0,0,0,31031296,376832,0,8.592154899990419,0.0,,34,34,ok,c5c57d88b0af1366bc777c81fead5f1728c3199135e670454d3762863185f175,False
case_097,1,5,component_batches_128,2123528,11491509,5.411517531202791,5046272,34865152,29818880,29818880,0,0.0,0,0,0,0,34865152,59392,0,6.923446699976921,0.0,,64,64,ok,e683d9f4409fddf6f0f72144d24e75e0630b0b0d16bcbb7b2e3c89fb3ab5a3da,False
case_097,1,5,component_batches_512,2101991,11491509,5.466963940378432,5046272,29114368,24068096,24068096,0,0.0,0,0,0,0,29114368,376832,0,9.357288100000005,0.0,,19,19,ok,1d20aac96fb09d38efc55bc4da610bfc37684de0037b566d7e082a35ec189d31,False
case_097,1,5,component_pipe_lpt,2123528,11491509,5.411517531202791,5046272,34865152,29818880,29818880,0,0.0,0,0,0,0,34865152,59392,0,6.501911700004712,0.0,,64,64,ok,7af9875f4a3392586956d08bbcc5f04649cfb9d0f7f374a9b69aefea76bfc137,False
case_097,1,5,component_comm,2123528,11491509,5.411517531202791,5046272,34865152,29818880,29818880,0,0.0,0,0,0,0,34865152,59392,0,7.0763597000041045,0.0,,64,64,ok,5b8bf3da23405dc88f6da0b0fa6c1aca377a24fbd6a399eb507d7ddde47928ba,False
case_097,1,5,scene_a_peft,2183462,11491509,5.262976410855788,5046272,37371904,32325632,32325632,0,0.0,0,0,0,0,37371904,59392,0,9.25169500001357,0.0,,166,166,ok,6b4469beb7a8006d5b00b74448812b4b02092f9a89982a87c63e45622fdba6f2,False
case_097,1,5,scene_a_spine,2123495,11491509,5.411601628447442,5046272,37371904,32325632,32325632,0,0.0,0,0,0,0,37371904,59392,0,8.92727700000978,0.0,,166,166,ok,6a3d7c47218cce66d5ddfc2fe9c47abc52113327abefe26ae99e840a949b0f46,False
case_097,1,5,weighted_window_20_s1.0,3756873,11491509,3.0587962382545273,5046272,140247040,135200768,135200768,0,0.0,0,0,0,0,140247040,49152,0,85.10891119998996,0.0,,4352,4352,ok,0c110f317e24382299c5af94996c2916a70ca35b061e7e4663cd5342d358dec9,False
case_097,1,5,weighted_window_15_s0.65,4344874,11491509,2.644842865408755,5046272,137101312,132055040,132055040,0,0.0,0,0,0,0,137101312,49152,0,71.32252240000525,0.0,,4224,4224,ok,b9d1baef6fafe8236d2ee030433d540f56f47b965785970b03b99f09dc78476b,False
case_097,1,5,weighted_window_10_s0.35,3652317,11491509,3.1463613372004677,5046272,121372672,116326400,116326400,0,0.0,0,0,0,0,121372672,59392,0,64.38742680000723,0.0,,3584,3584,ok,78c7191f64507e364e5dfdd6ed4df14d2b63fd812d2d6a9acd0c459319fe030b,False
case_097,1,5,critical_cut_b0.16_s1.0,3367606,11491509,3.4123674206543164,5046272,91488256,86441984,86441984,0,0.0,0,0,0,0,91488256,59392,0,38.2122614000109,0.0,,2368,2368,ok,2a5f2f061bec46bab57b9fbe710c2642066d5630585e4693889dcea1e10148a8,False
case_097,1,5,critical_cut_b0.06_s0.35,3727444,11491509,3.082946115354114,5046272,103235584,98189312,98189312,0,0.0,0,0,0,0,103235584,59392,0,48.03873770000064,0.0,,2846,2846,ok,598029b5e583fc39cc5d5812db00cd1ff805e2f4523c5b7c92618fc735fc553a,False
case_097,1,5,win_w5,3664335,11491509,3.1360421468015343,5046272,124518400,119472128,119472128,0,0.0,0,0,0,0,124518400,59392,0,64.39675069999066,0.0,,3712,3712,ok,336daca25fc671232a626361abb1696cc16ba8fd06f4f18542f26b35a10b82c9,False
case_097,1,5,win_w7,3887314,11491509,2.956156616110764,5046272,116654080,111607808,111607808,0,0.0,0,0,0,0,116654080,59392,0,53.80443869999726,0.0,,3392,3392,ok,4184c3f8235214f5e95244bec9e1f22cba0608df1cc6aa7457363a388467a2fc,False
case_097,1,5,win_w14,3435678,11491509,3.344757279349229,5046272,99352576,94306304,94306304,0,0.0,0,0,0,0,99352576,59392,0,47.95102649999899,0.0,,2688,2688,ok,1c908fa818ca9d138a35b01be4421160441aa6ebaf03c812a20583ca7410e263,False
case_097,1,5,win_w23,3252526,11491509,3.533102886802442,5046272,83623936,78577664,78577664,0,0.0,0,0,0,0,83623936,59392,0,35.57509569998365,0.0,,2048,2048,ok,25216f26a5da1a43a5bf1024f6c8e5470b7528c207284b4c3bf21358d40c83af,False
case_097,1,5,stageU4_k5,4075764,11491509,2.8194736005323175,5046272,116654080,111607808,111607808,0,0.0,0,0,0,0,116654080,49152,0,55.30645309999818,0.0,,3392,3392,ok,caec125e889ee7c0103f12e76fa84157103f95ceb067e87bff84dbccc5637a7f,False
case_097,1,5,stageC5_k4,4507100,11491509,2.549645892037008,5046272,111935488,106889216,106889216,0,0.0,0,0,0,0,111935488,59392,0,50.93958000000566,0.0,,3200,3200,ok,3d124c8fa11ee5881352586cc91a2036d8d31991ae028e3b4fafb011f433600c,False
case_097,1,5,stageU12_k5,4105253,11491509,2.7992206570459848,5046272,118226944,113180672,113180672,0,0.0,0,0,0,0,118226944,49152,0,54.42567559998133,0.0,,3456,3456,ok,be14be6c471a6cf03343bd0a4a7264f381940a5eefcc73beeb99379d97479aa8,False
case_097,1,5,component_group3,2425409,11491509,4.737967493317622,5046272,23044096,17997824,17997824,0,0.0,0,0,0,0,23044096,376832,0,7.429055899992818,0.0,,22,22,ok,dab148825bca1f3ab5c64a710997149110e777f4525fa862bb55e7e6670598ef,False
case_097,1,5,component_group4,2583836,11491509,4.447460674748707,5046272,19529728,14483456,14483456,0,0.0,0,0,0,0,19529728,376832,0,7.768730000010692,0.0,,16,16,ok,698175994d676ed426c1185184f9e848b626ec96cc4b1428a228170a74997cfc,False
case_097,1,5,component_group5,2421000,11491509,4.746596034696406,5046272,20488192,15441920,15441920,0,0.0,0,0,0,0,20488192,376832,0,9.829680499999085,0.0,,13,13,ok,6436a695f293d062ea3ceae73b925450e2b10d077cc8ac191b4f183727a677e2,False
case_097,1,5,component_group6,2581443,11491509,4.451583474823964,5046272,19529728,14483456,14483456,0,0.0,0,0,0,0,19529728,376832,0,9.662490100017749,0.0,,11,11,ok,d8c74e275c3ee493aaa3a32a3ecca978a93a51fb11de910e35170f8f66bd8bb9,False
case_097,1,5,component_group8,2579804,11491509,4.454411652978289,5046272,16973824,11927552,11927552,0,0.0,0,0,0,0,16973824,376832,0,11.157093899993924,0.0,,8,8,ok,713890e51dc8bd6b42416a976eed65b5fd1430dbfd7349d4560f3b51c2dc1456,False
case_097,1,5,whole_graph,11491509,11491509,1.0,5046272,15630336,10584064,0,10584064,0.0,0,0,0,0,15630336,524288,0,0.026444599992828444,0.0,,1,1,ok,17f92b0d0cadc5d0d629f64889475a4087742039d26d0dea7006ead9ede741f7,True
case_098,1,5,component_round_robin,104775,177430,1.6934383202099736,697994,697994,0,0,0,0.0,0,0,0,0,697994,229376,40970,0.7373367999971379,0.0,,5,5,ok,f2d4b89c8ecd973a047fe36750370e8290e926ede808b631c19de734310fadfd,False
case_098,1,5,component_lpt,90109,177430,1.9690596943701517,697994,697994,0,0,0,0.0,0,0,0,0,697994,229376,69648,0.8342796999786515,0.0,,5,5,ok,1d742fc0e2bcb1c5d66640ebf88bb25e0adde6ec5adcffe9f401b3c09852ed0b,False
case_098,1,5,component_pipe_balance,90168,177430,1.9677712714044895,697994,697994,0,0,0,0.0,0,0,0,0,697994,229376,57356,0.9759812000265811,0.0,,5,5,ok,1c729cd87b479cee14687bb0277f2ba98301181a25632b0fef8e975add66d5c5,False
case_098,1,5,chain_heft,104383,177430,1.6997978598047574,697994,3614602,2916608,2916608,0,0.0,0,0,0,0,3614602,16384,32768,4.167987100023311,0.0,,540,540,ok,6fb035aa8d5f39b20f90ad4dacfb2f5899c730ff3044daf6d848736f958b91dc,False
case_098,1,5,window8_heft,74013,177430,2.397281558645103,697994,3160898,2462904,2462904,0,0.0,0,0,0,0,3160898,32768,32774,1.5009786000009626,0.0,,98,98,ok,74da293bac8cf9a58937ce86718c4ef8d700d814cf43877f1f6ec682970eee8c,False
case_098,1,5,window10_heft,89156,177430,1.9901072277805196,697994,3106610,2408616,2408616,0,0.0,0,0,0,0,3106610,49152,32774,1.315289699996356,0.0,,95,95,ok,ffa6f140ee83d906f160275ed536bd67a89685f928815fd715358e822e695980,False
case_098,1,5,window16_heft,88309,177430,2.009194985788538,697994,1865466,1167472,1167472,0,0.0,0,0,0,0,1865466,229376,49154,1.6059660000028089,0.0,,51,51,ok,db659871341db666e9407676cb4c0e02f1a1059810d3e8154bdc13c90caa626f,False
case_098,1,5,component_pipe_lpt,90168,177430,1.9677712714044895,697994,697994,0,0,0,0.0,0,0,0,0,697994,229376,40970,1.6900553000159562,0.0,,27,27,ok,24a1bde57d056b0ea4b5aa53b70dc1e55b3766bc8163c858431c222b4c84d09a,False
case_098,1,5,component_comm,89963,177430,1.9722552604959818,697994,697994,0,0,0,0.0,0,0,0,0,697994,229376,40970,1.626432199991541,0.0,,27,27,ok,6b8fa7bf72aed30de03ad3a60663b049db1ca6dfb5bfd3aaf010c92a4f83f9b3,False
case_098,1,5,scene_a_peft,71699,177430,2.4746509714221956,697994,1337206,639212,639212,0,0.0,0,0,0,0,1337206,49152,40970,0.8418444999842905,0.0,,80,80,ok,e99b65033a1d91456a1c6f1fc4f024be1ae3b9a49daf6f3f18ebe2479c996aab,False
case_098,1,5,pipe_lane_pack,106431,177430,1.6670894758106192,697994,3614602,2916608,2916608,0,0.0,0,0,0,0,3614602,16384,32768,3.1761093999957666,0.0,,540,540,ok,0a930384772baa398199e40f0664d35c5a94a4a8168e67dfce09daf4966a68bb,False
case_098,1,5,scene_a_spine,49958,177430,3.5515833299971975,697994,1337206,639212,639212,0,0.0,0,0,0,0,1337206,49152,40970,0.526988400000846,0.0,,80,80,ok,f533dd187a0e059c99574fddbe3781f9e65ba2b6c8be6fc843f45efa7ecd0e1d,False
case_098,1,5,bundle_pack,45965,177430,3.860110953986729,697994,1337250,639256,639256,0,0.0,0,0,0,0,1337250,49152,40970,1.5860466999874916,0.0,,59,59,ok,7d90223402a6a0ed8bf8a1e54a4d3f09938020f785c169645264d24438991794,False
case_098,1,5,weighted_window_20_s1.0,200020,177430,0.8870612938706129,697994,10891666,10193672,10193672,0,0.0,0,0,0,0,10891666,32768,32774,3.7942192000045907,0.0,,378,378,ok,89a52e4ce57c909728c175e7f174c2901920f92a46909d1ca69a56fb65dc1d4a,False
case_098,1,5,weighted_window_15_s0.65,168597,177430,1.0523912050629607,697994,8820522,8122528,8122528,0,0.0,0,0,0,0,8820522,49152,32774,2.9644721999939065,0.0,,302,302,ok,6d8604076071d1575c59621f36ca42a97a14bb44d331e4b6c9b448e4477716a4,False
case_098,1,5,weighted_window_10_s0.35,130316,177430,1.3615365726388164,697994,6217430,5519436,5519436,0,0.0,0,0,0,0,6217430,49152,32774,2.3598126000142656,0.0,,191,191,ok,7808faaf1374d715cbd9f64735d48d9932c18fa062ddf36d44baa712db50f4d2,False
case_098,1,5,critical_cut_b0.16_s1.0,88873,177430,1.996444364430142,697994,2203412,1505418,1505418,0,0.0,0,0,0,0,2203412,49152,32776,2.0373156999994535,0.0,,98,98,ok,a60dafca0f2add8cbf4e22f00deda5338be6f1dafc80d0c84699d5aea2c72ffd,False
case_098,1,5,critical_cut_b0.06_s0.35,96131,177430,1.8457105408244998,697994,3340036,2642042,2642042,0,0.0,0,0,0,0,3340036,180224,49154,1.3908537999959663,0.0,,124,124,ok,bbfaf0abccd4296a23bc7c04d438feaf34c6edc33e43304316cde44cd9ca19aa,False
case_098,1,5,win_w5,97483,177430,1.8201122246955879,697994,4952052,4254058,4254058,0,0.0,0,0,0,0,4952052,32768,32774,1.9120699999912176,0.0,,202,202,ok,7c1c7144567d5fc9ec43d3e14dd1a5d065f3b88a3fae1321654bcbc94e2f7b1c,False
case_098,1,5,win_w7,75608,177430,2.3467093429266743,697994,3800978,3102984,3102984,0,0.0,0,0,0,0,3800978,32768,32774,2.3565553999796975,0.0,,116,116,ok,ab19728beb3f0f8748ac84282341ba305eb53edde072ba61cc218b34676000f0,False
case_098,1,5,win_w14,92563,177430,1.91685662737811,697994,2762506,2064512,2064512,0,0.0,0,0,0,0,2762506,229376,49154,1.1332748999993782,0.0,,59,59,ok,d1420847f65935346651f9ca2a989bd6e93999dd24c4ce1033b60cfa80c2d512,False
case_098,1,5,win_w23,87805,177430,2.0207277489892377,697994,1107662,409668,409668,0,0.0,0,0,0,0,1107662,229376,40970,1.0530087999941316,0.0,,42,42,ok,7188545c5d685254ae81706fd4020abc4d392cb5edd9f84654721fbecdc804f9,False
case_098,1,5,stageU4_k5,87650,177430,2.0243011979463774,697994,3227456,2529462,2529462,0,0.0,0,0,0,0,3227456,212992,49154,0.7769291999866255,0.0,,138,138,ok,76e8b318570e70ae7b77da43e99c0936e0ca346cc26f5950220e086daeae29c2,False
case_098,1,5,stageC5_k4,76367,177430,2.323385755627431,697994,2402634,1704640,1704640,0,0.0,0,0,0,0,2402634,212992,32776,0.9836263000033796,0.0,,155,155,ok,b8a3ac69e389e1e7a693abaf25052229c75e21ce6466262b89c7843f7f20c493,False
case_098,1,5,stageU12_k5,151959,177430,1.1676175810580485,697994,7759532,7061538,7061538,0,0.0,0,0,0,0,7759532,32768,32774,2.833866000000853,0.0,,485,485,ok,5d071279b6ebbe80e388917e9278c68be6e1b39dfb5df137ff5150510446f9bf,False
case_098,1,5,component_group3,92916,177430,1.9095742390976795,697994,697994,0,0,0,0.0,0,0,0,0,697994,229376,69648,0.889523999998346,0.0,,9,9,ok,92271ebb15d1d19a966bbe18e09cc48491c203775c1fec354683542f852c956d,False
case_098,1,5,component_group4,93572,177430,1.896186893515154,697994,697994,0,0,0,0.0,0,0,0,0,697994,229376,94232,1.4478263999917544,0.0,,7,7,ok,dbab89f384114a0f7aa8c39268ee6f9a1be201a08b6cc4aa3e05ed72397571b5,False
case_098,1,5,component_group5,101152,177430,1.754092850363809,697994,697994,0,0,0,0.0,0,0,0,0,697994,229376,69648,1.4423022999835666,0.0,,6,6,ok,2aa950fc8331d71c409e9c17c31bb340c5aac579ce3a737c70af2b7d639bf697,False
case_098,1,5,component_group6,94060,177430,1.8863491388475442,697994,697994,0,0,0,0.0,0,0,0,0,697994,229376,94232,2.010953500022879,0.0,,5,5,ok,43b1d2357ee8f862a8df649ec41dc4c75109593699b18d810625f90f08175f96,False
case_098,1,5,component_group8,109261,177430,1.6239097207603812,697994,697994,0,0,0,0.0,0,0,0,0,697994,229376,110620,1.8268087999895215,0.0,,4,4,ok,83d1c071df5c490102751d77828bb3739289b6917ee3845941e43ea1f0d9a611,False
case_098,1,5,pipevec_merge,89963,177430,1.9722552604959818,697994,697994,0,0,0,0.0,0,0,0,0,697994,229376,40970,1.0914077000052202,0.0,,27,27,ok,56ed759e8271ed643a23f87f6c9d8bb95a2668684f3bdb66c589d3106a90b8a4,False
case_098,1,5,membatch_70,89963,177430,1.9722552604959818,697994,697994,0,0,0,0.0,0,0,0,0,697994,229376,40970,1.4084587000252213,0.0,,19,19,ok,fdcba726222b87fa9002542aca854df250381f092b7ed3864c14b3c3cc95417b,False
case_098,1,5,whole_graph,177430,177430,1.0,697994,697994,0,0,0,0.0,0,0,0,0,697994,229376,110620,0.010261300019919872,0.0,,1,1,ok,74c0b6b89f08aaf334a2ee8003e2858ddc141de7b0acdf68ea5dd6e5dca74d71,True
case_099,1,5,component_round_robin,343415,1622999,4.726057394114992,2534036,13105812,10571776,7618560,2953216,0.0,0,0,0,0,13105812,524288,6144,45.23811440001009,0.0,,5,5,ok,345bc9341f3f758761dbe2d73218ddb65e4ad46f647290905faccc05d00898e6,False
case_099,1,5,component_lpt,339475,1622999,4.780908756167611,2534036,13232788,10698752,7065600,3633152,0.0,0,0,0,0,13232788,524288,6144,47.599270100006834,0.0,,5,5,ok,fad56d43e4cb288428bad63f8078fc23dc4d14095afcdc831a89b3db6a195ea8,False
case_099,1,5,component_pipe_balance,337075,1622999,4.814949195282949,2534036,13232788,10698752,7065600,3633152,0.0,0,0,0,0,13232788,524288,6144,46.1972056000086,0.0,,5,5,ok,c5562336ab091570bbcf1b994122f1dfcf1200ef20622c10360c6cfbaacdae98,False
case_099,1,5,component_batches,336212,1622999,4.827308364960204,2534036,16345748,13811712,13811712,0,0.0,0,0,0,0,16345748,378880,6144,14.02288890001364,0.0,,30,30,ok,43858252dca2480f094baa6bcb4f92c06796682d74a8ca6ca63b339fa19ae6e3,False
case_099,1,5,component_batches_128,347115,1622999,4.675680970283624,2534036,19245716,16711680,16711680,0,0.0,0,0,0,0,19245716,184320,6144,9.44011149997823,0.0,,61,61,ok,32000a2f88ab8c943b3258fdd83e7a336afc6289198fc9371f4270e0bd25c38e,False
case_099,1,5,component_batches_512,334416,1622999,4.853233696952299,2534036,13970068,11436032,11231232,204800,0.0,0,0,0,0,13970068,524288,6144,16.681219000020064,0.0,,15,15,ok,56dba7dff9325a6b2ce43b38d9be45354f7fc9c62deffd0ef57675fdd1490fa1,False
case_099,1,5,component_pipe_lpt,422568,1622999,3.84079958728536,2534036,24160916,21626880,21626880,0,0.0,0,0,0,0,24160916,71680,6144,9.037809400004335,0.0,,202,202,ok,d5169ce43dcb19024469d257d8c49455a46f758282d91779554e3f981579d690,False
case_099,1,5,component_comm,425299,1622999,3.8161364122652532,2534036,24160916,21626880,21626880,0,0.0,0,0,0,0,24160916,71680,6144,9.959963700006483,0.0,,202,202,ok,cac31199f02647f4504d60a6e1f6374f51ae7668e34179b9ce479620a7ef7b4a,False
case_099,1,5,scene_a_peft,427546,1622999,3.7960804217557875,2534036,24259220,21725184,21725184,0,0.0,0,0,0,0,24259220,71680,6144,10.045948399987537,0.0,,208,208,ok,a2807ba52c4fa7a669dd738867803c15507155e00b5f1d2bcc8f4ea70aa33ea7,False
case_099,1,5,scene_a_spine,419572,1622999,3.8682252390531304,2534036,24259220,21725184,21725184,0,0.0,0,0,0,0,24259220,71680,6144,9.639720900013344,0.0,,208,208,ok,4d395beb822991b16c62671fb6d54105e606aa9aeaf0ab84dabcbc76d6e2cf00,False
case_099,1,5,weighted_window_20_s1.0,1012778,1622999,1.6025219742135,2534036,41045016,38510980,38510980,0,0.0,0,0,0,0,41045016,28672,6144,66.53994970000349,0.0,,3853,3853,ok,58a7847a5f02f2bd31fc22f80cf8f45d83783bd203f1e87b00ab56da9772481d,False
case_099,1,5,weighted_window_15_s0.65,987137,1622999,1.644147671498485,2534036,39335896,36801860,36801860,0,0.0,0,0,0,0,39335896,28672,6144,62.64556489998358,0.0,,3580,3580,ok,f5de8f6dbecd9e4c430f711e2aa39ce2013aed3e95b5fa948a9002c94d5d2d58,False
case_099,1,5,weighted_window_10_s0.35,1003898,1622999,1.6166971146471056,2534036,37949208,35415172,35415172,0,0.0,0,0,0,0,37949208,40960,6144,55.40680890000658,0.0,,3379,3379,ok,1d721aacc6ae9990eecab3e704b3f88cb9f43c27893583a2aaede7cae863c117,False
case_099,1,5,critical_cut_b0.16_s1.0,680188,1622999,2.386103547842655,2534036,30177072,27643036,27643036,0,0.0,0,0,0,0,30177072,49152,6144,31.717179200000828,0.0,,1665,1665,ok,a0fc2e89db9853b267411374ff9530f4739f7b0e7a5011e6bbbe8ab4e78f81a8,False
case_099,1,5,critical_cut_b0.06_s0.35,656601,1622999,2.4718192631445888,2534036,34013588,31479552,31479552,0,0.0,0,0,0,0,34013588,49152,6144,49.00934859999688,0.0,,2595,2595,ok,bc77a1b5f85b57ca68ecb445adcd03147f8b6e3bbe4a74b2a1c9c5d1ed015113,False
case_099,1,5,win_w5,641804,1622999,2.5288078603436563,2534036,29676716,27142680,27142680,0,0.0,0,0,0,0,29676716,49152,6144,27.629244600015227,0.0,,1693,1693,ok,c5526bb8d8135b9d11fda8053a74ddb046010771683fbb375d4b4c51f6409f72,False
case_099,1,5,win_w7,468149,1622999,3.466842821409423,2534036,26459420,23925384,23925384,0,0.0,0,0,0,0,26459420,49152,6144,17.025660199986305,0.0,,809,809,ok,066ea102b2ff1fe0dc1a528477ee19f4b892250b11d0728b83ca555274ad265e,False
case_099,1,5,win_w14,419457,1622999,3.869285767075052,2534036,24168440,21634404,21634404,0,0.0,0,0,0,0,24168440,71680,6144,10.62075209998875,0.0,,240,240,ok,af1f8044f14c389f47f9cabfd5d5691591cab018684864626f000f67534e1430,False
case_099,1,5,stageU4_k5,968127,1622999,1.6764319144079238,2534036,36670868,34136832,34136832,0,0.0,0,0,0,0,36670868,40960,6144,49.03536229999736,0.0,,3012,3012,ok,58c4df36f8e3ea1841bd1c354f4cd7c6b1a17c70b104f58adc5809669347a168,False
case_099,1,5,stageC5_k4,806349,1622999,2.012774865473883,2534036,34680212,32146176,32146176,0,0.0,0,0,0,0,34680212,40960,6144,50.01161479999428,0.0,,2616,2616,ok,62f26ab229e1eb4d84302475d51aacab4bca4aa736b5d57a7651530d1b32b5b6,False
case_099,1,5,stageU12_k5,1011116,1622999,1.6051560849595892,2534036,38867348,36333312,36333312,0,0.0,0,0,0,0,38867348,32768,6144,59.006377899990184,0.0,,3434,3434,ok,c8fa61d55af6494c59e9a8077098493d1fb3bf408cb7bd57433ff6fa1f6e0225,False
case_099,1,5,whole_graph,1622999,1622999,1.0,2534036,8018580,5484544,0,5484544,0.0,0,0,0,0,8018580,524288,6144,0.024656099994899705,0.0,,1,1,ok,a12cff60951bd51de2600c6e4b74637cb16871be877599fad3f5243f2c01466a,True
case_100,1,5,component_round_robin,73780,151223,2.049647600975874,454598,743366,288768,288768,0,0.0,0,0,0,0,743366,229376,81920,0.8757418999739457,0.0,,5,5,ok,3a3009a3d47a17ae9ff746b5e6e4a4ad5283be7a92b95773023f94eec5919d32,False
case_100,1,5,component_lpt,58326,151223,2.592720227685766,454598,671174,216576,216576,0,0.0,0,0,0,0,671174,229376,81920,0.9651466000068467,0.0,,5,5,ok,8aba017412283213a4493d09dc976175568bcfd8db7a5cac44ae234641d53d46,False
case_100,1,5,component_pipe_balance,58085,151223,2.603477662047,454598,666566,211968,211968,0,0.0,0,0,0,0,666566,229376,81920,1.519183399999747,0.0,,5,5,ok,95004f344641d69b9c1a16a6ecef819de5fe68bb2f2de7eeb73376e4858a0e74,False
case_100,1,5,chain_heft,99977,151223,1.5125778929153706,454598,4015542,3560944,3560944,0,0.0,0,0,0,0,4015542,29952,32768,6.578611000004457,0.0,,651,651,ok,4f664ed14bc1f4e68df66971e92c5cd9524f65470ce4dbf9ee196166ad8614df,False
case_100,1,5,window8_heft,71719,151223,2.1085486412247803,454598,3146514,2691916,2691916,0,0.0,0,0,0,0,3146514,229376,49154,1.4195389000233263,0.0,,99,99,ok,d82fa8752cd82592fdea414770aef2b649030c77fb184432461ef088f94ffd2c,False
case_100,1,5,window10_heft,61174,151223,2.472014254421813,454598,2364078,1909480,1909480,0,0.0,0,0,0,0,2364078,229376,49154,1.9840380999958143,0.0,,128,128,ok,06cb9b216057d9e9d51a33e070a76fc46932a7c15ed88c1387ab830a5ec44541,False
case_100,1,5,window16_heft,60409,151223,2.5033190418646227,454598,1862422,1407824,1407824,0,0.0,0,0,0,0,1862422,229376,57344,1.8680942000064533,0.0,,68,68,ok,73d66a21bbb423e08707adf8d9e3c726bd4444b87a0a21cfa1a4ede1185a6de6,False
case_100,1,5,component_pipe_lpt,57791,151223,2.616722327005935,454598,989126,534528,534528,0,0.0,0,0,0,0,989126,229376,81920,0.9202078999951482,0.0,,43,43,ok,aced4f94f929a613b7d2893a09848affaeafe447547d297c3eb119c77a7bf22a,False
case_100,1,5,component_comm,72444,151223,2.087446855502181,454598,989126,534528,534528,0,0.0,0,0,0,0,989126,229376,81920,1.6521563999995124,0.0,,43,43,ok,a04216c979573f7f38c0c0adb1f42f0983ad5a04ecbbbab101b086113a5824e7,False
case_100,1,5,scene_a_peft,65308,151223,2.3155356158510445,454598,1030598,576000,576000,0,0.0,0,0,0,0,1030598,229376,81920,1.801598299993202,0.0,,45,45,ok,b232a341df8c364d8276dbdb0c019fda15a4c7d8b80af815a929fce5e2dc436d,False
case_100,1,5,pipe_lane_pack,109811,151223,1.3771206891841437,454598,4015542,3560944,3560944,0,0.0,0,0,0,0,4015542,29952,32768,4.342116599989822,0.0,,651,651,ok,6b7e5ba51a14499d6dbfeb702a2043c57a1a566b681259c7dd592908f3372737,False
case_100,1,5,scene_a_spine,59649,151223,2.5352143372059883,454598,1030598,576000,576000,0,0.0,0,0,0,0,1030598,229376,81920,1.6794039999949746,0.0,,45,45,ok,0b27411189b2e1e322e7045ae29e2d3b61bea9440e2260a3f20396336f91f3f8,False
case_100,1,5,bundle_pack,43301,151223,3.4923673818156624,454598,1906958,1452360,1452360,0,0.0,0,0,0,0,1906958,29952,81920,1.4284407999948598,0.0,,72,72,ok,1815f0d64ab2ac15fe0df5cc9ced5e58b20a651e90233a76a003d1ce9254e846,False
case_100,1,5,weighted_window_20_s1.0,172512,151223,0.8765940920051939,454598,8985886,8531288,8531288,0,0.0,0,0,0,0,8985886,29952,40960,3.60946109998622,0.0,,428,428,ok,25435c0bea8b4e578dbf608afdd984233dfbf4e89f781741ae92684938d5a042,False
case_100,1,5,weighted_window_15_s0.65,152698,151223,0.9903404104834379,454598,7885642,7431044,7431044,0,0.0,0,0,0,0,7885642,29952,40960,2.480670499993721,0.0,,296,296,ok,b8803a2a7eca6c64a49c138692ab543e5609f23ffeae1e5144beca020bdd23dc,False
case_100,1,5,weighted_window_10_s0.35,116197,151223,1.3014363537784968,454598,5781062,5326464,5326464,0,0.0,0,0,0,0,5781062,32768,40960,1.5133936000056565,0.0,,189,189,ok,d006740d60224c4df5dd6624357aef5e7db1cc11786f59c1ca56cdb4c0eb8ad5,False
case_100,1,5,critical_cut_b0.16_s1.0,60113,151223,2.515645534243841,454598,1608490,1153892,1153892,0,0.0,0,0,0,0,1608490,229376,57344,1.973792200005846,0.0,,90,90,ok,3825f1289c4119844dba0303bea979929807106d0db460008f6ed523b1e4ca24,False
case_100,1,5,critical_cut_b0.06_s0.35,57457,151223,2.6319334458812675,454598,2493788,2039190,2039190,0,0.0,0,0,0,0,2493788,229376,49152,1.1959123999986332,0.0,,83,83,ok,5781603f518d3f57dad6cade09538cb164a5317bc143482d4881abfa30aaa234,False
case_100,1,5,win_w5,70169,151223,2.1551254827630437,454598,3731954,3277356,3277356,0,0.0,0,0,0,0,3731954,32768,40960,1.694286700017983,0.0,,266,266,ok,be44c716a66053f2392bcb354401fd6280b0b3febc7d793954440dd7024b2c37,False
case_100,1,5,win_w7,62466,151223,2.420884961419012,454598,2525910,2071312,2071312,0,0.0,0,0,0,0,2525910,29952,49152,1.4770864000020083,0.0,,128,128,ok,933a5cae9455bae1ac0d18f19cf8b0e15f065de0b7b074bffb7ce07394d74983,False
case_100,1,5,win_w14,60402,151223,2.503609152014834,454598,1699790,1245192,1245192,0,0.0,0,0,0,0,1699790,229376,57344,1.6440902999893297,0.0,,87,87,ok,28f9e8357fc2b9b2a98f5c45eefef2deb1b2d01b6318444994959d7136cd19be,False
case_100,1,5,win_w23,60303,151223,2.507719350612739,454598,1884230,1429632,1429632,0,0.0,0,0,0,0,1884230,229376,73728,1.844507599977078,0.0,,53,53,ok,87948250d4dc33d169b12a4c798d2aa2ac3d140ac356f5b15d7889a5464fe1d3,False
case_100,1,5,stageU4_k5,72092,151223,2.0976391277811683,454598,3480414,3025816,3025816,0,0.0,0,0,0,0,3480414,229376,49154,3.2120402000145987,0.0,,311,311,ok,be23a051eed25476cab2b4208ddb0dbdd8b640b97d814f7f78ef248ceff51bef,False
case_100,1,5,stageC5_k4,63053,151223,2.398347422010055,454598,2562258,2107660,2107660,0,0.0,0,0,0,0,2562258,229376,40960,1.733628600020893,0.0,,225,225,ok,b8938c1577519bc7d1761ef9619246e3e6e61473ab9e2bd43910bde17eb10d8f,False
case_100,1,5,stageU12_k5,128975,151223,1.1724985462298896,454598,6053376,5598778,5598778,0,0.0,0,0,0,0,6053376,32768,40960,5.232813999988139,0.0,,719,719,ok,470a3b03e87b29426661c44fbd051b4e97f73d71d40db0da65ef32d94db89243,False
case_100,1,5,component_group3,59252,151223,2.5522007695942754,454598,666566,211968,211968,0,0.0,0,0,0,0,666566,229376,81920,0.9073676999832969,0.0,,15,15,ok,fddb62ad401220a9019c9b5169e0a4b54f5165e896378ca54c16843a6c447104,False
case_100,1,5,component_group4,60172,151223,2.513178887190055,454598,598982,144384,144384,0,0.0,0,0,0,0,598982,229376,81920,1.874197799974354,0.0,,11,11,ok,19993640211d0304fc2e86c900fbfe4e52321b2a0eaac5f39fb1dd2757715656,False
case_100,1,5,component_group5,61542,151223,2.4572324591336,454598,594374,139776,139776,0,0.0,0,0,0,0,594374,229376,81920,1.3162934000138193,0.0,,9,9,ok,578080de47cd024ea90c4e9399d3d64acbb88d467bcd2b67c0deb20e71d439e6,False
case_100,1,5,component_group6,61445,151223,2.4611115631865896,454598,582086,127488,127488,0,0.0,0,0,0,0,582086,229376,81920,1.5357735000143293,0.0,,8,8,ok,d10f026fff6a83418a20b7dcdadac532cfb65e83b4406b6a0f6f607716e5d1be,False
case_100,1,5,component_group8,64006,151223,2.362637877698966,454598,526790,72192,72192,0,0.0,0,0,0,0,526790,229376,81920,1.8326926000008825,0.0,,6,6,ok,7aaa61213151a91c2f3d42f27ac99137ff0e771b6624ce64399043462ab5e161,False
case_100,1,5,pipevec_merge,57848,151223,2.614143963490527,454598,989126,534528,534528,0,0.0,0,0,0,0,989126,229376,81920,1.339752400002908,0.0,,43,43,ok,ef599df3a22e651c18768751a0dfc0f9ab658b001ad4a0fd0852c01b85def5d0,False
case_100,1,5,membatch_70,60697,151223,2.491441092640493,454598,666566,211968,211968,0,0.0,0,0,0,0,666566,229376,81920,1.572848600015277,0.0,,12,12,ok,76d22d404c42942652015568599a2c0b828bfea2a9bdd60bab09a42c3de9507a,False
case_100,1,5,whole_graph,151223,151223,1.0,454598,454598,0,0,0,0.0,0,0,0,0,454598,229376,81920,0.0005066999874543399,0.0,,1,1,ok,87a807082594cd1500c03839e4106ae4721aecf35c4cbe622e824d2d759c8257,True
