case,cores,single_makespan,baseline_makespan,makespan,external_makespan,baseline_speedup,speedup,external_speedup,baseline_added_bytes,added_bytes,external_added_bytes,spill_added_bytes,partition_added_bytes,mean_speedup_loss_contribution,gate,tasks,used_cores,solve_seconds,validation_seconds,local_prepare_seconds,best_candidate,noncopy_ops,components,max_depth,largest_component_node_fraction,largest_component_work_fraction
case_001,2,233110,123018,116868,116868,1.8949259457965502,1.9946435294520313,1.9946435294520313,265344,1152,1152,0,1152,0.0,eligible,2,2,2.624766645953059,0.26255835965275764,0.2569455672055483,structural_component_lpt,600,200,2,0.005,0.005
case_001,3,233110,85849,78545,78545,2.715349043087281,2.9678528232223567,2.9678528232223567,241920,2304,2304,0,2304,0.0,eligible,3,3,2.5175447799265385,0.21985352970659733,0.3310839645564556,structural_component_lpt,600,200,2,0.005,0.005
case_001,4,233110,67883,58984,58984,3.4339967296672214,3.952088702020887,3.952088702020887,470400,3456,3456,0,3456,0.0,eligible,4,4,2.031005833297968,0.16021381132304668,0.19588794000446796,structural_component_lpt,600,200,2,0.005,0.005
case_001,5,233110,50223,47502,47502,4.641498914839814,4.9073723211654245,4.9073723211654245,45312,4608,4608,0,4608,0.0,eligible,5,5,1.6499286144971848,0.17337201721966267,0.1619210373610258,structural_component_lpt,600,200,2,0.005,0.005
case_002,2,261945,138077,138077,133697,1.8970936506442058,1.8970936506442058,1.9592436629094145,477696,477696,27648,0,477696,0.0006215001226520878,insufficient_independent_components,30,2,4.366767844185233,0.2804389800876379,0,directed_split,1798,1,23,1.0,1.0
case_002,3,261945,95931,95931,93813,2.730556337367483,2.730556337367483,2.792203639154488,532992,532992,27648,0,532992,0.0006164730178700539,insufficient_independent_components,28,3,5.2577595468610525,0.5532450880855322,0,local_reschedule,1798,1,23,1.0,1.0
case_002,4,261945,74618,74618,93916,3.5104800450293494,3.5104800450293494,2.789141360364581,536064,536064,27648,0,536064,-0.007213386846647682,insufficient_independent_components,59,4,3.613262999802828,0.6183187123388052,0,directed_split,1798,1,23,1.0,1.0
case_002,5,261945,60651,60651,86435,4.3188900430330905,4.3188900430330905,3.030543182738474,536064,536064,640512,0,536064,-0.012883468602946167,insufficient_independent_components,59,5,4.54593288898468,0.600186999887228,0,directed_split,1798,1,23,1.0,1.0
case_003,2,602212,462800,462800,406278,1.3012359550561798,1.3012359550561798,1.4822658376776492,8565562,8565562,6325946,0,8565562,0.0018102988262146936,dominant_component,421,2,68.50395506620407,11.566215224564075,0,region_boundary_13578_0,13455,10,304,0.9806020066889632,0.8531484413094738
case_003,3,602212,378576,378576,333769,1.5907294704365833,1.5907294704365833,1.8042778089037628,9989392,9989392,6325946,0,9989392,0.0021354833846717945,dominant_component,842,3,78.74862955883145,19.812512217089534,0,directed_split,13455,10,304,0.9806020066889632,0.8531484413094738
case_003,4,602212,329107,329107,301609,1.8298364969447627,1.8298364969447627,1.9966645557659088,11891502,11891502,6325946,0,11891502,0.0016682805882114616,dominant_component,1682,4,75.50931271351874,32.139476692304015,0,grain_0.25,13455,10,304,0.9806020066889632,0.8531484413094738
case_003,5,602212,294109,294109,287876,2.047580998881367,2.047580998881367,2.0919145743306147,11891502,11891502,6325946,0,11891502,0.00044333575449247766,dominant_component,1682,5,75.83214966021478,34.028221275657415,0,grain_0.25,13455,10,304,0.9806020066889632,0.8531484413094738
case_004,2,392357,223999,199074,199074,1.7516015696498646,1.9709103147573264,1.9709103147573264,3775488,110592,110592,0,110592,0.0,eligible,2,2,3.4190467093139887,0.2673235908150673,0.3831786196678877,structural_component_lpt,777,111,5,0.009009009009009009,0.009009009009009009
case_004,3,392357,154080,134043,134043,2.54644989615784,2.927098020784375,2.927098020784375,3812352,221184,221184,0,221184,0.0,eligible,3,3,2.645970232784748,0.20724314264953136,0.3627854008227587,structural_component_lpt,777,111,5,0.009009009009009009,0.009009009009009009
case_004,4,392357,132261,104188,104188,2.966535864691784,3.765855952700887,3.765855952700887,3978240,331776,331776,0,331776,0.0,eligible,4,4,3.2467778120189905,0.22330251894891262,0.34464913979172707,structural_component_lpt,777,111,5,0.009009009009009009,0.009009009009009009
case_004,5,392357,110692,88341,88341,3.544583167708597,4.441391879195391,4.441391879195391,4171776,442368,442368,0,442368,0.0,eligible,5,5,2.7405906040221453,0.21260090358555317,0.30462550558149815,structural_component_lpt,777,111,5,0.009009009009009009,0.009009009009009009
case_005,2,95618,91571,91571,73560,1.0441952146421902,1.0441952146421902,1.2998640565524742,2718104,2718104,1551834,0,2718104,0.0025566884191028393,insufficient_independent_components,129,2,17.311176290735602,2.0293394066393375,0,grain_1.0,4113,1,137,1.0,1.0
case_005,3,95618,88392,88392,65325,1.0817494795909133,1.0817494795909133,1.4637275162648298,2736536,2736536,1551834,0,2736536,0.003819780366739165,insufficient_independent_components,130,3,18.439715890213847,2.2081554029136896,0,directed_split,4113,1,137,1.0,1.0
case_005,4,95618,87624,87624,63407,1.0912307130466539,1.0912307130466539,1.5080038481555664,2736440,2736440,1551834,0,2736440,0.004167731351089126,insufficient_independent_components,130,4,17.665960654616356,2.251702966168523,0,region_boundary_2838_0,4113,1,137,1.0,1.0
case_005,5,95618,87840,87840,62867,1.088547358834244,1.088547358834244,1.5209569408433679,2736440,2736440,1551834,0,2736440,0.004324095820091238,insufficient_independent_components,130,5,20.898987216874957,1.9687019418925047,0,region_boundary_2838_0,4113,1,137,1.0,1.0
case_006,2,82837,45330,42379,42379,1.8274211339069049,1.9546709455154676,1.9546709455154676,566668,56200,56200,12296,43904,0.0,eligible,2,2,2.189514083787799,0.17969403974711895,0.5866384413093328,structural_component_lpt,678,27,21,0.20058997050147492,0.3893446305924642
case_006,3,82837,31819,31819,31152,2.603381627329583,2.603381627329583,2.659123009758603,582028,582028,43904,0,582028,0.0005574138242901983,dominant_component,23,3,2.5406300090253353,0.19816180877387524,0,local_reschedule,678,27,21,0.20058997050147492,0.3893446305924642
case_006,4,82837,31094,31094,27328,2.6640831028494243,2.6640831028494243,3.0312134074941453,533902,533902,511204,0,533902,0.0036713030464472097,dominant_component,22,4,2.485897606238723,0.2212083898484707,0,local_reschedule,678,27,21,0.20058997050147492,0.3893446305924642
case_006,5,82837,32579,32579,27728,2.5426501734245988,2.5426501734245988,2.9874855741488746,566668,566668,511204,0,566668,0.004448354007242758,dominant_component,22,5,2.5809013191610575,0.21873870491981506,0,grain_1.0,678,27,21,0.20058997050147492,0.3893446305924642
case_007,2,1012562,554554,507494,507494,1.8259033385387176,1.9952196479170197,1.9952196479170197,3703296,27648,27648,0,27648,0.0,eligible,2,2,26.443496899679303,3.32586389221251,3.226107018068433,structural_component_lpt,3885,555,5,0.0018018018018018018,0.0018018018018018018
case_007,3,1012562,383009,338094,338094,2.6437028894882366,2.994912657426633,2.994912657426633,3675648,55296,55296,0,55296,0.0,eligible,3,3,25.085573632270098,3.3079977855086327,2.9582178480923176,structural_component_lpt,3885,555,5,0.0018018018018018018,0.0018018018018018018
case_007,4,1012562,289431,254398,254398,3.4984573179790694,3.980227831979811,3.980227831979811,3821568,82944,82944,0,82944,0.0,eligible,4,4,19.776766760274768,1.4900014195591211,2.3067514058202505,structural_component_lpt,3885,555,5,0.0018018018018018018,0.0018018018018018018
case_007,5,1012562,240492,203834,203834,4.210377060359596,4.967581463347626,4.967581463347626,4365312,110592,110592,0,110592,0.0,eligible,5,5,22.367192938923836,2.1270392909646034,1.8305966686457396,structural_component_lpt,3885,555,5,0.0018018018018018018,0.0018018018018018018
case_008,2,487605,253697,244266,244266,1.9219975009558647,1.9962049568912579,1.9962049568912579,73728,0,0,0,0,0.0,eligible,2,2,4.3908996023237705,0.47288297303020954,0.6658067423850298,structural_component_lpt,864,108,7,0.009259259259259259,0.009259259259259259
case_008,3,487605,171575,163359,163359,2.841935013842343,2.984867684057811,2.984867684057811,0,0,0,0,0,0.0,eligible,3,3,4.36020446382463,0.4162534140050411,0.6341550517827272,structural_component_lpt,864,108,7,0.009259259259259259,0.009259259259259259
case_008,4,487605,135279,123060,123060,3.604439713481028,3.962335446123842,3.962335446123842,0,0,0,0,0,0.0,eligible,4,4,4.193136030808091,0.341929292306304,0.6101842783391476,structural_component_lpt,864,108,7,0.009259259259259259,0.009259259259259259
case_008,5,487605,116950,100603,100603,4.169345874305258,4.846823653370178,4.846823653370178,0,0,0,0,0,0.0,eligible,5,5,4.256716508418322,0.3555732797831297,0.6049348991364241,structural_component_lpt,864,108,7,0.009259259259259259,0.009259259259259259
case_009,2,153261,132262,132262,92198,1.1587682025071449,1.1587682025071449,1.66230286991041,1481610,1481610,0,0,1481610,0.005035346674032652,dominant_component,178,2,21.621042976155877,3.047417664900422,0,grain_1.0,5671,25,365,0.8418268383001234,0.5816528070316087
case_009,3,153261,117616,117616,91440,1.3030625085022447,1.3030625085022447,1.6760826771653543,1951934,1951934,809214,0,1951934,0.003730201686631096,dominant_component,357,3,25.619274413213134,2.842225942760706,0,directed_split,5671,25,365,0.8418268383001234,0.5816528070316087
case_009,4,153261,117873,117873,83225,1.3002214247537605,1.3002214247537605,1.8415259837789126,1951422,1951422,809214,0,1951422,0.005413045590251522,dominant_component,357,4,26.880288230255246,4.464797679334879,0,directed_split,5671,25,365,0.8418268383001234,0.5816528070316087
case_009,5,153261,120100,120100,75973,1.2761115736885928,1.2761115736885928,2.017308780751056,1948354,1948354,809214,0,1948354,0.007411972070624633,dominant_component,356,5,28.247484385967255,3.317142678424716,0,region_boundary_4929_0,5671,25,365,0.8418268383001234,0.5816528070316087
case_010,2,86969,48487,45626,45626,1.7936560315136016,1.9061280848638933,1.9061280848638933,586384,48384,48384,0,48384,0.0,eligible,2,2,2.2100222017616034,0.2580492403358221,0.5356429796665907,structural_component_pipe,667,36,61,0.19940029985007496,0.3616847347636894
case_010,3,86969,39104,39104,30856,2.224043576104746,2.224043576104746,2.8185442053409386,586384,586384,48384,0,586384,0.0059450062923619255,dominant_component,21,3,1.773951904848218,0.19792928360402584,0,grain_1.0,667,36,61,0.19940029985007496,0.3616847347636894
case_010,4,86969,33256,33256,29856,2.6151371181140246,2.6151371181140246,2.9129488210075025,590172,590172,96768,0,590172,0.0029781170289347792,dominant_component,16,4,2.3752479441463947,0.18825657851994038,0,random_boundary,667,36,61,0.19940029985007496,0.3616847347636894
case_010,5,86969,28842,28842,30234,3.0153595451078288,3.0153595451078288,2.876529734735728,958646,958646,710360,0,958646,-0.0013882981037210084,dominant_component,84,5,2.555865593254566,0.31039637699723244,0,grain_0.25,667,36,61,0.19940029985007496,0.3616847347636894
case_011,2,184697,102580,92646,92646,1.800516669916163,1.9935777043801135,1.9935777043801135,2957312,180224,180224,0,180224,0.0,eligible,2,2,3.372195603325963,0.19146642088890076,0.39748467318713665,structural_component_lpt,688,16,21,0.0625,0.0625
case_011,3,184697,77052,69625,69625,2.397043555001817,2.6527396768402154,2.6527396768402154,3284992,1081344,1081344,0,1081344,0.0,eligible,3,3,3.4468317050486803,0.3620516359806061,0.47156263142824173,structural_component_lpt,688,16,21,0.0625,0.0625
case_011,4,184697,69067,46880,46880,2.6741714567014636,3.9397824232081913,3.9397824232081913,3276800,540672,540672,0,540672,0.0,eligible,4,4,2.8942015804350376,0.27446142584085464,0.2525848690420389,structural_component_lpt,688,16,21,0.0625,0.0625
case_011,5,184697,69067,47047,47287,2.6741714567014636,3.9257976066486706,3.905872649988369,3276800,1630208,1622016,0,1630208,-0.00019924956660301695,eligible,6,5,2.4536536578089,0.28801950067281723,0.3014999069273472,directed_split,688,16,21,0.0625,0.0625
case_012,2,59088,31452,29489,30094,1.8786722624952308,2.0037302044830274,1.9634478633614674,231542,71816,28800,0,71816,-0.0004028234112156004,eligible,3,2,5.1940299943089485,0.5055498369038105,1.3800301030278206,region_boundary_1039_0,972,50,18,0.10082304526748971,0.18342843140686807
case_012,3,59088,24032,20230,20637,2.458721704394141,2.9208106772120614,2.8632068614624218,308780,43320,39168,0,43320,-0.0005760381574963969,eligible,5,3,3.4529920294880867,0.31452324241399765,0.9452290907502174,region_repartition_2_0,972,50,18,0.10082304526748971,0.18342843140686807
case_012,4,59088,19733,15724,16168,2.994374904981503,3.7578224370389215,3.6546264225630876,308780,86400,49536,0,86400,-0.0010319601447583394,eligible,5,4,4.04251872561872,0.5350305866450071,0.9041005298495293,region_boundary_157_0,972,50,18,0.10082304526748971,0.18342843140686807
case_012,5,59088,17653,13406,13406,3.3471931116524103,4.407578696106221,4.407578696106221,308780,53568,53568,0,53568,0.0,eligible,5,5,5.2331095188856125,0.33072344586253166,1.428826980292797,structural_component_lpt,972,50,18,0.10082304526748971,0.18342843140686807
case_013,2,263949,150293,132198,132198,1.7562294983798314,1.9966187083011846,1.9966187083011846,2646016,8192,8192,0,8192,0.0,eligible,2,2,13.297433607280254,1.9867375418543816,1.2734095267951488,structural_component_lpt,1968,246,3,0.0040650406504065045,0.0040650406504065045
case_013,3,263949,113875,88351,88351,2.3178836443468716,2.98750438591527,2.98750438591527,3037184,16384,16384,0,16384,0.0,eligible,3,3,13.40358193591237,1.337986895814538,1.4197251237928867,structural_component_lpt,1968,246,3,0.0040650406504065045,0.0040650406504065045
case_013,4,263949,88543,66982,66982,2.9810261680765278,3.9405959810098237,3.9405959810098237,2646016,24576,24576,0,24576,0.0,eligible,4,4,13.141944978386164,1.108208267018199,1.5509620793163776,structural_component_lpt,1968,246,3,0.0040650406504065045,0.0040650406504065045
case_013,5,263949,88581,54363,54363,2.9797473498831577,4.855305998565201,4.855305998565201,2648064,32768,32768,0,32768,0.0,eligible,5,5,12.665459923446178,0.6790740601718426,1.5342041235417128,structural_component_lpt,1968,246,3,0.0040650406504065045,0.0040650406504065045
case_014,2,17698626,9789960,8909568,8809441,1.807834352745057,1.9864740916731316,2.0090521067114246,192577700,69998520,100009368,60105312,9893208,0.00022578015038293042,eligible,2,2,371.359644819051,2379.213624594733,76.26217641867697,structural_component_round_robin,35705,1340,123,0.0034729029547682397,0.0020271978900422787
case_014,3,17698626,6951364,6002519,5934863,2.546065203893797,2.9485331075170276,2.982145670422384,193506212,84088488,98997144,64302072,19786416,0.00033612562905356304,eligible,3,3,407.54173647612333,2527.513170449063,114.4642285220325,structural_component_pipe,35705,1340,123,0.0034729029547682397,0.0020271978900422787
case_014,4,17698626,5547598,4543360,4513468,3.190322370150108,3.8954927630652203,3.921292008717022,192767396,76510104,101075352,48305040,28205064,0.00025799245651801693,eligible,4,4,361.9852443449199,2347.9648358952254,73.8678122125566,structural_component_round_robin,35705,1340,123,0.0034729029547682397,0.0020271978900422787
case_014,5,17698626,4697656,3694137,3678253,3.7675440687866457,4.791004231840887,4.811693486010886,193966244,88763688,104708616,52398024,36365664,0.00020689254169998784,eligible,5,5,381.7868993766606,2409.046391716227,82.49674797616899,structural_component_round_robin,35705,1340,123,0.0034729029547682397,0.0020271978900422787
case_015,2,177362,93955,90480,90480,1.8877334894364324,1.960234305923961,1.960234305923961,1044220,199944,199944,90120,109824,0.0,eligible,2,2,5.4683409743011,0.5436542239040136,1.7227900307625532,structural_component_lpt,1013,46,28,0.14313919052319843,0.1764072667456881
case_015,3,177362,87939,61018,60815,2.0168753340383674,2.906716051001344,2.9164186467154485,1038332,298252,212736,90124,208128,9.702595714104589e-05,eligible,3,3,4.171139957383275,0.5742413159459829,0.9172959346324205,structural_component_pipe,1013,46,28,0.14313919052319843,0.1764072667456881
case_015,4,177362,74224,48866,48866,2.3895505496874327,3.6295583841525807,3.6295583841525807,2845122,365824,365824,40960,324864,0.0,eligible,4,4,5.520855784416199,0.5337915234267712,1.5932099781930447,structural_component_lpt,1013,46,28,0.14313919052319843,0.1764072667456881
case_015,5,177362,71787,44068,42569,2.4706701770515553,4.024734501225379,4.166459160421903,2845122,331776,326144,0,331776,0.0014172465919652399,eligible,5,5,5.2258798480033875,0.524424409493804,1.0459831431508064,structural_component_lpt,1013,46,28,0.14313919052319843,0.1764072667456881
case_016,2,7715523,5440637,5440637,5619775,1.4181286125135715,1.4181286125135715,1.3729238270215445,134500220,134500220,119572408,0,134500220,-0.00045204785492027,insufficient_independent_components,2251,2,100.2206537052989,54.39442327991128,0,directed_split,17995,1,2439,1.0,1.0
case_016,3,7715523,4478897,4478897,4734206,1.7226390783266505,1.7226390783266505,1.6297396015298025,134500220,134500220,119572408,0,134500220,-0.0009289947679684807,insufficient_independent_components,2251,3,99.778130447492,43.89784846827388,0,directed_split,17995,1,2439,1.0,1.0
case_016,4,7715523,4266542,4266542,4545411,1.808378541685515,1.808378541685515,1.6974313213920589,134500220,134500220,119572408,0,134500220,-0.0011094722029345605,insufficient_independent_components,2251,4,96.04565201513469,45.11484324373305,0,directed_split,17995,1,2439,1.0,1.0
case_016,5,7715523,4158373,4158373,4082154,1.8554186938016384,1.8554186938016384,1.8900617174168344,134500220,134500220,119572408,0,134500220,0.00034643023615196,insufficient_independent_components,2251,5,108.08373861946166,47.8468359336257,0,directed_split,17995,1,2439,1.0,1.0
case_017,2,162810,86968,81117,81776,1.872067887038911,2.0071008543215356,1.99092643318333,445936,110100,87552,0,110100,-0.00016174421138205554,eligible,3,2,7.828065851703286,0.7216221746057272,2.7378992028534412,directed_split,1373,60,17,0.11798980335032774,0.04447488526017296
case_017,3,162810,58877,53799,49383,2.7652563819488085,3.0262644287068534,3.296883542919628,427492,196920,175104,0,196920,0.0027061911421277472,eligible,5,3,8.269366951659322,0.714910052716732,2.5891609247773886,region_repartition_2_0,1373,60,17,0.11798980335032774,0.04447488526017296
case_017,4,162810,58607,41101,39733,2.7779958025491833,3.961217488625581,4.097601489945386,1472406,285984,259200,0,285984,0.0013638400131980478,eligible,6,4,8.276203339919448,0.9005264844745398,2.410427814349532,region_repartition_2_0,1373,60,17,0.11798980335032774,0.04447488526017296
case_017,5,162810,49911,33081,33998,3.262006371340987,4.921556180284756,4.788811106535679,1472406,359460,340992,0,359460,-0.0013274507374907696,eligible,7,5,8.280238803476095,0.7553055994212627,2.3543717712163925,region_repartition_2_0,1373,60,17,0.11798980335032774,0.04447488526017296
case_018,2,1004367,560808,501235,504287,1.7909284460991997,2.003784651909783,1.9916575283519107,8809488,2622524,2880512,528384,2094140,-0.00012127123557872376,eligible,3,2,15.694281237199903,3.394215414300561,2.9485196005553007,directed_split,2727,126,27,0.021635496883021636,0.027036250416544547
case_018,3,1004367,392394,336388,339082,2.5595880670958273,2.9857396815582007,2.9620180369350186,8383504,4077600,4131968,1024000,3053600,-0.00023721644623182048,eligible,4,3,19.513343151658773,3.520417496562004,6.01657335832715,directed_split,2727,126,27,0.021635496883021636,0.027036250416544547
case_018,4,1004367,316398,253676,253676,3.1743784726831397,3.9592511707847806,3.9592511707847806,8436752,4938752,4938752,1159168,3779584,0.0,eligible,4,4,20.249349169433117,3.6342654284089804,6.416124578565359,structural_component_lpt,2727,126,27,0.021635496883021636,0.027036250416544547
case_018,5,1004367,271848,203806,205219,3.694590359318443,4.928054129907854,4.894122863867381,8879120,5603348,5345280,458752,5144596,-0.0003393126604047314,eligible,7,5,20.599564094096422,3.359598072245717,6.6453790701925755,region_repartition_2_0,2727,126,27,0.021635496883021636,0.027036250416544547
case_019,2,81144,46867,40136,41643,1.731367486717733,2.021726131154076,1.9485627836611195,277524,42540,27168,0,42540,-0.0007316334749295672,eligible,3,2,2.60202925093472,0.1899160910397768,0.6888745464384556,region_boundary_1018_0,647,31,78,0.26275115919629055,0.3053343710710651
case_019,3,81144,31916,27848,28153,2.5424238626394287,2.9138178684286125,2.8822505594430434,295712,83520,27168,0,83520,-0.0003156730898556903,eligible,4,3,2.8648871779441833,0.200907988473773,0.7981120403856039,region_boundary_1018_0,647,31,78,0.26275115919629055,0.3053343710710651
case_019,4,81144,25256,25256,24099,3.212860310421286,3.212860310421286,3.3671106684924688,256668,256668,51744,0,256668,0.0015425035807118271,dominant_component,17,4,1.9571526125073433,0.17643047496676445,0,region_boundary_549_0,647,31,78,0.26275115919629055,0.3053343710710651
case_019,5,81144,23450,23450,21122,3.4602985074626864,3.4602985074626864,3.841681658933813,568740,568740,386184,0,568740,0.0038138315147112677,dominant_component,43,5,1.9874681569635868,0.1378482710570097,0,directed_split,647,31,78,0.26275115919629055,0.3053343710710651
case_020,2,532746,274893,266580,266580,1.9380122447643264,1.9984469952734638,1.9984469952734638,1007616,0,0,0,0,0.0,eligible,2,2,34.97290086001158,10.830428682267666,8.98826196603477,structural_component_lpt,7008,288,23,0.003995433789954338,0.003995433789954338
case_020,3,532746,186125,177950,177950,2.8623022162525187,2.993796010115201,2.993796010115201,1097728,0,0,0,0,0.0,eligible,3,3,29.46001187339425,6.366946555674076,9.243040356785059,structural_component_lpt,7008,288,23,0.003995433789954338,0.003995433789954338
case_020,4,532746,140370,133704,133704,3.7952981406283395,3.984518039849219,3.984518039849219,1052672,0,0,0,0,0.0,eligible,4,4,32.198134208098054,5.4340097811073065,7.319168969988823,structural_component_lpt,7008,288,23,0.003995433789954338,0.003995433789954338
case_020,5,532746,113552,107650,107650,4.6916478793856555,4.948871342313051,4.948871342313051,1060864,0,0,0,0,0.0,eligible,5,5,28.17351039685309,4.8880958911031485,7.6737401727586985,structural_component_lpt,7008,288,23,0.003995433789954338,0.003995433789954338
case_021,2,6567937,3168548,3168548,3109260,2.0728538750241436,2.0728538750241436,2.11237947292925,50104320,50104320,9113600,0,50104320,0.0003952559790510657,all_components_have_large_union_footprint,124,2,23.59308839403093,2.685759821906686,0,directed_split,3920,80,6,0.0125,0.0125
case_021,3,6567937,2124156,2124156,2101777,3.092021960722282,3.092021960722282,3.1249447491337095,50071552,50071552,12288000,0,50071552,0.00032922788411427373,all_components_have_large_union_footprint,123,3,24.52293019928038,2.902403110638261,0,grain_1.0,3920,80,6,0.0125,0.0125
case_021,4,6567937,1611899,1611899,1550324,4.07465790350388,4.07465790350388,4.236493145948847,50057216,50057216,4608000,0,50057216,0.0016183524244496716,all_components_have_large_union_footprint,123,4,21.50126708857715,2.9520089253783226,0,region_boundary_459_0,3920,80,6,0.0125,0.0125
case_021,5,6567937,1313319,1313319,1249504,5.001021838563212,5.001021838563212,5.256435353548288,50089984,50089984,14438400,0,50089984,0.002554135149850758,all_components_have_large_union_footprint,124,5,23.649000426754355,2.755043253302574,0,directed_split,3920,80,6,0.0125,0.0125
case_022,2,56780,30615,28303,28303,1.8546464151559694,2.006147758188178,2.006147758188178,261196,6912,6912,0,6912,0.0,eligible,2,2,7.117866285145283,0.7422898001968861,2.3533492106944323,structural_component_pipe,1356,32,35,0.13495575221238937,0.1307080858839653
case_022,3,56780,23185,18978,18978,2.4489971964632304,2.9918853409210664,2.9918853409210664,245832,13824,13824,0,13824,0.0,eligible,3,3,7.1335343681275845,0.7357472609728575,2.1945603657513857,structural_component_lpt,1356,32,35,0.13495575221238937,0.1307080858839653
case_022,4,56780,21271,14336,14336,2.669362042217103,3.960658482142857,3.960658482142857,642198,20736,20736,0,20736,0.0,eligible,4,4,6.666342651471496,0.7272921744734049,1.5625712536275387,structural_component_lpt,1356,32,35,0.13495575221238937,0.1307080858839653
case_022,5,56780,21681,11479,11603,2.6188828928554955,4.9464239045213,4.893562009825045,642198,24612,20736,0,24612,-0.0005286189469625491,eligible,6,5,6.719360858201981,0.679656570777297,1.9236781690269709,directed_split,1356,32,35,0.13495575221238937,0.1307080858839653
case_023,2,122614,70543,61065,61065,1.7381455282593596,2.0079259805125687,2.0079259805125687,462508,73728,73728,0,73728,0.0,eligible,2,2,5.094008611515164,0.4656817503273487,1.5679347310215235,structural_component_lpt,1011,43,30,0.12561819980217606,0.07138605442176871
case_023,3,122614,48836,40682,40682,2.5107297894995497,3.0139619487734133,3.0139619487734133,756744,207264,207264,0,207264,0.0,eligible,3,3,5.118682628497481,0.4957901556044817,1.5173586662858725,structural_component_lpt,1011,43,30,0.12561819980217606,0.07138605442176871
case_023,4,122614,38355,30516,30516,3.1968191891539566,4.018023332022546,4.018023332022546,740360,281280,281280,0,281280,0.0,eligible,4,4,5.075666967779398,0.47148208133876324,1.5142362881451845,structural_component_lpt,1011,43,30,0.12561819980217606,0.07138605442176871
case_023,5,122614,31905,24940,24573,3.843096693308259,4.91635926222935,4.989785536971473,723976,280992,344640,0,280992,0.0007342627474212282,eligible,5,5,5.040840074419975,0.46408121287822723,1.4240774903446436,structural_component_pipe,1011,43,30,0.12561819980217606,0.07138605442176871
case_024,2,2555343,1803647,1803647,1782398,1.4167644777498036,1.4167644777498036,1.4336545485351757,44243528,44243528,39329048,0,44243528,0.0001689007078537208,insufficient_independent_components,745,2,27.891308253630996,6.942444570362568,0,grain_0.25,5959,1,807,1.0,1.0
case_024,3,2555343,1483888,1483888,1556206,1.7220592120160012,1.7220592120160012,1.6420338952555125,44243528,44243528,39329048,0,44243528,-0.0008002531676048874,insufficient_independent_components,746,3,27.794584715738893,6.048417799174786,0,directed_split,5959,1,807,1.0,1.0
case_024,4,2555343,1413568,1413568,1401810,1.8077255568886677,1.8077255568886677,1.8228882658848204,44243528,44243528,39329048,0,44243528,0.00015162708996152796,insufficient_independent_components,746,4,22.362391838803887,6.795897541567683,0,directed_split,5959,1,807,1.0,1.0
case_024,5,2555343,1378992,1378992,1333910,1.8530513592537157,1.8530513592537157,1.9156787189540523,44243528,44243528,39329048,0,44243528,0.0006262735970033661,insufficient_independent_components,746,5,28.006029484793544,4.84437320753932,0,directed_split,5959,1,807,1.0,1.0
case_025,2,4863026,2782996,2431840,2431840,1.7474067515727654,1.9997310678334101,1.9997310678334101,26403840,27648,27648,0,27648,0.0,eligible,2,2,251.9173333980143,255.3470181003213,25.050925949588418,structural_component_lpt,18662,2666,5,0.00037509377344336085,0.00037509377344336085
case_025,3,4863026,1864617,1622164,1622164,2.6080562388951725,2.9978633479722148,2.9978633479722148,26428416,55296,55296,0,55296,0.0,eligible,3,3,246.24978647753596,156.06783414632082,22.770653903484344,structural_component_lpt,18662,2666,5,0.00037509377344336085,0.00037509377344336085
case_025,4,4863026,1401788,1217444,1217444,3.469159387867495,3.9944555971362954,3.9944555971362954,26436096,82944,82944,0,82944,0.0,eligible,4,4,256.4610758256167,112.94567685946822,22.425858411937952,structural_component_lpt,18662,2666,5,0.00037509377344336085,0.00037509377344336085
case_025,5,4863026,1128061,975282,975282,4.3109601342480595,4.986276789687495,4.986276789687495,26463744,110592,110592,0,110592,0.0,eligible,5,5,224.36268017999828,67.8773772250861,20.24645716883242,structural_component_lpt,18662,2666,5,0.00037509377344336085,0.00037509377344336085
case_026,2,99203,62536,51839,55057,1.5863342714596393,1.91367503231158,1.8018235646693428,1435860,218580,21936,0,218580,-0.0011185146764223731,eligible,3,2,2.955663461238146,0.21735717728734016,0.835403548553586,region_boundary_854_0,636,31,48,0.3113207547169811,0.4233317778814746
case_026,3,99203,50092,50092,41670,1.9804160344965265,1.9804160344965265,2.380681545476362,1425620,1425620,95664,0,1425620,0.004002655109798354,dominant_component,41,3,2.1284536477178335,0.2059733998030424,0,directed_split,636,31,48,0.3113207547169811,0.4233317778814746
case_026,4,99203,50038,50038,42208,1.9825532595227626,1.9825532595227626,2.3503364291129643,1454292,1454292,191328,0,1454292,0.0036778316959020165,dominant_component,42,4,2.327751312404871,0.23885169252753258,0,directed_split,636,31,48,0.3113207547169811,0.4233317778814746
case_026,5,99203,50757,50757,44780,1.9544693342790158,1.9544693342790158,2.2153416703885664,1458396,1458396,211680,0,1458396,0.0026087233610955062,dominant_component,42,5,1.4904836174100637,0.14745722338557243,0,directed_split,636,31,48,0.3113207547169811,0.4233317778814746
case_027,2,2363952,1157230,1157230,1119508,2.042767643424384,2.042767643424384,2.1115990238569085,18079744,18079744,3317760,0,18079744,0.0006883138043252446,all_components_have_large_union_footprint,91,2,7.232874810695648,0.8738787993788719,0,directed_split,1424,16,44,0.0625,0.0625
case_027,3,2363952,816499,816499,837049,2.8952295103851933,2.8952295103851933,2.8241500796249683,19480576,19480576,3686400,0,19480576,-0.0007107943076022494,all_components_have_large_union_footprint,178,3,6.427865367382765,1.1666831858456135,0,grain_0.25,1424,16,44,0.0625,0.0625
case_027,4,2363952,644890,644890,559196,3.6656670129789575,3.6656670129789575,4.227412213249022,19480576,19480576,3317760,0,19480576,0.005617452002700647,all_components_have_large_union_footprint,178,4,7.409526551142335,1.0163760520517826,0,grain_0.25,1424,16,44,0.0625,0.0625
case_027,5,2363952,644890,644890,558753,3.6656670129789575,3.6656670129789575,4.230763861670542,19480576,19480576,5529600,0,19480576,0.005650968486915842,all_components_have_large_union_footprint,178,4,5.196317821741104,0.6427234448492527,0,grain_0.25,1424,16,44,0.0625,0.0625
case_028,2,43836040,20808183,20808183,22648929,2.106673129508713,2.106673129508713,1.9354575220753263,310682880,310682880,290612448,165888,310516992,-0.001712156074333866,all_components_have_large_union_footprint,612,2,123.66986957006156,21.007302965968847,0,grain_1.0,19584,153,123,0.006535947712418301,0.006535947712418301
case_028,3,43836040,13957556,13957556,16289869,3.1406673202672444,3.1406673202672444,2.6910001547587643,310848768,310848768,291085560,165888,310682880,-0.0044966716550848005,all_components_have_large_union_footprint,613,3,125.23853906989098,20.420222448185086,0,directed_split,19584,153,123,0.006535947712418301,0.006535947712418301
case_028,4,43836040,10676362,10676362,13397525,4.105896746476,4.105896746476,3.271950602816565,310848768,310848768,290612448,165888,310682880,-0.008339461436594347,all_components_have_large_union_footprint,613,4,134.3998791538179,20.013942439109087,0,local_reschedule,19584,153,123,0.006535947712418301,0.006535947712418301
case_028,5,43836040,9004662,9004662,11427204,4.868149409716878,4.868149409716878,3.836112490859531,286344264,286344264,291085560,9700224,276644040,-0.010320369188573469,all_components_have_large_union_footprint,308,5,139.3636333718896,14.051694868132472,0,region_boundary_8758_0,19584,153,123,0.006535947712418301,0.006535947712418301
case_029,2,37555,21011,19740,19740,1.7873970777211936,1.9024822695035462,1.9024822695035462,215168,0,0,0,0,0.0,eligible,2,2,2.302534718066454,0.19528330117464066,0.33936673402786255,structural_component_lpt,861,21,11,0.047619047619047616,0.047619047619047616
case_029,3,37555,15845,12743,12743,2.3701483117702744,2.9471082162756024,2.9471082162756024,77858,0,0,0,0,0.0,eligible,3,3,3.2115961089730263,0.26004936546087265,0.3002084195613861,structural_component_lpt,861,21,11,0.047619047619047616,0.047619047619047616
case_029,4,37555,19188,11028,11028,1.9572128413591827,3.405422560754443,3.405422560754443,182572,0,0,0,0,0.0,eligible,4,4,3.1026186756789684,0.2759043835103512,0.2553795576095581,structural_component_lpt,861,21,11,0.047619047619047616,0.047619047619047616
case_029,5,37555,15573,9383,9383,2.4115456238361266,4.002451241607162,4.002451241607162,139392,0,0,0,0,0.0,eligible,5,5,2.9228165224194527,0.14786740764975548,0.2667646575719118,structural_component_lpt,861,21,11,0.047619047619047616,0.047619047619047616
case_030,2,2808034,1480948,1399339,1399653,1.8961057376761372,2.006686013896561,2.0062358313096174,26450440,5285020,14469120,2908160,2376860,-4.5018258694362605e-06,eligible,3,2,79.71908880770206,55.68723774328828,16.107230234891176,directed_split,10070,486,11,0.005660377358490566,0.007304212528093125
case_030,3,2808034,1033665,932367,933857,2.716580323412324,3.0117260692409746,3.0069207598165457,28039688,8365156,9242624,4115456,4249700,-4.805309424428916e-05,eligible,4,3,83.01845727674663,74.59696927852929,15.820312455296516,directed_split,10070,486,11,0.005660377358490566,0.007304212528093125
case_030,4,2808034,826197,700342,700342,3.3987463038476298,4.009518206818954,4.009518206818954,27921928,10404864,10404864,4585472,5819392,0.0,eligible,4,4,91.67531522363424,101.92543423175812,19.378726551309228,structural_component_lpt,10070,486,11,0.005660377358490566,0.007304212528093125
case_030,5,2808034,822040,560306,561102,3.415933531215026,5.011607942802683,5.004498290863337,27385352,11168828,11479040,3504128,7664700,-7.109651939345873e-05,eligible,6,5,90.87631009146571,73.12142209522426,19.41943620145321,directed_split,10070,486,11,0.005660377358490566,0.007304212528093125
case_031,2,1414369,767070,712262,712262,1.8438591002124969,1.985742605951181,1.985742605951181,14805214,5250048,5250048,3518976,1731072,0.0,eligible,2,2,50.661563482135534,27.266717890277505,16.122001325711608,structural_component_lpt,6135,107,135,0.34995925020374896,0.04217761416389677
case_031,3,1414369,549864,473822,473822,2.5722160388750672,2.985021801435982,2.985021801435982,16894362,7544832,7544832,4082688,3462144,0.0,eligible,3,3,50.29910449869931,22.16516093723476,15.077298192307353,structural_component_lpt,6135,107,135,0.34995925020374896,0.04217761416389677
case_031,4,1414369,444414,356417,358129,3.182548254555437,3.968298369606388,3.9493283146575675,16928154,7926272,7953408,2199552,5726720,-0.00018970054948820537,eligible,5,4,55.33382787182927,20.242057602852583,16.95776771567762,directed_split,6135,107,135,0.34995925020374896,0.04217761416389677
case_031,5,1414369,383314,284848,284848,3.6898443573675888,4.965346430376902,4.965346430376902,16928154,7931904,7931904,1657344,6274560,0.0,eligible,5,5,44.917089788243175,17.777033392339945,14.826846845448017,structural_component_lpt,6135,107,135,0.34995925020374896,0.04217761416389677
case_032,2,41443,24411,20900,20102,1.6977182417762484,1.9829186602870814,2.0616356581434685,422634,96344,6216,0,96344,0.0007871699785638709,eligible,3,2,4.357044097036123,0.34194636531174183,1.2330493051558733,region_boundary_1145_0,827,25,29,0.22853688029020555,0.23440966231205324
case_032,3,41443,21016,14009,14137,1.971973734297678,2.958312513384253,2.93152719813256,566472,96406,12432,0,96406,-0.0002678531525169303,eligible,4,3,4.227656684815884,0.3282396886497736,1.182466907426715,directed_split,827,25,29,0.22853688029020555,0.23440966231205324
case_032,4,41443,16054,10933,11004,2.5814750218014204,3.790633860788439,3.7661759360232643,308914,63656,18576,0,63656,-0.0002445792476517461,eligible,5,4,2.993190299719572,0.21236508339643478,0.7812626175582409,directed_split,827,25,29,0.22853688029020555,0.23440966231205324
case_032,5,41443,18512,18512,10415,2.238710025929127,2.238710025929127,3.9791646663466156,641388,641388,12360,0,641388,0.017404546404174884,dominant_component,104,5,2.186881707981229,0.28096882067620754,0,grain_0.25,827,25,29,0.22853688029020555,0.23440966231205324
case_033,2,1774196,933029,888544,889697,1.9015443249888266,1.996745237152015,1.994157561506895,17253152,6312520,6664224,3076608,3235912,-2.5876756451199688e-05,eligible,3,2,29.081947922706604,6.915350038558245,9.982934536412358,directed_split,3465,95,33,0.01847041847041847,0.02140727442044734
case_033,3,1774196,651228,590697,592065,2.7243853151277277,3.0035635867458272,2.9966236815214544,17306912,7602264,6990912,2145792,5456472,-6.939905224372821e-05,eligible,5,3,31.277272874489427,6.896761782467365,9.922624476253986,region_repartition_2_0,3465,95,33,0.01847041847041847,0.02140727442044734
case_033,4,1774196,520489,443447,443447,3.4087098862800174,4.000920064855552,4.000920064855552,19507818,7214688,7214688,1935360,5279328,0.0,eligible,4,4,29.7558473367244,7.482411235570908,9.83685839921236,structural_component_lpt,3465,95,33,0.01847041847041847,0.02140727442044734
case_033,5,1774196,445303,353592,355102,3.9842444358111218,5.017636145614154,4.996299654747086,19539018,8227976,7816320,1024512,7203464,-0.0002133649086706768,eligible,6,5,31.935358652845025,5.645412124693394,9.382599964737892,directed_split,3465,95,33,0.01847041847041847,0.02140727442044734
case_034,2,842996,451139,419167,418477,1.8685948233249619,2.0111220587498537,2.0144380694757418,9837932,1915392,2904064,676864,1238528,3.316010725888052e-05,eligible,2,2,29.29344968125224,8.680431796237826,9.557072112336755,structural_component_lpt,3745,155,23,0.025100133511348464,0.013855221370293441
case_034,3,842996,339740,278067,278067,2.481297462765644,3.0316290678145914,3.0316290678145914,12183994,2762240,2762240,433664,2328576,0.0,eligible,3,3,30.944849276915193,8.288114896044135,9.886340389028192,structural_component_lpt,3745,155,23,0.025100133511348464,0.013855221370293441
case_034,4,842996,274188,205314,211953,3.0745182137803257,4.105886593218193,3.9772779814392814,12211642,3207748,3052032,49152,3158596,-0.0012860861177891136,eligible,5,4,33.478135047480464,5.081410426646471,10.502978218719363,directed_split,3745,155,23,0.025100133511348464,0.013855221370293441
case_034,5,842996,252888,167930,171637,3.3334756888424915,5.019924968736974,4.911505095055262,12190138,3885104,3667968,24576,3860528,-0.0010841987368171147,eligible,6,5,32.619323294609785,6.563541725277901,9.920528549700975,directed_split,3745,155,23,0.025100133511348464,0.013855221370293441
case_035,2,169571,134660,95406,95406,1.2592529333135303,1.7773620107750037,1.7773620107750037,2328824,0,0,0,0,0.0,eligible,2,2,20.162715435028076,5.341807501390576,4.1503068171441555,structural_component_lpt,3857,16,332,0.6300233341975628,0.48921740551480525
case_035,3,169571,125507,125507,95424,1.351087987124224,1.351087987124224,1.77702674379611,2368256,2368256,0,0,2368256,0.004259387566718859,dominant_component,245,3,17.495525881648064,2.348323155194521,0,directed_split,3857,16,332,0.6300233341975628,0.48921740551480525
case_035,4,169571,125981,125981,85446,1.346004556242608,1.346004556242608,1.9845399433560378,2328824,2328824,1156872,0,2328824,0.006385353871134298,dominant_component,242,4,17.781677473336458,2.4557545091956854,0,grain_0.5,3857,16,332,0.6300233341975628,0.48921740551480525
case_035,5,169571,126070,126070,79391,1.3450543348933133,1.3450543348933133,2.135897016034563,2328824,2328824,1156872,0,2328824,0.007908426811412496,dominant_component,242,5,15.591931596398354,1.9237568639218807,0,grain_0.5,3857,16,332,0.6300233341975628,0.48921740551480525
case_036,2,931510,473570,466068,466068,1.9669953755516607,1.998656848356892,1.998656848356892,366336,1152,1152,0,1152,0.0,eligible,2,2,16.5368494912982,2.577800938859582,2.3605171255767345,structural_component_lpt,2400,800,2,0.00125,0.00125
case_036,3,931510,323419,311345,311345,2.880195659500524,2.991890025534375,2.991890025534375,507264,2304,2304,0,2304,0.0,eligible,3,3,18.130641484633088,2.0655098110437393,1.5899749509990215,structural_component_lpt,2400,800,2,0.00125,0.00125
case_036,4,931510,245909,233584,233584,3.788027278383467,3.987901568600589,3.987901568600589,507264,3456,3456,0,3456,0.0,eligible,4,4,17.458064381033182,1.650415100157261,1.9088287968188524,structural_component_lpt,2400,800,2,0.00125,0.00125
case_036,5,931510,206700,187182,187182,4.506579583938074,4.976493466252097,4.976493466252097,1004544,4608,4608,0,4608,0.0,eligible,5,5,19.47655631788075,1.56563014164567,1.961348345503211,structural_component_lpt,2400,800,2,0.00125,0.00125
case_037,2,210001,129217,105374,105374,1.6251808972503619,1.992910964754114,1.992910964754114,3848192,204800,204800,0,204800,0.0,eligible,2,2,2.6006450075656176,0.2020417507737875,0.2849264722317457,structural_component_lpt,780,20,5,0.05,0.05
case_037,3,210001,95365,74038,74038,2.2020762334189694,2.836394824279424,2.836394824279424,3731456,1064960,1064960,0,1064960,0.0,eligible,3,3,4.088137585669756,0.3799937292933464,0.5141104273498058,structural_component_lpt,780,20,5,0.05,0.05
case_037,4,210001,80538,53320,53320,2.6074772157242543,3.938503375843961,3.938503375843961,3717120,614400,614400,0,614400,0.0,eligible,4,4,3.23777262121439,0.18258509039878845,0.2789484653621912,structural_component_lpt,780,20,5,0.05,0.05
case_037,5,210001,75093,43800,43800,2.7965456167685403,4.794543378995434,4.794543378995434,3731456,1925120,1925120,0,1925120,0.0,eligible,5,5,5.0579655189067125,0.3922880236059427,0.6832426283508539,structural_component_lpt,780,20,5,0.05,0.05
case_038,2,1364555,734652,674500,674500,1.8574168449823862,2.0230615270570795,2.0230615270570795,10359372,6790656,6790656,4273152,2517504,0.0,eligible,2,2,59.70097327418625,49.723973374813795,20.152713583782315,structural_component_lpt,5907,130,35,0.019637717961740308,0.01984169116189421
case_038,3,1364555,514914,450730,452248,2.650063894164851,3.027433274909591,3.0172714970547134,10418764,7879736,8097792,2598912,5280824,-0.00010161777854877485,eligible,4,3,57.0980097707361,25.671893510967493,20.253603534772992,directed_split,5907,130,35,0.019637717961740308,0.01984169116189421
case_038,4,1364555,413457,338163,339624,3.3003552969232595,4.0351990016648775,4.017840317527619,10596940,8930344,9295872,2190336,6740008,-0.00017358684137258606,eligible,5,4,53.659095637500286,27.026541316881776,17.697839196771383,directed_split,5907,130,35,0.019637717961740308,0.01984169116189421
case_038,5,1364555,359513,274658,275133,3.795565111692762,4.968196812035331,4.959619529463932,11026508,9635364,9676800,798720,8836644,-8.577282571399003e-05,eligible,6,5,53.32367363572121,18.506066855043173,18.256459303200245,directed_split,5907,130,35,0.019637717961740308,0.01984169116189421
case_039,2,1435262,841140,841140,698008,1.7063295051953302,1.7063295051953302,2.056225716610698,22433792,22433792,18210816,0,22433792,0.0034989621141536765,all_components_have_large_union_footprint,58,2,39.64547332935035,4.231770757585764,0,directed_split,5250,70,7,0.014285714285714285,0.014285714285714285
case_039,3,1435262,649664,649664,485565,2.209237390404886,2.209237390404886,2.9558596686334475,22781952,22781952,14323712,0,22781952,0.0074662227822856145,all_components_have_large_union_footprint,61,3,42.923809204250574,3.97259309142828,0,directed_split,5250,70,7,0.014285714285714285,0.014285714285714285
case_039,4,1435262,564871,564871,395323,2.5408668527858573,2.5408668527858573,3.6306058590064327,24850432,24850432,17604608,0,24850432,0.010897390062205754,all_components_have_large_union_footprint,83,4,46.03072799369693,4.08031483925879,0,region_repartition_3_0,5250,70,7,0.014285714285714285,0.014285714285714285
case_039,5,1435262,511084,511084,431161,2.808270264770566,2.808270264770566,3.3288307615948565,24543232,24543232,20480000,0,24543232,0.0052056049682429025,all_components_have_large_union_footprint,83,5,40.66971883364022,3.37825158983469,0,grain_2.0,5250,70,7,0.014285714285714285,0.014285714285714285
case_040,2,253454,178282,120926,137746,1.4216466048170875,2.095942973388684,1.8400098732449581,4018142,283200,53760,0,283200,-0.002559331001437257,eligible,3,2,19.636383013799787,2.9922425001859665,5.859086634591222,directed_split,3083,28,228,0.7116445021083361,0.4260194491373805
case_040,3,253454,145657,145657,110105,1.7400742841058103,1.7400742841058103,2.301929975932065,4050912,4050912,0,0,4050912,0.005618556918262545,dominant_component,194,3,13.985292388126254,1.501549020409584,0,directed_split,3083,28,228,0.7116445021083361,0.4260194491373805
case_040,4,253454,142257,142257,101582,1.7816627652769284,1.7816627652769284,2.4950680238624954,4018142,4018142,2346940,0,4018142,0.0071340525858556705,dominant_component,193,4,13.50707109645009,1.857576971873641,0,region_boundary_6297_0,3083,28,228,0.7116445021083361,0.4260194491373805
case_040,5,253454,142985,142985,95090,1.7725915305801307,1.7725915305801307,2.6654117152171626,4050916,4050916,2346940,0,4050916,0.008928201846370318,dominant_component,194,5,13.653582038357854,1.9157454017549753,0,local_reschedule,3083,28,228,0.7116445021083361,0.4260194491373805
case_041,2,6003957,3193650,2990398,2982987,1.8799671222582313,2.0077451228899967,2.0127332100341033,51146792,33669120,39266304,28775424,4893696,4.98808714410659e-05,eligible,2,2,193.91818847507238,589.9881131928414,63.426340309903026,structural_component_lpt,16594,494,48,0.010967819693865252,0.004880076268523914
case_041,3,6003957,2203713,1991911,1991992,2.724473195919795,3.0141693077652567,3.014046743159611,51946536,34851840,34879488,25064448,9787392,-1.2256460564552541e-06,eligible,3,3,187.22649966925383,523.9147636443377,55.076527992263436,structural_component_lpt,16594,494,48,0.010967819693865252,0.004880076268523914
case_041,4,6003957,1715731,1490603,1490603,3.4993579995931765,4.027871270888358,4.027871270888358,51844136,39164928,39164928,24815616,14349312,0.0,eligible,4,4,197.8735384773463,510.9197459872812,59.61881670542061,structural_component_pipe,16594,494,48,0.010967819693865252,0.004880076268523914
case_041,5,6003957,1429226,1201884,1196379,4.200845072787649,4.995454636221133,5.018440644645217,53646376,40673280,40630272,22622208,18051072,0.00022986008424084048,eligible,5,5,195.0238020196557,514.5600423123688,60.40820805169642,structural_component_lpt,16594,494,48,0.010967819693865252,0.004880076268523914
case_042,2,1686740,931399,845091,840111,1.8109746735824281,1.9959270658426134,2.007758498579354,20434744,6614304,7262496,4561920,2052384,0.0001183143273674081,eligible,2,2,41.593061776831746,18.767212439328432,15.634251426905394,structural_component_round_robin,4733,104,52,0.054510881047961125,0.03397345571504564
case_042,3,1686740,660021,559018,562007,2.5555853525872663,3.0173268123745567,3.0012793434957215,20477752,8452672,8334912,3237888,5214784,-0.00016047468878835236,eligible,4,3,46.79110490716994,12.90697063691914,15.261848408728838,directed_split,4733,104,52,0.054510881047961125,0.03397345571504564
case_042,4,1686740,543908,419432,425650,3.101149459099701,4.021486200385283,3.9627393398331963,23795128,8676192,8553312,2135040,6541152,-0.0005874686055208667,eligible,5,4,46.0799100920558,12.698073588311672,15.389303209260106,directed_split,4733,104,52,0.054510881047961125,0.03397345571504564
case_042,5,1686740,477497,336330,342520,3.53246198405435,5.015133945827015,4.924500759079762,23795128,10425184,10187616,2107392,8317792,-0.0009063318674725362,eligible,7,5,50.76140668801963,13.412507666274905,15.788316983729601,region_repartition_2_0,4733,104,52,0.054510881047961125,0.03397345571504564
case_043,2,677656,437116,353710,353851,1.5502887105482297,1.915851969127251,1.9150885542219749,9046748,589446,506880,0,589446,-7.634149052762051e-06,eligible,3,2,76.63752695918083,29.948227969929576,24.17411820590496,directed_split,9309,38,201,0.5274465570952841,0.36394841367135783
case_043,3,677656,343054,343054,268777,1.9753624793764246,1.9753624793764246,2.521257399256633,11212820,11212820,141320,0,11212820,0.005458949198802084,dominant_component,584,3,52.94970097206533,11.164127670228481,0,directed_split,9309,38,201,0.5274465570952841,0.36394841367135783
case_043,4,677656,294918,294918,254894,2.2977776873571636,2.2977776873571636,2.658579644871986,11235348,11235348,6476956,0,11235348,0.0036080195751482247,dominant_component,585,4,55.734339559450746,11.224983360618353,0,directed_split,9309,38,201,0.5274465570952841,0.36394841367135783
case_043,5,677656,294404,294404,232508,2.301789377861714,2.301789377861714,2.9145491768025185,13144938,13144938,6476956,0,13144938,0.006127597989408047,dominant_component,1164,5,58.017040722072124,19.901778833940625,0,grain_0.25,9309,38,201,0.5274465570952841,0.36394841367135783
case_044,2,154407,146270,146270,131105,1.0556299993163327,1.0556299993163327,1.1777354029213225,6398976,6398976,4672992,2045696,4353280,0.0012210540360498977,all_components_have_large_union_footprint,6,2,4.862136406823993,0.5603148695081472,0,local_reschedule,1364,11,123,0.09090909090909091,0.09090909090909091
case_044,3,154407,143812,143812,123553,1.0736725725252414,1.0736725725252414,1.2497227910289512,5510560,5510560,5161216,2671872,2838688,0.0017605021850370982,all_components_have_large_union_footprint,4,3,5.065925313159823,0.494055500254035,0,multilevel,1364,11,123,0.09090909090909091,0.09090909090909091
case_044,4,154407,143812,143812,124268,1.0736725725252414,1.0736725725252414,1.2425322689670713,5510560,5510560,5678624,2671872,2838688,0.0016885969644182986,all_components_have_large_union_footprint,4,3,5.4146599266678095,0.564371932297945,0,multilevel,1364,11,123,0.09090909090909091,0.09090909090909091
case_044,5,154407,143812,143812,132892,1.0736725725252414,1.0736725725252414,1.161898383649881,5510560,5510560,6196032,2671872,2838688,0.0008822581112463968,all_components_have_large_union_footprint,4,3,5.171906761825085,0.5521970205008984,0,multilevel,1364,11,123,0.09090909090909091,0.09090909090909091
case_045,2,125614,65817,63059,63059,1.9085342692617409,1.99200748505368,1.99200748505368,348160,0,0,0,0,0.0,eligible,2,2,6.746676383540034,0.6381985917687416,1.5993846841156483,structural_component_lpt,1651,68,23,0.016959418534221685,0.016959418534221685
case_045,3,125614,48646,42601,42601,2.582206142334416,2.94861622966597,2.94861622966597,323584,0,0,0,0,0.0,eligible,3,3,6.589846039190888,0.5023748371750116,1.527141248807311,structural_component_lpt,1651,68,23,0.016959418534221685,0.016959418534221685
case_045,4,125614,37337,31878,31878,3.3643302889894744,3.940460505677897,3.940460505677897,303104,0,0,0,0,0.0,eligible,4,4,6.882757380604744,0.5327352806925774,1.5485565103590488,structural_component_lpt,1651,68,23,0.016959418534221685,0.016959418534221685
case_045,5,125614,33313,26164,26164,3.770720139284964,4.801024308209754,4.801024308209754,557056,0,0,0,0,0.0,eligible,5,5,6.945221731439233,0.4497116208076477,1.516211412847042,structural_component_lpt,1651,68,23,0.016959418534221685,0.016959418534221685
case_046,2,276455,152419,152419,160984,1.81378305854257,1.81378305854257,1.7172824628534513,5255872,5255872,4513952,737280,4518592,-0.0009650059568911873,all_components_have_large_union_footprint,7,2,3.6479149647057056,0.3124253433197737,0,local_reschedule,992,8,123,0.125,0.125
case_046,3,276455,152587,152587,142176,1.8117860630328928,1.8117860630328928,1.9444561670042764,5924000,5924000,4021280,0,5924000,0.0013267010397138357,all_components_have_large_union_footprint,16,3,3.595084508880973,0.29815724305808544,0,greedy,992,8,123,0.125,0.125
case_046,4,276455,157369,157369,124612,1.7567309953040307,1.7567309953040307,2.218526305652746,6977824,6977824,4513952,0,6977824,0.004617953103487154,all_components_have_large_union_footprint,31,4,3.4585614278912544,0.29822226613759995,0,random_migrate,992,8,123,0.125,0.125
case_046,5,276455,111389,111389,131039,2.4818877986156624,2.4818877986156624,2.10971542823129,4672800,4672800,5013664,0,4672800,-0.0037217237038437243,all_components_have_large_union_footprint,21,5,3.6949307024478912,0.336466982960701,0,directed_split,992,8,123,0.125,0.125
case_047,2,326508,276535,276535,244217,1.180711302366789,1.180711302366789,1.3369585245908353,4380996,4380996,2487908,0,4380996,0.001562472222240463,insufficient_independent_components,429,2,74.72910150140524,10.363157765939832,0,grain_1.0,13710,1,459,1.0,1.0
case_047,3,326508,241969,241969,209006,1.3493794659646483,1.3493794659646483,1.5621943867640165,5051902,5051902,2487908,0,5051902,0.0021281492079936815,insufficient_independent_components,857,3,85.4152602609247,21.131270721554756,0,grain_0.5,13710,1,459,1.0,1.0
case_047,4,326508,225654,225654,192435,1.446940891807812,1.446940891807812,1.6967183724374464,5078720,5078720,2487908,0,5078720,0.0024977748062963447,insufficient_independent_components,861,4,83.36155807971954,14.092398023232818,0,directed_split,13710,1,459,1.0,1.0
case_047,5,326508,222583,222583,181515,1.4669044805757852,1.4669044805757852,1.798793488141476,5064318,5064318,2487908,0,5064318,0.0033188900756569084,insufficient_independent_components,859,5,75.33480990864336,21.081606531515718,0,directed_split,13710,1,459,1.0,1.0
case_048,2,222220,197496,197496,175656,1.1251873455664925,1.1251873455664925,1.265086305050781,1716280,1716280,724702,0,1716280,0.0013989895948428855,insufficient_independent_components,216,2,4.5115307085216045,0.7367089558392763,0,grain_0.25,1728,1,368,1.0,1.0
case_048,3,222220,197613,197613,150457,1.1245211600451388,1.1245211600451388,1.4769668410243457,1716280,1716280,1110490,0,1716280,0.0035244568097920694,insufficient_independent_components,216,3,4.3842516131699085,0.7178936563432217,0,grain_0.25,1728,1,368,1.0,1.0
case_048,4,222220,197613,197613,150287,1.1245211600451388,1.1245211600451388,1.4786375401731353,1716280,1716280,1110490,0,1716280,0.003541163801279965,insufficient_independent_components,216,3,4.496282259002328,0.745831947773695,0,grain_0.25,1728,1,368,1.0,1.0
case_048,5,222220,197613,197613,150430,1.1245211600451388,1.1245211600451388,1.4772319351193246,1716280,1716280,1110490,0,1716280,0.003527107750741858,insufficient_independent_components,216,3,5.08379777148366,0.7374211512506008,0,grain_0.25,1728,1,368,1.0,1.0
case_049,2,196276,156968,156968,147135,1.250420467866062,1.250420467866062,1.3339857953580045,2635492,2635492,1425172,0,2635492,0.0008356532749194257,dominant_component,136,2,19.86666169203818,2.2684254348278046,0,directed_split,4303,11,185,0.918429003021148,0.8423976920611176
case_049,3,196276,132866,132866,122602,1.4772477533755815,1.4772477533755815,1.6009200502438785,4012736,4012736,1425172,0,4012736,0.0012367229686829706,dominant_component,538,3,18.73853379674256,4.429554767906666,0,grain_0.25,4303,11,185,0.918429003021148,0.8423976920611176
case_049,4,196276,123251,123251,114723,1.5924901217840017,1.5924901217840017,1.7108687882987719,4012736,4012736,1425172,0,4012736,0.0011837866651477013,dominant_component,538,4,21.32655674032867,4.810836523771286,0,grain_0.25,4303,11,185,0.918429003021148,0.8423976920611176
case_049,5,196276,117489,117489,111533,1.670590438253794,1.670590438253794,1.7598020316856895,4013760,4013760,1425172,0,4013760,0.0008921159343189555,dominant_component,539,5,23.08636245690286,5.326727094128728,0,directed_split,4303,11,185,0.918429003021148,0.8423976920611176
case_050,2,149690,115543,115543,106716,1.2955349956293327,1.2955349956293327,1.4026950035608532,2598688,2598688,1078840,0,2598688,0.0010716000793152048,dominant_component,287,2,17.976109620183706,3.37965795584023,0,directed_split,4555,23,185,0.8805708013172339,0.7062950476204528
case_050,3,149690,104366,104366,85788,1.4342793630109423,1.4342793630109423,1.7448827341819368,3416202,3416202,1078840,0,3416202,0.0031060337117099455,dominant_component,570,3,21.520868364721537,5.26714526489377,0,grain_0.25,4555,23,185,0.8805708013172339,0.7062950476204528
case_050,4,149690,98003,98003,77332,1.5274022223809476,1.5274022223809476,1.9356799255159571,3448972,3448972,1078840,0,3448972,0.004082777031350095,dominant_component,571,4,23.084925457835197,5.100497480481863,0,directed_split,4555,23,185,0.8805708013172339,0.7062950476204528
case_050,5,149690,99382,99382,74892,1.506208367712463,1.506208367712463,1.998744859264007,3424394,3424394,1078840,0,3424394,0.00492536491551544,dominant_component,571,5,21.62371983192861,5.268806682899594,0,directed_split,4555,23,185,0.8805708013172339,0.7062950476204528
case_051,2,607628,429872,429872,425966,1.4135091376037519,1.4135091376037519,1.426470657282506,10225204,10225204,9045718,0,10225204,0.00012961519678754253,insufficient_independent_components,177,2,5.304070297628641,0.7798831593245268,0,grain_0.25,1416,1,191,1.0,1.0
case_051,3,607628,352843,352843,370560,1.7220916951732073,1.7220916951732073,1.6397560449050086,10225204,10225204,9045718,0,10225204,-0.0008233565026819867,insufficient_independent_components,177,3,5.329703511670232,0.721726905554533,0,grain_0.25,1416,1,191,1.0,1.0
case_051,4,607628,336378,336378,333358,1.8063844841220293,1.8063844841220293,1.8227491165653742,10225204,10225204,9045718,0,10225204,0.00016364632443344852,insufficient_independent_components,178,4,3.710572563111782,0.5664743669331074,0,directed_split,1416,1,191,1.0,1.0
case_051,5,607628,328989,328989,317741,1.8469553693284577,1.8469553693284577,1.9123374068817056,10225204,10225204,9045718,0,10225204,0.000653820375532479,insufficient_independent_components,178,5,5.767980836331844,0.7701846361160278,0,directed_split,1416,1,191,1.0,1.0
case_052,2,180301,102068,90903,90903,1.7664792099384723,1.9834438907406797,1.9834438907406797,1106430,102912,102912,0,102912,0.0,eligible,2,2,5.03882535174489,0.5281277801841497,1.2624237351119518,structural_component_lpt,1008,52,16,0.11904761904761904,0.03673594095410404
case_052,3,180301,69095,60160,60160,2.6094652290324913,2.99702460106383,2.99702460106383,1106430,181248,181248,0,181248,0.0,eligible,3,3,5.87696791999042,0.567687027156353,1.7114872597157955,structural_component_lpt,1008,52,16,0.11904761904761904,0.03673594095410404
case_052,4,180301,55828,45777,45777,3.2295801389983523,3.9386809970072307,3.9386809970072307,1087998,254976,254976,0,254976,0.0,eligible,4,4,6.1314318515360355,0.5920420084148645,1.7812921851873398,structural_component_lpt,1008,52,16,0.11904761904761904,0.03673594095410404
case_052,5,180301,56150,37846,37846,3.211059661620659,4.76407017914707,4.76407017914707,1101822,333312,333312,0,333312,0.0,eligible,5,5,3.6616944428533316,0.3376521114259958,1.0038779228925705,structural_component_lpt,1008,52,16,0.11904761904761904,0.03673594095410404
case_053,2,1472686,827162,774757,770903,1.780408190898518,1.9008360040632095,1.9103389142343459,14142054,5959552,8248608,4924800,1034752,9.502910171136359e-05,eligible,2,2,101.9007626362145,126.99087412469089,29.182388082146645,structural_component_pipe,11670,39,240,0.8443016281062553,0.28816896809336984
case_053,3,1472686,631866,509253,546106,2.3306935331225294,2.89185532534909,2.6967035703691224,18095268,6480220,5882944,3559008,2921212,-0.001951517549799675,eligible,5,3,103.08016254380345,95.86549787037075,31.03615807183087,region_repartition_2_0,11670,39,240,0.8443016281062553,0.28816896809336984
case_053,4,1472686,538539,538539,492232,2.734594894705862,2.734594894705862,2.991853434965626,20267908,20267908,6360992,0,20267908,0.0025725854025976424,dominant_component,731,4,65.02513054944575,17.022087436169386,0,local_reschedule,11670,39,240,0.8443016281062553,0.28816896809336984
case_053,5,1472686,474708,474708,492699,3.102298676238867,3.102298676238867,2.9890176355137723,20272004,20272004,6918912,0,20272004,-0.001132810407250946,dominant_component,732,5,74.18439332582057,15.214094400405884,0,directed_split,11670,39,240,0.8443016281062553,0.28816896809336984
case_054,2,815051,510200,510200,517960,1.597512740101921,1.597512740101921,1.5735790408525754,6569360,6569360,49152,0,6569360,-0.0002393369924934552,dominant_component,169,2,92.24879780970514,9.82107294537127,0,directed_split,15751,24,353,0.97708082026538,0.5840315453962877
case_054,3,815051,402111,402111,406980,2.0269303749462213,2.0269303749462213,2.0026807214113718,6732340,6732340,6449034,0,6732340,-0.00024249653534849536,dominant_component,180,3,94.66986870579422,10.88837644457817,0,directed_split,15751,24,353,0.97708082026538,0.5840315453962877
case_054,4,815051,362394,362394,351079,2.2490742120454534,2.2490742120454534,2.3215601047057786,11175330,11175330,6449034,0,11175330,0.0007248589266032513,dominant_component,985,4,102.10813435167074,26.928794395178556,0,region_boundary_15600_0,15751,24,353,0.97708082026538,0.5840315453962877
case_054,5,815051,333071,333071,319320,2.447078851055781,2.447078851055781,2.5524583489916073,11208098,11208098,6449034,0,11208098,0.0010537949793582647,dominant_component,987,5,100.79290069267154,21.731156622990966,0,directed_split,15751,24,353,0.97708082026538,0.5840315453962877
case_055,2,118835,67319,56902,58472,1.7652520090910442,2.0884151699413027,2.032340265426187,841690,176664,57856,0,176664,-0.0005607490451511588,eligible,3,2,6.759991820901632,0.6007396169006824,2.1034038085490465,directed_split,1236,24,27,0.14805825242718446,0.10838296001999431
case_055,3,118835,46854,38966,42047,2.5362829214154607,3.049710003592876,2.8262420624539204,841690,168968,115712,0,168968,-0.002234679411389555,eligible,4,3,7.006923817098141,0.6462649274617434,2.0593386460095644,directed_split,1236,24,27,0.14805825242718446,0.10838296001999431
case_055,4,118835,43548,32118,31367,2.7288279599522367,3.699950183697615,3.788535722255874,1231458,173568,115712,0,173568,0.0008858553855825901,eligible,4,4,6.13454264588654,0.5849100220948458,1.7965500839054585,structural_component_lpt,1236,24,27,0.14805825242718446,0.10838296001999431
case_055,5,118835,37477,24831,25570,3.1708781385916693,4.785751681366034,4.647438404380133,1236058,280068,173568,0,280068,-0.0013831327698590101,eligible,6,5,6.757200689986348,0.6048980541527271,1.9334417190402746,directed_split,1236,24,27,0.14805825242718446,0.10838296001999431
case_056,2,277285,231882,231882,217904,1.1958021752443053,1.1958021752443053,1.272509912622072,4095676,4095676,2871960,0,4095676,0.000767077373777667,dominant_component,241,2,39.824871646240354,4.799813376739621,0,directed_split,7678,19,299,0.9721281583745767,0.9687704561440601
case_056,3,277285,199699,199699,185223,1.3885147146455414,1.3885147146455414,1.4970333057989558,6006214,6006214,2871960,0,6006214,0.0010851859115341433,dominant_component,960,3,40.10290518030524,12.87839956022799,0,grain_0.25,7678,19,299,0.9721281583745767,0.9687704561440601
case_056,4,277285,189615,189615,172573,1.462357935817314,1.462357935817314,1.6067693092198663,6006214,6006214,2871960,0,6006214,0.0014441137340255228,dominant_component,960,4,46.78255217894912,13.238586716353893,0,grain_0.25,7678,19,299,0.9721281583745767,0.9687704561440601
case_056,5,277285,186638,186638,162534,1.4856835156827655,1.4856835156827655,1.7060122805074631,6006214,6006214,2871960,0,6006214,0.0022032876482469765,dominant_component,960,5,46.364502400159836,13.38510942272842,0,grain_0.25,7678,19,299,0.9721281583745767,0.9687704561440601
case_057,2,59726,34504,30047,30183,1.730987711569673,1.9877525210503544,1.9787960109995693,671380,182060,22304,8192,173868,-8.956510050785127e-05,eligible,3,2,3.3087512720376253,0.3469747845083475,0.8288124017417431,region_boundary_1339_0,865,21,100,0.223121387283237,0.22689281771828074
case_057,3,59726,24898,20691,20705,2.398827215037352,2.8865690396790877,2.884617242212026,663192,18228,14112,0,18228,-1.9517974670617554e-05,eligible,4,3,4.224649924784899,0.3291180096566677,1.2095618359744549,region_repartition_2_0,865,21,100,0.223121387283237,0.22689281771828074
case_057,4,59726,22296,16471,16485,2.6787764621456764,3.626130775302046,3.6230512587200487,671384,32328,28224,0,32328,-3.079516581997233e-05,eligible,5,4,4.321961609646678,0.29893503710627556,1.208209354430437,region_repartition_2_0,865,21,100,0.223121387283237,0.22689281771828074
case_057,5,59726,22616,22616,14028,2.6408737177219668,2.6408737177219668,4.257627601938979,857806,857806,14112,0,857806,0.01616753884217012,dominant_component,56,5,3.226296404376626,0.3564480245113373,0,region_boundary_271_0,865,21,100,0.223121387283237,0.22689281771828074
case_058,2,4539717,2658985,2658985,2217447,1.70731200063182,1.70731200063182,2.047271930287398,77066240,77066240,55418880,0,77066240,0.0033995992965557796,all_components_have_large_union_footprint,259,2,281.2463957853615,11.84736229851842,0,random_boundary,16575,255,6,0.00392156862745098,0.00392156862745098
case_058,3,4539717,1910788,1910788,1554831,2.3758349958237126,2.3758349958237126,2.9197494775959574,75853824,75853824,30400512,0,75853824,0.005439144817722448,all_components_have_large_union_footprint,168,3,321.6399128418416,16.476131830364466,0,local_reschedule,16575,255,6,0.00392156862745098,0.00392156862745098
case_058,4,4539717,1624923,1624923,1154519,2.7938043833461648,2.7938043833461648,3.9321284448328697,75767808,75767808,42622976,0,75767808,0.011383240614867049,all_components_have_large_union_footprint,167,4,308.9394502937794,16.47474956139922,0,region_boundary_5099_0,16575,255,6,0.00392156862745098,0.00392156862745098
case_058,5,4539717,1524911,1524911,1004819,2.9770373484091857,2.9770373484091857,4.517945022934478,77762560,77762560,32104448,0,77762560,0.015409076745252928,all_components_have_large_union_footprint,260,5,311.63344384916127,17.768632335588336,0,local_reschedule,16575,255,6,0.00392156862745098,0.00392156862745098
case_059,2,829473,387674,369318,369318,2.1396147278383384,2.2459587672412393,2.2459587672412393,12056576,360448,360448,0,360448,0.0,eligible,2,2,15.29641218855977,2.308484548702836,1.298761086538434,structural_component_lpt,2752,64,21,0.015625,0.015625
case_059,3,829473,263398,254823,256853,3.149124139135453,3.2550947128006498,3.229368549325879,12072960,4196352,6172672,253952,3942400,-0.00025726163474770747,eligible,6,3,20.35013633593917,2.641217151656747,2.506996864452958,directed_split,2752,64,21,0.015625,0.015625
case_059,4,829473,230764,185216,185216,3.594464474528089,4.478408992743607,4.478408992743607,12089344,1081344,1081344,0,1081344,0.0,eligible,4,4,16.9604705106467,1.0662871561944485,2.153924524784088,structural_component_lpt,2752,64,21,0.015625,0.015625
case_059,5,829473,230764,150782,150782,3.594464474528089,5.501140719714555,5.501140719714555,12089344,4325376,4325376,0,4325376,0.0,eligible,5,5,18.89492883719504,2.548487229272723,2.6680701207369566,structural_component_lpt,2752,64,21,0.015625,0.015625
case_060,2,888789,475066,441525,441525,1.870874783714263,2.012998131476134,2.012998131476134,8605406,2746508,2746508,1538060,1208448,0.0,eligible,2,2,51.26753134839237,20.028323903679848,16.267423141747713,structural_component_lpt,5281,89,40,0.03465252793031623,0.027346744287223685
case_060,3,888789,347738,295983,295983,2.555915660641057,3.0028380008311286,3.0028380008311286,13293140,3159296,3159296,834560,2324736,0.0,eligible,3,3,50.25348993577063,19.568999970331788,15.976425878703594,structural_component_lpt,5281,89,40,0.03465252793031623,0.027346744287223685
case_060,4,888789,287298,223107,223107,3.093613599816219,3.9836894404926784,3.9836894404926784,9249456,3960200,3960200,1010696,2949504,0.0,eligible,4,4,51.74814433977008,16.48320018313825,17.228916877880692,structural_component_lpt,5281,89,40,0.03465252793031623,0.027346744287223685
case_060,5,888789,264465,180081,180081,3.3607055754069535,4.935495693604545,4.935495693604545,8681136,3733888,3733888,169984,3563904,0.0,eligible,5,5,51.91728323698044,10.260381169617176,16.871984757483006,structural_component_lpt,5281,89,40,0.03465252793031623,0.027346744287223685
case_061,2,77191,54640,39298,39298,1.4127196193265008,1.9642475444042953,1.9642475444042953,840662,34560,34560,0,34560,0.0,eligible,2,2,4.5082881059497595,0.4361083284020424,1.17844177223742,structural_component_pipe,1115,40,44,0.14977578475336323,0.23506357057691626
case_061,3,77191,38026,28342,28342,2.0299531899226846,2.723555147837132,2.723555147837132,837462,43008,43008,0,43008,0.0,eligible,3,3,6.377760462462902,0.507580641657114,1.7493137679994106,structural_component_pipe,1115,40,44,0.14977578475336323,0.23506357057691626
case_061,4,77191,30297,24024,24024,2.5478100141928244,3.213078588078588,3.213078588078588,840662,70656,70656,0,70656,0.0,eligible,4,4,5.328355556353927,0.45717254281044006,1.3756935484707355,structural_component_lpt,1115,40,44,0.14977578475336323,0.23506357057691626
case_061,5,77191,27573,27573,22283,2.7995140173357993,2.7995140173357993,3.46412063007674,848854,848854,82944,0,848854,0.006646066127409407,dominant_component,71,5,4.130979243665934,0.3422304317355156,0,directed_split,1115,40,44,0.14977578475336323,0.23506357057691626
case_062,2,2854809,1463796,1463796,1432564,1.9502779075772854,1.9502779075772854,1.9927968314155597,3431424,3431424,52224,0,3431424,0.0004251892383827438,insufficient_independent_components,208,2,83.49547012522817,11.564010184258223,0,local_reschedule,19636,1,27,1.0,1.0
case_062,3,2854809,982412,982412,1007579,2.9059182909003556,2.9059182909003556,2.83333515287635,3469824,3469824,52224,0,3469824,-0.000725831380240054,insufficient_independent_components,210,3,92.87914712354541,13.343906501308084,0,region_boundary_1250_0,19636,1,27,1.0,1.0
case_062,4,2854809,744188,744188,756603,3.83613952388375,3.83613952388375,3.77319281049639,3511296,3511296,52224,0,3511296,-0.0006294671338736002,insufficient_independent_components,210,4,92.29568460397422,12.278321912512183,0,local_reschedule,19636,1,27,1.0,1.0
case_062,5,2854809,605685,605685,673310,4.71335595235147,4.71335595235147,4.239962275920453,3469824,3469824,52224,0,3469824,-0.0047339367643101675,insufficient_independent_components,210,5,91.3784513566643,13.264752550050616,0,region_boundary_1250_0,19636,1,27,1.0,1.0
case_063,2,1070397,552512,552512,538695,1.9373280580331287,1.9373280580331287,1.9870186283518503,1903104,1903104,36864,0,1903104,0.000496905703187216,insufficient_independent_components,115,2,30.63951462879777,3.0747164338827133,0,greedy,7360,1,25,1.0,1.0
case_063,3,1070397,371366,371366,360020,2.882323637597411,2.882323637597411,2.973159824454197,1903104,1903104,36864,0,1903104,0.0009083618685678596,insufficient_independent_components,115,3,27.389530083164573,2.9136467464268208,0,greedy,7360,1,25,1.0,1.0
case_063,4,1070397,283231,283231,337110,3.7792367360917414,3.7792367360917414,3.1752158049301413,1915392,1915392,36864,0,1915392,-0.006040209311616001,insufficient_independent_components,116,4,31.02710304223001,3.136061243712902,0,directed_split,7360,1,25,1.0,1.0
case_063,5,1070397,229053,229053,337213,4.673141150738039,4.673141150738039,3.1742459513719816,1920000,1920000,36864,0,1920000,-0.014988951993660576,insufficient_independent_components,116,5,30.871381882578135,2.6319426838308573,0,local_reschedule,7360,1,25,1.0,1.0
case_064,2,19116,19089,19089,19116,1.0014144271570014,1.0014144271570014,1.0,17994,17994,0,0,17994,-1.4144271570013522e-05,insufficient_independent_components,4,1,2.628103407099843,0.16095185466110706,0,random_split,906,1,122,1.0,1.0
case_064,3,19116,19089,19089,17462,1.0014144271570014,1.0014144271570014,1.0947199633489864,17994,17994,104006,0,17994,0.00093305536191985,insufficient_independent_components,4,1,1.9395068883895874,0.2229040525853634,0,random_split,906,1,122,1.0,1.0
case_064,4,19116,19076,19076,16917,1.0020968756552737,1.0020968756552737,1.1299875864514985,15692,15692,104006,0,15692,0.0012789071079622482,insufficient_independent_components,3,1,2.2859187722206116,0.18962343782186508,0,directed_split,906,1,122,1.0,1.0
case_064,5,19116,19083,19083,16917,1.0017292878478228,1.0017292878478228,1.1299875864514985,7366,7366,104006,0,7366,0.0012825829860367577,insufficient_independent_components,2,1,2.3645729515701532,0.2296048328280449,0,multilevel,906,1,122,1.0,1.0
case_065,2,53068,28757,26410,26802,1.8453941648989811,2.0093903824308974,1.9800014924259384,100936,13984,13968,0,13984,-0.0002938889000495903,eligible,3,2,3.354193380102515,0.2778884768486023,1.0119009129703045,directed_split,704,42,27,0.08664772727272728,0.05801959258594202
case_065,3,53068,22795,17964,17851,2.328054397894275,2.9541304831885995,2.972830653744888,443572,27936,27936,0,27936,0.00018700170556288587,eligible,3,3,3.5058201514184475,0.27732562832534313,1.0352859236299992,structural_component_lpt,704,42,27,0.08664772727272728,0.05801959258594202
case_065,4,53068,18606,13800,13800,2.852198215629367,3.8455072463768114,3.8455072463768114,452788,41904,41904,0,41904,0.0,eligible,4,4,3.6794059816747904,0.31526503898203373,1.0267340894788504,structural_component_lpt,704,42,27,0.08664772727272728,0.05801959258594202
case_065,5,53068,18100,10949,10984,2.9319337016574587,4.846835327427162,4.8313911143481425,452788,66132,55872,0,66132,-0.00015444213079019776,eligible,6,5,3.4248014204204082,0.24903651885688305,0.9018049985170364,directed_split,704,42,27,0.08664772727272728,0.05801959258594202
case_066,2,359070,242005,242005,224303,1.4837296750067148,1.4837296750067148,1.6008256688497255,4846614,4846614,2359826,0,4846614,0.0011709599384301073,dominant_component,374,2,30.473591586574912,4.8015043791383505,0,local_reschedule,5962,28,153,0.6164038913116404,0.6847608183542466
case_066,3,359070,176353,176353,186195,2.03608671244606,2.03608671244606,1.9284620961894787,4877334,4877334,2359826,0,4877334,-0.0010762461625658127,dominant_component,375,3,27.56209204904735,5.12797112390399,0,directed_split,5962,28,153,0.6164038913116404,0.6847608183542466
case_066,4,359070,162001,162001,160861,2.216467799581484,2.216467799581484,2.2321756050254566,5725374,5725374,3394350,0,5725374,0.00015707805443972766,dominant_component,746,4,30.72269800119102,7.906224150210619,0,grain_0.25,5962,28,153,0.6164038913116404,0.6847608183542466
case_066,5,359070,140194,140194,150435,2.5612365721785526,2.5612365721785526,2.386878053644431,5725374,5725374,3394350,0,5725374,-0.0017435851853412165,dominant_component,746,5,29.002762474119663,6.861783470958471,0,grain_0.25,5962,28,153,0.6164038913116404,0.6847608183542466
case_067,2,63834834,32203165,32203165,33768704,1.9822534213640182,1.9822534213640182,1.890354868223548,262601984,262601984,264024576,1474560,261127424,-0.0009189855314047013,all_components_have_large_union_footprint,551,2,40.21580225229263,7.231061436235905,0,local_reschedule,8804,71,123,0.014084507042253521,0.014084507042253521
case_067,3,63834834,21585693,21585693,23568859,2.957275172958311,2.957275172958311,2.7084397254869232,247821184,247821184,263599744,0,247821184,-0.002488354474713876,all_components_have_large_union_footprint,1101,3,48.114103792235255,14.62089884839952,0,grain_0.25,8804,71,123,0.014084507042253521,0.014084507042253521
case_067,4,63834834,16358776,16358776,18473155,3.902176666518326,3.902176666518326,3.4555458447677183,262601984,262601984,263174912,884736,261717248,-0.004466308217506079,all_components_have_large_union_footprint,552,4,49.46107230708003,7.7559839859604836,0,directed_split,8804,71,123,0.014084507042253521,0.014084507042253521
case_067,5,63834834,13455316,13455316,15931687,4.744209203262116,4.744209203262116,4.006784341168641,262606080,262606080,262750080,1474560,261131520,-0.007374248620934756,all_components_have_large_union_footprint,552,5,50.67834637872875,6.838302867487073,0,local_reschedule,8804,71,123,0.014084507042253521,0.014084507042253521
case_068,2,362095,243395,243395,248296,1.48768462786828,1.48768462786828,1.4583199084963108,4401532,4401532,2523976,0,4401532,-0.0002936471937196927,dominant_component,335,2,23.875700967386365,4.24547678232193,0,grain_0.5,5351,32,263,0.7804148757241637,0.8026641060739167
case_068,3,362095,224168,224168,213549,1.6152840726597908,1.6152840726597908,1.695606160646971,4401532,4401532,2523976,0,4401532,0.0008032208798718022,dominant_component,335,3,23.303002825006843,4.498181328177452,0,local_reschedule,5351,32,263,0.7804148757241637,0.8026641060739167
case_068,4,362095,225518,225518,184479,1.6056146294309102,1.6056146294309102,1.9627979336401433,4426108,4426108,2523976,0,4426108,0.0035718330420923317,dominant_component,336,4,26.043951673433185,4.625862142071128,0,directed_split,5351,32,263,0.7804148757241637,0.8026641060739167
case_068,5,362095,226325,226325,177749,1.5998895393792114,1.5998895393792114,2.037114132850255,4426684,4426684,2523976,0,4426684,0.004372245934710437,dominant_component,337,5,22.979230558499694,3.293609570711851,0,directed_split,5351,32,263,0.7804148757241637,0.8026641060739167
case_069,2,25144,21862,21862,19207,1.1501235019668832,1.1501235019668832,1.3091060550840838,514378,514378,351116,0,514378,0.0015898255311720066,insufficient_independent_components,19,2,3.7311807554215193,0.3121309448033571,0,directed_split,1032,1,45,1.0,1.0
case_069,3,25144,21862,21862,16983,1.1501235019668832,1.1501235019668832,1.480539362892304,514378,514378,351116,0,514378,0.0033041586092542085,insufficient_independent_components,19,2,3.689725810661912,0.20127320103347301,0,directed_split,1032,1,45,1.0,1.0
case_069,4,25144,21862,21862,16296,1.1501235019668832,1.1501235019668832,1.5429553264604812,514378,514378,351116,0,514378,0.00392831824493598,insufficient_independent_components,19,2,3.455074816942215,0.28129991330206394,0,directed_split,1032,1,45,1.0,1.0
case_069,5,25144,24830,24830,15746,1.0126459927507048,1.0126459927507048,1.5968499936491807,71044,71044,351116,0,71044,0.005842040008984759,insufficient_independent_components,2,1,2.7816421296447515,0.27830059453845024,0,directed_split,1032,1,45,1.0,1.0
case_070,2,117300,66479,58498,58498,1.7644669745333112,2.005196758863551,2.005196758863551,447850,129536,129536,0,129536,0.0,eligible,2,2,4.858609851449728,0.38833189755678177,1.6864148154854774,structural_component_pipe,1191,38,34,0.23929471032745592,0.0950638730960904
case_070,3,117300,60156,39333,39333,1.9499301815280272,2.9822286629547707,2.9822286629547707,1611692,259072,259072,0,259072,0.0,eligible,3,3,5.680318085476756,0.5710500683635473,1.5971320066601038,structural_component_lpt,1191,38,34,0.23929471032745592,0.0950638730960904
case_070,4,117300,48767,30080,30080,2.405315069616749,3.8996010638297873,3.8996010638297873,1611692,333312,333312,0,333312,0.0,eligible,4,4,5.601515967398882,0.5502056963741779,1.5637862160801888,structural_component_lpt,1191,38,34,0.23929471032745592,0.0950638730960904
case_070,5,117300,44868,25374,25374,2.614335383792458,4.622842279498699,4.622842279498699,1611692,449024,449024,0,449024,0.0,eligible,5,5,4.663327291607857,0.6130483541637659,1.03161096945405,structural_component_lpt,1191,38,34,0.23929471032745592,0.0950638730960904
case_071,2,18919,18901,18901,14826,1.0009523305645205,1.0009523305645205,1.2760690678537705,93316,93316,249642,0,93316,0.0027511673728925,insufficient_independent_components,2,1,2.222032720223069,0.20335350558161736,0,multilevel,741,1,45,1.0,1.0
case_071,3,18919,18757,18757,13216,1.0086367756037746,1.0086367756037746,1.431522397094431,57220,57220,249642,0,57220,0.004228856214906564,insufficient_independent_components,2,1,2.2478637024760246,0.18530411645770073,0,directed_split,741,1,45,1.0,1.0
case_071,4,18919,18449,18449,12853,1.0254756355358015,1.0254756355358015,1.4719520734458882,155940,155940,249642,0,155940,0.004464764379100867,insufficient_independent_components,4,2,2.415765827521682,0.20187262631952763,0,region_boundary_739_0,741,1,45,1.0,1.0
case_071,5,18919,18757,18757,12502,1.0086367756037746,1.0086367756037746,1.5132778755399137,57220,57220,249642,0,57220,0.00504641099936139,insufficient_independent_components,2,1,2.0675584748387337,0.1450615655630827,0,directed_split,741,1,45,1.0,1.0
case_072,2,23897828,12769723,12769723,11610962,1.8714445097986856,1.8714445097986856,2.0582125753232163,208949012,208949012,114461472,1472256,207476756,0.0018676806552453073,all_components_have_large_union_footprint,367,2,276.8406271971762,32.14355397969484,0,multilevel,29666,476,250,0.2069709431672622,0.006280940753295935
case_072,3,23897828,8956496,8956496,7835724,2.6682117649580817,2.6682117649580817,3.0498557631687895,208995092,208995092,115133216,251136,208743956,0.0038164399821070784,all_components_have_large_union_footprint,368,3,289.3506772071123,32.875341076403856,0,local_reschedule,29666,476,250,0.2069709431672622,0.006280940753295935
case_072,4,23897828,7126265,7126265,5885879,3.3534857320068787,3.3534857320068787,4.060196956138582,209781524,209781524,118934304,251136,209530388,0.007067112241317033,all_components_have_large_union_footprint,375,4,293.9505778271705,38.5331467743963,0,region_boundary_22433_0,29666,476,250,0.2069709431672622,0.006280940753295935
case_072,5,23897828,6027316,6027316,4785281,3.964920372517386,3.964920372517386,4.994028145891537,210879252,210879252,121807536,251136,210628116,0.010291077733741511,all_components_have_large_union_footprint,388,5,284.07901611737907,36.77275091968477,0,directed_split,29666,476,250,0.2069709431672622,0.006280940753295935
case_073,2,10081626,5168597,5168597,5980423,1.9505536995823045,1.9505536995823045,1.6857713910872192,124388224,124388224,141121024,2359296,122028928,-0.0026478230849508533,all_components_have_large_union_footprint,304,2,22.85014803148806,3.352694632485509,0,directed_split,4836,39,123,0.02564102564102564,0.02564102564102564
case_073,3,10081626,3836078,3836078,4515227,2.6281076662153375,2.6281076662153375,2.232806013961203,131784832,131784832,140671616,1179648,130605184,-0.003953016522541346,all_components_have_large_union_footprint,153,3,19.822457663714886,2.7043650709092617,0,directed_split,4836,39,123,0.02564102564102564,0.02564102564102564
case_073,4,10081626,3249411,3249411,3903787,3.1026010560067654,3.1026010560067654,2.5825246100773427,131636352,131636352,140222208,1179648,130456704,-0.005200764459294227,all_components_have_large_union_footprint,152,4,23.143988464027643,2.5209842640906572,0,grain_1.0,4836,39,123,0.02564102564102564,0.02564102564102564
case_073,5,10081626,3017992,3017992,3517515,3.340507860855827,3.340507860855827,2.8661216796516857,124387200,124387200,139772800,2359296,122027904,-0.004743861812041414,all_components_have_large_union_footprint,303,5,20.474597200751305,3.7305341325700283,0,local_reschedule,4836,39,123,0.02564102564102564,0.02564102564102564
case_074,2,1682239,917940,831774,826889,1.8326241366538119,2.022471248199631,2.034419371886674,15405612,6869040,6168576,3543040,3326000,0.00011948123687043122,eligible,3,2,26.63604380004108,5.317714925855398,10.18354799412191,directed_split,3609,73,38,0.07453588251593239,0.03294552784273819
case_074,3,1682239,636584,551928,548347,2.64260333278876,3.0479319766346333,3.06783660711192,15376940,7438392,7626752,2138112,5300280,0.00019904630477286746,eligible,4,3,29.755103381350636,6.423973498865962,9.18353072553873,directed_split,3609,73,38,0.07453588251593239,0.03294552784273819
case_074,4,1682239,514886,414717,418987,3.2672067214878635,4.056354092067603,4.015014785661608,15704620,8323084,7852032,1613824,6709260,-0.0004133930640599548,eligible,6,4,32.978672076016665,6.726452188566327,10.808246295899153,region_repartition_2_0,3609,73,38,0.07453588251593239,0.03294552784273819
case_074,5,1682239,460943,335011,334111,3.6495597069485815,5.021444071985696,5.034970414024082,17429468,8036364,9535488,974848,7061516,0.00013526342038385763,eligible,6,5,30.338513363152742,5.6156206745654345,9.687487583607435,directed_split,3609,73,38,0.07453588251593239,0.03294552784273819
case_075,2,1441809,1008737,1008737,1003706,1.429321022228787,1.429321022228787,1.4364853851625874,12444746,12444746,7676346,0,12444746,7.164362933800294e-05,insufficient_independent_components,927,2,41.05105412006378,13.534509517252445,0,grain_0.25,7410,1,459,1.0,1.0
case_075,3,1441809,778382,778382,813825,1.8523154440878644,1.8523154440878644,1.7716450096765275,12461130,12461130,7676346,0,12461130,-0.0008067043441133692,insufficient_independent_components,928,3,42.10543759353459,12.676753990352154,0,directed_split,7410,1,459,1.0,1.0
case_075,4,1441809,698816,698816,732196,2.0632169269163843,2.0632169269163843,1.9691571655676896,12461130,12461130,7676346,0,12461130,-0.0009405976134869465,insufficient_independent_components,928,4,39.76897817105055,12.87297185510397,0,directed_split,7410,1,459,1.0,1.0
case_075,5,1441809,709725,709725,660780,2.0315037514530276,2.0315037514530276,2.1819803868155816,12444746,12444746,10855040,0,12444746,0.0015047663536255395,insufficient_independent_components,927,5,42.722925525158644,11.79854817315936,0,grain_0.25,7410,1,459,1.0,1.0
case_076,2,6185113,3525184,3065214,3063226,1.7545504007734065,2.017840516192344,2.0191500725052607,95300232,31095808,50492416,27021312,4074496,1.3095563129166266e-05,eligible,2,2,331.126610012725,1748.8620788846165,67.47296083159745,structural_component_lpt,32528,809,12,0.003750614854894245,0.003789071083686208
case_076,3,6185113,2533451,2050028,2047233,2.4413785780739397,3.017087083688613,3.021206184151975,95528584,34332672,51227648,26183680,8148992,4.119100463361836e-05,eligible,3,3,350.7394724264741,1697.3731824159622,70.45610740967095,structural_component_lpt,32528,809,12,0.003750614854894245,0.003789071083686208
case_076,4,6185113,2060009,1540201,1535415,3.002468921252286,4.015783004945458,4.028300492049381,95823496,37442560,52128768,25219072,12223488,0.0001251748710392242,eligible,4,4,332.82027788832784,1705.147581808269,70.45984661765397,structural_component_lpt,32528,809,12,0.003750614854894245,0.003789071083686208
case_076,5,6185113,1866236,1236760,1234641,3.3142180303027056,5.001061644943238,5.009644908924942,95300232,38841548,53274624,21445632,17395916,8.583263981703837e-05,eligible,6,5,348.11487849615514,1539.892607403919,68.71436606161296,directed_split,32528,809,12,0.003750614854894245,0.003789071083686208
case_077,2,495320,304715,248734,248734,1.625518927522439,1.9913642686564763,1.9913642686564763,4964904,57344,57344,0,57344,0.0,eligible,2,2,30.743923844769597,6.6274320390075445,10.304140653461218,structural_component_lpt,4486,41,134,0.4672313865358894,0.17979394930498774
case_077,3,495320,215300,168976,168976,2.3006038086391083,2.9313038538017233,2.9313038538017233,4973096,114688,114688,0,114688,0.0,eligible,3,3,30.885335689410567,6.635469801723957,9.742458021268249,structural_component_lpt,4486,41,134,0.4672313865358894,0.17979394930498774
case_077,4,495320,176182,127832,127832,2.8114109273365044,3.8747731397459164,3.8747731397459164,4964904,114688,114688,0,114688,0.0,eligible,4,4,30.456338673830032,5.7836366686969995,9.349862972274423,structural_component_lpt,4486,41,134,0.4672313865358894,0.17979394930498774
case_077,5,495320,157540,115141,115617,3.1440903897422876,4.301855985270234,4.284145065172077,4964904,225046,172032,0,225046,-0.0001771092009815689,eligible,6,5,27.146996643394232,4.27042274735868,6.940423684194684,directed_split,4486,41,134,0.4672313865358894,0.17979394930498774
case_078,2,2296143,1179848,1179848,1177840,1.946134586828134,1.946134586828134,1.9494523874210419,11466240,11466240,13146912,0,11466240,3.3178005929079825e-05,all_components_have_large_union_footprint,32,2,3.6856334675103426,0.3180579151958227,0,local_reschedule,1024,8,123,0.125,0.125
case_078,3,2296143,840459,840459,910165,2.732010722712232,2.732010722712232,2.5227766394005484,12294144,12294144,13620024,0,12294144,-0.002092340833116837,all_components_have_large_union_footprint,34,3,3.7251386269927025,0.3527445327490568,0,random_boundary,1024,8,123,0.125,0.125
case_078,4,2296143,733614,733614,690924,3.1299061904489283,3.1299061904489283,3.3232931552529656,12294144,12294144,13146912,0,12294144,0.001933869648040374,all_components_have_large_union_footprint,34,4,3.9496504813432693,0.35243512131273746,0,random_boundary,1024,8,123,0.125,0.125
case_078,5,2296143,689105,689105,663941,3.3320655052568187,3.3320655052568187,3.458353980248245,17084496,17084496,13620024,0,17084496,0.0012628847499142636,all_components_have_large_union_footprint,128,5,3.9453702326864004,0.31920059211552143,0,grain_0.25,1024,8,123,0.125,0.125
case_079,2,31052251,14956594,14956594,14772668,2.0761579140277524,2.0761579140277524,2.102006963129477,242368512,242368512,57446400,0,242368512,0.00025849049101724477,all_components_have_large_union_footprint,293,2,143.22960446029902,20.20457948744297,0,greedy,18720,288,7,0.003472222222222222,0.003472222222222222
case_079,3,31052251,10110322,10110322,9860476,3.0713414468896243,3.0713414468896243,3.1491634886591684,242354176,242354176,59879424,0,242354176,0.000778220417695441,all_components_have_large_union_footprint,293,3,149.27204957418144,19.640319319441915,0,region_boundary_1139_0,18720,288,7,0.003472222222222222,0.003472222222222222
case_079,4,31052251,7654780,7654780,7404380,4.056583076195528,4.056583076195528,4.193767877931711,260438016,260438016,62312448,0,260438016,0.0013718480173618274,all_components_have_large_union_footprint,585,4,144.83730993047357,27.460704386234283,0,grain_1.0,18720,288,7,0.003472222222222222,0.003472222222222222
case_079,5,31052251,6193893,6193893,5972750,5.013365745904878,5.013365745904878,5.198987233686325,260438016,260438016,63731712,0,260438016,0.0018562148778144749,all_components_have_large_union_footprint,585,5,150.87484379671514,31.428720155730844,0,grain_1.0,18720,288,7,0.003472222222222222,0.003472222222222222
case_080,2,292138,171205,171205,145926,1.706363716012967,1.706363716012967,2.0019598974822856,4120576,4120576,2191360,0,4120576,0.0029559618146931866,all_components_have_large_union_footprint,18,2,5.657111316919327,0.5380328074097633,0,region_boundary_284_0,1098,18,6,0.05555555555555555,0.05555555555555555
case_080,3,292138,139696,139696,100325,2.0912409804146144,2.0912409804146144,2.9119162721156244,4927488,4927488,3047424,0,4927488,0.008206752917010101,all_components_have_large_union_footprint,36,3,5.59346491843462,0.3465018980205059,0,region_boundary_784_0,1098,18,6,0.05555555555555555,0.05555555555555555
case_080,4,292138,127654,127654,111314,2.2885142651229105,2.2885142651229105,2.6244497547478303,4894720,4894720,4190208,0,4894720,0.0033593548962491983,all_components_have_large_union_footprint,35,4,6.175763517618179,0.6618868242949247,0,grain_1.0,1098,18,6,0.05555555555555555,0.05555555555555555
case_080,5,292138,119713,119713,113455,2.4403197647707433,2.4403197647707433,2.574923978669957,4894720,4894720,4571136,0,4894720,0.0013460421389921385,all_components_have_large_union_footprint,35,5,6.203993279486895,0.5596098117530346,0,grain_1.0,1098,18,6,0.05555555555555555,0.05555555555555555
case_081,2,151795,79149,76860,76860,1.9178385071194834,1.9749544626593807,1.9749544626593807,245880,0,0,0,0,0.0,eligible,2,2,15.508241644129157,4.177256224676967,1.9079413246363401,structural_component_lpt,3485,85,11,0.011764705882352941,0.011764705882352941
case_081,3,151795,54638,51943,51943,2.7781946630550167,2.9223379473653814,2.9223379473653814,262268,0,0,0,0,0.0,eligible,3,3,18.377119686454535,2.811316194012761,2.1313235461711884,structural_component_lpt,3485,85,11,0.011764705882352941,0.011764705882352941
case_081,4,151795,42731,39588,39588,3.5523390512742505,3.834369000707285,3.834369000707285,239722,0,0,0,0,0.0,eligible,4,4,18.651162445545197,2.1514190565794706,2.6730991397053003,structural_component_lpt,3485,85,11,0.011764705882352941,0.011764705882352941
case_081,5,151795,39206,30943,30943,3.8717288170178032,4.905632937982743,4.905632937982743,247920,0,0,0,0,0.0,eligible,5,5,17.226037804037333,1.8022854905575514,2.531189016997814,structural_component_lpt,3485,85,11,0.011764705882352941,0.011764705882352941
case_082,2,721041,497483,497483,501558,1.4493781697063015,1.4493781697063015,1.4376024308255475,5740350,5740350,4403200,0,5740350,-0.00011775738880754006,insufficient_independent_components,262,2,21.755069451406598,2.1370746549218893,0,directed_split,4113,1,137,1.0,1.0
case_082,3,721041,378014,378014,405013,1.9074452268963584,1.9074452268963584,1.7802910030048418,7216752,7216752,4403200,0,7216752,-0.0012715422389151666,insufficient_independent_components,516,3,18.976345047354698,3.906062277033925,0,directed_split,4113,1,137,1.0,1.0
case_082,4,721041,328283,328283,352859,2.196400666498113,2.196400666498113,2.0434252775187822,5723710,5723710,4403200,0,5723710,-0.0015297538897933061,insufficient_independent_components,261,4,15.207915335893631,3.077366603538394,0,directed_split,4113,1,137,1.0,1.0
case_082,5,721041,312290,312290,328309,2.3088827692209164,2.3088827692209164,2.1962267254324432,5703230,5703230,4403200,0,5703230,-0.0011265604378847315,insufficient_independent_components,260,5,20.134058829396963,3.1513501554727554,0,local_reschedule,4113,1,137,1.0,1.0
case_083,2,1057993,543456,543456,635418,1.9467868603898015,1.9467868603898015,1.665034670091184,25772480,25772480,20416320,0,25772480,-0.0028175219029861753,all_components_have_large_union_footprint,61,2,16.346733594313264,1.4738935716450214,0,region_repartition_3_0,3844,31,123,0.03225806451612903,0.03225806451612903
case_083,3,1057993,436908,436908,512623,2.421546412517052,2.421546412517052,2.0638812538649263,19450976,19450976,14842752,6855168,12595808,-0.0035766515865212557,all_components_have_large_union_footprint,17,3,13.342671699821949,1.9885471872985363,0,region_repartition_2_0,3844,31,123,0.03225806451612903,0.03225806451612903
case_083,4,1057993,417384,417384,450029,2.534819255170299,2.534819255170299,2.350944050272316,19407232,19407232,14977600,7223808,12183424,-0.0018387520489798303,all_components_have_large_union_footprint,17,4,15.647495873272419,1.997612375766039,0,directed_split,3844,31,123,0.03225806451612903,0.03225806451612903
case_083,5,1057993,391729,391729,442480,2.700828889359736,2.700828889359736,2.3910527029470257,19753696,19753696,15058048,6427616,13326080,-0.003097761864127104,all_components_have_large_union_footprint,16,5,14.013488784432411,2.1946923043578863,0,region_repartition_2_0,3844,31,123,0.03225806451612903,0.03225806451612903
case_084,2,2507412,1273413,1254320,1255052,1.9690485333509238,1.9990209834810893,1.9978550689533183,18432,27648,0,0,27648,-1.1659145277709282e-05,eligible,5,2,70.44044405221939,53.953892249614,11.958270508795977,directed_split,8616,1077,7,0.0009285051067780873,0.0009285051067780873
case_084,3,2507412,863488,836116,836220,2.903818003261192,2.9988805381071524,2.998507569778288,0,18432,0,0,18432,-3.729683288642427e-06,eligible,5,3,69.28249398060143,20.510606814175844,10.563498500734568,directed_split,8616,1077,7,0.0009285051067780873,0.0009285051067780873
case_084,4,2507412,657524,629028,629028,3.813415175719822,3.986169137144928,3.986169137144928,0,0,0,0,0,0.0,eligible,4,4,68.29853094741702,24.367746584117413,10.677049761638045,structural_component_lpt,8616,1077,7,0.0009285051067780873,0.0009285051067780873
case_084,5,2507412,526456,503472,503472,4.762813986354035,4.98024120507198,4.98024120507198,0,0,0,0,0,0.0,eligible,5,5,64.46974426135421,19.081542501226068,9.483548371121287,structural_component_lpt,8616,1077,7,0.0009285051067780873,0.0009285051067780873
case_085,2,3187899,2334501,2334501,2274543,1.3655590637999298,1.3655590637999298,1.4015558290170818,34301210,34301210,17060962,0,34301210,0.00035996765217152007,insufficient_independent_components,2468,2,114.51072887517512,72.53293627686799,0,grain_0.25,19737,1,449,1.0,1.0
case_085,3,3187899,1626396,1626396,1944716,1.960100123217224,1.960100123217224,1.6392619796412433,34301210,34301210,17060962,0,34301210,-0.003208381435759806,insufficient_independent_components,2468,3,126.55828055180609,69.35096682608128,0,grain_0.25,19737,1,449,1.0,1.0
case_085,4,3187899,1324330,1324330,1787421,2.407178724336079,2.407178724336079,1.7835188240487272,34301210,34301210,17060962,0,34301210,-0.00623659900287352,insufficient_independent_components,2468,4,135.18273543566465,73.2927569244057,0,grain_0.25,19737,1,449,1.0,1.0
case_085,5,3187899,1169044,1169044,1698406,2.72692815668187,2.72692815668187,1.8769946644088633,34301210,34301210,17060962,0,34301210,-0.008499334922730068,insufficient_independent_components,2468,5,137.34013065695763,67.67705746926367,0,grain_0.25,19737,1,449,1.0,1.0
case_086,2,118403,102016,102016,89999,1.1606316656210791,1.1606316656210791,1.31560350670563,2674522,2674522,2032128,0,2674522,0.0015497184108455087,insufficient_independent_components,84,2,22.99091841094196,1.3947119433432817,0,directed_split,5274,1,137,1.0,1.0
case_086,3,118403,97297,97297,80534,1.2169234405994018,1.2169234405994018,1.4702237564258573,3334272,3334272,2032128,0,3334272,0.002533003158264555,insufficient_independent_components,165,3,25.587742133066058,3.171767685562372,0,grain_1.0,5274,1,137,1.0,1.0
case_086,4,118403,98592,98592,77618,1.2009392242778318,1.2009392242778318,1.5254580123167307,3359618,3359618,2032128,0,3359618,0.0032451878803889888,insufficient_independent_components,166,4,23.281025353819132,2.0664906725287437,0,directed_split,5274,1,137,1.0,1.0
case_086,5,118403,99507,99507,77542,1.1898961882078647,1.1898961882078647,1.526953135075185,3359618,3359618,2032128,0,3359618,0.0033705694686732035,insufficient_independent_components,166,5,25.18201550282538,3.063371041789651,0,directed_split,5274,1,137,1.0,1.0
case_087,2,3974071,2320950,1987606,1968649,1.712260496779336,1.999425942566082,2.0186793074844727,41490238,10142208,14031360,8137728,2004480,0.00019253364918390582,eligible,2,2,320.57706586271524,867.5729372426867,80.73602399602532,structural_component_pipe,27556,196,381,0.4606256350704021,0.15076897344344456
case_087,3,3974071,1760458,1374901,1374204,2.2574074473801704,2.890441566338231,2.891907606148723,46056776,11036160,15068160,7027200,4008960,1.4660398104919814e-05,eligible,3,3,329.21300619095564,843.894388595596,84.59865111671388,structural_component_lpt,27556,196,381,0.4606256350704021,0.15076897344344456
case_087,4,3974071,1478670,1046846,1071324,2.687598314701725,3.796232683699417,3.7094949800433854,57134564,12607488,15552000,7285248,5322240,-0.000867377036560315,eligible,4,4,316.1359972525388,703.989498687908,73.19758783839643,structural_component_lpt,27556,196,381,0.4606256350704021,0.15076897344344456
case_087,5,3974071,1309863,833349,885851,3.033959276657177,4.768795546643723,4.486161894043129,57102308,12487680,13547520,7303680,5184000,-0.002826336526005937,eligible,5,5,330.82647860236466,673.4399586562067,86.2177520301193,structural_component_lpt,27556,196,381,0.4606256350704021,0.15076897344344456
case_088,2,243623,163881,163881,171347,1.4865847779791435,1.4865847779791435,1.421810711596935,2935364,2935364,1965530,0,2935364,-0.000647740663822085,dominant_component,207,2,14.058466520160437,1.9951265919953585,0,region_boundary_4720_0,3309,31,175,0.8455726805681475,0.8076180301598389
case_088,3,243623,153688,153688,149409,1.585179064077872,1.585179064077872,1.6305778099043564,2932484,2932484,1965530,0,2932484,0.000453987458264844,dominant_component,207,3,11.656935829669237,1.408259391784668,0,grain_0.5,3309,31,175,0.8455726805681475,0.8076180301598389
case_088,4,243623,153194,153194,128433,1.5902907424572763,1.5902907424572763,1.8968878714972008,2957060,2957060,1965530,0,2957060,0.0030659712903992452,dominant_component,208,4,15.32225656695664,2.2533596009016037,0,region_placement_0,3309,31,175,0.8455726805681475,0.8076180301598389
case_088,5,243623,151301,151301,120136,1.6101876392092584,1.6101876392092584,2.0278933874941734,2932484,2932484,1965530,0,2932484,0.004177057482849149,dominant_component,207,5,15.61496802046895,2.084438359364867,0,local_reschedule,3309,31,175,0.8455726805681475,0.8076180301598389
case_089,2,693092,372491,346832,346832,1.8606946208096302,1.998350786547954,1.998350786547954,7550384,238720,238720,0,238720,0.0,eligible,2,2,26.079566206783056,4.966080255806446,3.5110954269766808,structural_component_lpt,5120,40,123,0.025,0.025
case_089,3,693092,261276,243614,243614,2.652719729328373,2.8450417463692563,2.8450417463692563,6490456,477440,477440,0,477440,0.0,eligible,3,3,17.874435484409332,3.573206715285778,2.317898578941822,structural_component_lpt,5120,40,123,0.025,0.025
case_089,4,693092,207130,178160,178160,3.3461690725631246,3.8902784014369107,3.8902784014369107,7573424,716160,716160,0,716160,0.0,eligible,4,4,27.04221847653389,1.9838124979287386,3.585090845823288,structural_component_lpt,5120,40,123,0.025,0.025
case_089,5,693092,186952,147432,147432,3.707325944627498,4.701096098540344,4.701096098540344,7632672,954880,954880,0,954880,0.0,eligible,5,5,24.827166130766273,2.1598857156932354,3.291668212041259,structural_component_lpt,5120,40,123,0.025,0.025
case_090,2,1178363,625263,625263,749238,1.884587765468291,1.884587765468291,1.5727485792231575,18405960,18405960,22756464,0,18405960,-0.003118391862451335,all_components_have_large_union_footprint,52,2,6.368767781183124,0.5652106832712889,0,region_repartition_3_0,1664,13,123,0.07692307692307693,0.07692307692307693
case_090,3,1178363,550183,550183,629162,2.1417655580052455,2.1417655580052455,1.8729087262104196,25354368,25354368,22756464,500736,24853632,-0.002688568317948259,all_components_have_large_union_footprint,26,3,6.60668621212244,0.5950771663337946,0,region_boundary_1435_0,1664,13,123,0.07692307692307693,0.07692307692307693
case_090,4,1178363,527825,527825,584048,2.232488040543741,2.232488040543741,2.017579034599896,19402440,19402440,23260680,0,19402440,-0.00214909005943845,all_components_have_large_union_footprint,52,4,5.766219194978476,0.47665997594594955,0,region_placement_0,1664,13,123,0.07692307692307693,0.07692307692307693
case_090,5,1178363,509204,509204,522757,2.3141275402392756,2.3141275402392756,2.2541314606978005,19405512,19405512,23260680,0,19405512,-0.0005999607954147512,all_components_have_large_union_footprint,53,5,6.327515726909041,0.5340502001345158,0,directed_split,1664,13,123,0.07692307692307693,0.07692307692307693
case_091,2,9186769,5254557,4571759,4553097,1.7483432000071557,2.0094604724352267,2.017696745753495,105577492,57904096,65804096,51425760,6478336,8.23627331826815e-05,eligible,2,2,862.6602316237986,1018.9636994022876,84.9171910341829,structural_component_lpt,31554,513,123,0.004658680357482411,0.006338765442868494
case_091,3,9186769,3711295,3070918,3051053,2.4753540206316123,2.991538360841937,3.0110158689475406,105734164,60928832,68833088,45703488,15225344,0.00019477508105603559,eligible,4,3,864.2981308680028,837.0746772754937,84.97305356897414,directed_split,31554,513,123,0.004658680357482411,0.006338765442868494
case_091,4,9186769,2963609,2315897,2308294,3.0998586520691496,3.9668296992482825,3.9798955419023745,105778708,69360288,70513824,49925280,19435008,0.00013065842654091941,eligible,4,4,855.9367509260774,945.6821911521256,80.45375143177807,structural_component_lpt,31554,513,123,0.004658680357482411,0.006338765442868494
case_091,5,9186769,2518651,1880163,1866216,3.647495822168296,4.886155615231233,4.922671866493482,105666580,73234432,74199040,47321088,25913344,0.00036516251262249,eligible,5,5,846.1307574715465,933.1005251444876,86.2082781791687,structural_component_round_robin,31554,513,123,0.004658680357482411,0.006338765442868494
case_092,2,4815554,2412929,2412929,2828252,1.9957296712833241,1.9957296712833241,1.702660866146298,113053056,113053056,66389088,6266880,106786176,-0.0029306880513702603,all_components_have_large_union_footprint,165,2,100.01211801357567,10.616991151124239,0,region_placement_0,17608,142,123,0.007042253521126761,0.007042253521126761
case_092,3,4815554,2109464,2109464,2231804,2.2828329850616083,2.2828329850616083,2.157695747476033,112651936,112651936,66784736,6635520,106016416,-0.0012513723758557527,all_components_have_large_union_footprint,164,3,105.08193822205067,11.203658049926162,0,multilevel,17608,142,123,0.007042253521126761,0.007042253521126761
case_092,4,4815554,2037129,2037129,1927728,2.3638925173614433,2.3638925173614433,2.4980464048869964,113053056,113053056,67180384,6266880,106786176,0.0013415388752555301,all_components_have_large_union_footprint,165,4,105.94522635266185,11.660798482596874,0,region_placement_0,17608,142,123,0.007042253521126761,0.007042253521126761
case_092,5,4815554,2005925,2005925,1661234,2.400665029849072,2.400665029849072,2.89878126741928,112651936,112651936,66980256,6635520,106016416,0.00498116237570208,all_components_have_large_union_footprint,164,5,98.1899569761008,9.892667839303613,0,multilevel,17608,142,123,0.007042253521126761,0.007042253521126761
case_093,2,74205,47307,37827,37827,1.5685839304965439,1.9616940280751844,1.9616940280751844,1056768,8192,8192,0,8192,0.0,eligible,2,2,2.90669272094965,0.2149063553661108,0.3311834540218115,structural_component_lpt,552,69,3,0.014492753623188406,0.014492753623188406
case_093,3,74205,34697,25103,25103,2.1386575208231258,2.956021192686133,2.956021192686133,950272,16384,16384,0,16384,0.0,eligible,3,3,2.8640939947217703,0.17344031110405922,0.2904991749674082,structural_component_lpt,552,69,3,0.014492753623188406,0.014492753623188406
case_093,4,74205,31453,19779,19779,2.359234413251518,3.751706355225239,3.751706355225239,1093632,24576,24576,0,24576,0.0,eligible,4,4,2.7890196274966,0.16597967967391014,0.289677482098341,structural_component_lpt,552,69,3,0.014492753623188406,0.014492753623188406
case_093,5,74205,30469,15876,15876,2.4354261708621876,4.674036281179139,4.674036281179139,1062912,32768,32768,0,32768,0.0,eligible,5,5,2.7652900349348783,0.10233900509774685,0.29591910913586617,structural_component_lpt,552,69,3,0.014492753623188406,0.014492753623188406
case_094,2,94892,50794,47498,47498,1.8681734063078317,1.997810434123542,1.997810434123542,406216,106272,106272,0,106272,0.0,eligible,2,2,2.906557898968458,0.21333417110145092,0.8689097911119461,structural_component_round_robin,647,40,35,0.06800618238021638,0.06573756432246998
case_094,3,94892,40046,32728,32728,2.3695749887629227,2.8994133463700806,2.8994133463700806,965920,212544,212544,0,212544,0.0,eligible,3,3,2.5116810761392117,0.17031573504209518,0.8402457647025585,structural_component_lpt,647,40,35,0.06800618238021638,0.06573756432246998
case_094,4,94892,33641,24495,24854,2.820724710918225,3.8739334558073075,3.81797698559588,965920,318552,318528,0,318552,-0.0005595647021142769,eligible,5,4,3.1167593728750944,0.2198674138635397,0.8616584483534098,region_boundary_1565_0,647,40,35,0.06800618238021638,0.06573756432246998
case_094,5,94892,29372,21804,21804,3.23069590085796,4.3520454962392225,4.3520454962392225,993568,424800,424800,0,424800,0.0,eligible,5,5,2.1240662410855293,0.1770171131938696,0.5304830130189657,structural_component_lpt,647,40,35,0.06800618238021638,0.06573756432246998
case_095,2,2084853,1056807,1042787,1042890,1.9727850023703477,1.999308583632132,1.9991111238960964,73728,36864,0,0,36864,-1.9745973603568777e-06,eligible,3,2,25.06682568602264,5.200211603194475,4.3105709459632635,directed_split,3696,462,7,0.0021645021645021645,0.0021645021645021645
case_095,3,2084853,710791,695775,695775,2.9331449047610336,2.9964471273040854,2.9964471273040854,73728,0,0,0,0,0.0,eligible,3,3,21.766040736809373,4.615341914817691,3.0177016928792,structural_component_lpt,3696,462,7,0.0021645021645021645,0.0021645021645021645
case_095,4,2084853,543023,524422,524422,3.839345663075045,3.9755254356224565,3.9755254356224565,0,0,0,0,0,0.0,eligible,4,4,21.108610788360238,2.278851518407464,3.665556902065873,structural_component_lpt,3696,462,7,0.0021645021645021645,0.0021645021645021645
case_095,5,2084853,452071,420852,420852,4.6117822200495056,4.953886401870491,4.953886401870491,0,0,0,0,0,0.0,eligible,5,5,22.71173432469368,3.020901497453451,4.01600905507803,structural_component_lpt,3696,462,7,0.0021645021645021645,0.0021645021645021645
case_096,2,84194,46989,43782,43973,1.7917810551405648,1.9230277282901649,1.914674914151866,448020,116620,67392,0,116620,-8.352814138298914e-05,eligible,3,2,5.253397010266781,0.438083840534091,1.5954181384295225,directed_split,1198,50,118,0.3313856427378965,0.33538024914607195
case_096,3,84194,35718,35718,30318,2.357186852567333,2.357186852567333,2.777030147107329,612910,612910,79488,0,612910,0.004198432945399957,dominant_component,39,3,2.710534192621708,0.2141309417784214,0,directed_split,1198,50,118,0.3313856427378965,0.33538024914607195
case_096,4,84194,29883,29883,26984,2.8174547401532646,2.8174547401532646,3.120145271271865,1006726,1006726,78336,0,1006726,0.0030269053111860035,dominant_component,75,4,4.009844392538071,0.4200041778385639,0,region_repartition_3_0,1198,50,118,0.3313856427378965,0.33538024914607195
case_096,5,84194,29146,29146,27053,2.8886982776367254,2.8886982776367254,3.112187188112224,1031306,1031306,134784,0,1031306,0.0022348891047549867,dominant_component,76,5,3.2663529459387064,0.31890395656228065,0,region_boundary_609_0,1198,50,118,0.3313856427378965,0.33538024914607195
case_097,2,11491509,5247114,5247114,5171836,2.1900627659319007,2.1900627659319007,2.221939945504846,85295104,85295104,19595264,0,85295104,0.0003187717957294511,all_components_have_large_union_footprint,207,2,38.06483080238104,5.332408457994461,0,region_boundary_5781_0,6592,64,51,0.015625,0.015625
case_097,3,11491509,3509566,3509566,3559343,3.2743390493297464,3.2743390493297464,3.2285477966017884,85327872,85327872,23109632,0,85327872,-0.00045791252727958034,all_components_have_large_union_footprint,208,3,41.921969862654805,5.8359901532530785,0,directed_split,6592,64,51,0.015625,0.015625
case_097,4,11491509,2705741,2705741,2591900,4.247083885708204,4.247083885708204,4.433623596589374,92076032,92076032,19595264,0,92076032,0.0018653971088117061,all_components_have_large_union_footprint,414,4,42.05499383434653,7.946702638641,0,directed_split,6592,64,51,0.015625,0.015625
case_097,5,11491509,2179047,2179047,2102348,5.273639806759561,5.273639806759561,5.466035594487687,92065792,92065792,21311488,0,92065792,0.001923957877281266,all_components_have_large_union_footprint,415,5,43.53582468256354,7.5963479820638895,0,directed_split,6592,64,51,0.015625,0.015625
case_098,2,177430,98402,98402,89551,1.8031137578504501,1.8031137578504501,1.9813290750522048,1553184,1553184,0,0,1553184,0.0017821531720175466,dominant_component,44,2,4.895786227658391,0.37728631123900414,0,local_reschedule,1365,27,50,0.28498168498168497,0.5482879638109169
case_098,3,177430,79351,79351,87761,2.236014669002281,2.236014669002281,2.0217408643930677,1479456,1479456,1167472,0,1479456,-0.002142738046092134,dominant_component,43,3,4.29474788159132,0.3960938062518835,0,grain_1.0,1365,27,50,0.28498168498168497,0.5482879638109169
case_098,4,177430,79805,79805,76768,2.2232942798070296,2.2232942798070296,2.3112494789495623,1479456,1479456,2462904,0,1479456,0.0008795519914253269,dominant_component,43,4,4.883533803746104,0.4160128943622112,0,grain_1.0,1365,27,50,0.28498168498168497,0.5482879638109169
case_098,5,177430,73104,73104,74013,2.4270901729043555,2.4270901729043555,2.397281558645103,3282976,3282976,2462904,0,3282976,-0.0002980861425925241,dominant_component,172,5,5.16936388425529,0.825439527630806,0,directed_split,1365,27,50,0.28498168498168497,0.5482879638109169
case_099,2,1622999,885056,808380,804693,1.8337811392725432,2.007717904945694,2.016917010586646,12708396,6221840,11403264,3485696,2736144,9.199105640952166e-05,eligible,3,2,59.38296686857939,15.83282364346087,18.69281811825931,directed_split,6296,202,28,0.01858322744599746,0.0098528095549689
case_099,3,1622999,638770,540127,538060,2.5408190741581476,3.004847008203626,3.01639036538676,14522412,8245256,12619776,3739648,4505608,0.00011543357183133817,eligible,4,3,58.047693407163024,12.95553875528276,17.425489265471697,directed_split,6296,202,28,0.01858322744599746,0.0098528095549689
case_099,4,1622999,506189,405336,404617,3.2063102912153365,4.004083032348471,4.0111982442655645,14530604,9838592,12521472,4186112,5652480,7.115211917093412e-05,eligible,4,4,53.83312133140862,15.358372213318944,14.117775835096836,structural_component_lpt,6296,202,28,0.01858322744599746,0.0098528095549689
case_099,5,1622999,426988,334609,336212,3.8010412470608075,4.85043438759866,4.827308364960204,14497836,10674180,13811712,3039232,7634948,-0.00023126022638455978,eligible,6,5,56.38489348068833,19.090750267729163,16.545440450310707,directed_split,6296,202,28,0.01858322744599746,0.0098528095549689
case_100,2,151223,85465,80622,80622,1.7694143801556192,1.8757039021607005,1.8757039021607005,1809678,16896,16896,0,16896,0.0,eligible,2,2,7.781585099175572,0.7603467032313347,2.5156984888017178,structural_component_lpt,1394,43,51,0.19727403156384504,0.3858050747296832
case_100,3,151223,83808,83808,57811,1.8043981481481481,1.8043981481481481,2.6158170590372074,1809678,1809678,72192,0,1809678,0.008114189108890592,dominant_component,44,3,4.910089801996946,0.4525505919009447,0,grain_1.0,1394,43,51,0.19727403156384504,0.3858050747296832
case_100,4,151223,75379,75379,57948,2.0061688268615927,2.0061688268615927,2.609632774211362,3321212,3321212,144384,0,3321212,0.006034639473497694,dominant_component,176,4,3.509430045261979,0.6011738739907742,0,directed_split,1394,43,51,0.19727403156384504,0.3858050747296832
case_100,5,151223,75870,75870,58085,1.9931857124027943,1.9931857124027943,2.603477662047,3321212,3321212,211968,0,3321212,0.0061029194964420585,dominant_component,176,5,5.583839185535908,0.9235092047601938,0,directed_split,1394,43,51,0.19727403156384504,0.3858050747296832
