case,cores,no_l2,fixed_l2,selected_l2,hardware_ratio,combined_ratio,search_ratio,no_l2_added,fixed_l2_added,selected_l2_added,fixed_hit_rate,selected_hit_rate,fixed_hit_bytes,fixed_miss_bytes,selected_hit_bytes,selected_miss_bytes,search_seconds,total_seconds,input_sha256,seed_sha256
1,1,233110,233110,233110,1.0,1.0,1.0,0,0,0,0.0,0.0,0,820352,0,820352,0.09804962947964668,0.406123461201787,a634cd1151c0e918dd3a143eba421b88907f7f0334bfe6a5ca0412342307f09f,d5753ab9908d0b6f0e08f468483eb9df898272d3f675fa9253ec80f9a325a92e
1,2,116868,116868,116868,1.0,1.0,1.0,1152,1152,1152,0.0,0.0,0,821504,0,821504,0.8048382923007011,1.3211884461343288,a634cd1151c0e918dd3a143eba421b88907f7f0334bfe6a5ca0412342307f09f,0040a23dc730aa8e8fe425b4ff3ea2a72aefcd3b896a9f9efafc82f7de6897a5
1,3,78545,78545,78545,1.0,1.0,1.0,2304,2304,2304,0.0,0.0,0,822656,0,822656,0.7151569537818432,1.1733051165938377,a634cd1151c0e918dd3a143eba421b88907f7f0334bfe6a5ca0412342307f09f,a6063c8a12cfb0cb464ac7480454ac2e51d5e31e3416f5d0166d7481869d3b67
1,4,58984,58984,58984,1.0,1.0,1.0,3456,3456,3456,0.0,0.0,0,823808,0,823808,0.40640307776629925,0.7149316426366568,a634cd1151c0e918dd3a143eba421b88907f7f0334bfe6a5ca0412342307f09f,eeccf28f989ea7980e959263b12ef31c0385c9a3fc32aae307f00370374fe8f6
1,5,47502,47502,47502,1.0,1.0,1.0,4608,4608,4608,0.0,0.0,0,824960,0,824960,0.6208842936903238,1.036911517381668,a634cd1151c0e918dd3a143eba421b88907f7f0334bfe6a5ca0412342307f09f,3963d4ccddacb77293b6bfe4fb886fcee56d01e3410255737c44d548e7a6b586
2,1,261945,261945,261945,1.0,1.0,1.0,0,0,0,0.0,0.0,0,1222656,0,1222656,0.46381375193595886,1.8735815770924091,578fceeb9f66a3c083b9f27d8464cf75c1e7602cbc7290920c02aa1aef7ca352,dddf63d4ee08a357e8b9541eeccd32b08633fec4729541de8e48c5ce1f422907
2,2,134224,134224,134068,1.0,1.001163588626667,1.001163588626667,216576,216576,245760,0.03724604966139955,0.03691275167785235,50688,1310208,50688,1322496,1.7568673752248287,2.7437432911247015,578fceeb9f66a3c083b9f27d8464cf75c1e7602cbc7290920c02aa1aef7ca352,1480e31a655106606622c8f32ec2899ac02636fdb4a2761a0ed58c8cc9819289
2,3,90565,90565,90565,1.0,1.0,1.0,423936,423936,423936,0.0,0.0,0,1434624,0,1434624,1.6718265525996685,2.75684860907495,578fceeb9f66a3c083b9f27d8464cf75c1e7602cbc7290920c02aa1aef7ca352,2f361a1c69d709418ca6515330fa6ba9a5e0b6f58eaeb3b061c31880128b7d23
2,4,68574,68574,68574,1.0,1.0,1.0,377856,377856,377856,0.0,0.0,0,1411584,0,1411584,1.228037303313613,2.2555342689156532,578fceeb9f66a3c083b9f27d8464cf75c1e7602cbc7290920c02aa1aef7ca352,51cb391220173b527a3b633b6c123c3f46529cc6d49c9a955668d34a492e304a
2,5,55189,55189,55189,1.0,1.0,1.0,514560,514560,514560,0.0031088082901554403,0.0031088082901554403,4608,1477632,4608,1477632,1.4181997440755367,2.515068368986249,578fceeb9f66a3c083b9f27d8464cf75c1e7602cbc7290920c02aa1aef7ca352,256f4f36d92c547967db8e1986ff143269ed8586b80c9b1ab2c3f4b273901c38
3,1,602212,602212,602212,1.0,1.0,1.0,0,0,0,0.0,0.0,0,1284230,0,1284230,6.388998992741108,24.32085981965065,2c80acfd37edcf811ce76b7e7b1f7194c706bd4d4aa6449e6a19e9eac1028ced,59e61548feaac7f30e65f6e04ca4e46b9086de91c1484308305fc0f77f4d4eae
3,2,341181,340455,340046,1.0021324404106269,1.0033377837116155,1.0012027784476218,6564470,6564470,6564470,0.07429955589421829,0.0777143433578799,356486,4441470,372870,4425086,59.51888425089419,95.99088447727263,2c80acfd37edcf811ce76b7e7b1f7194c706bd4d4aa6449e6a19e9eac1028ced,5cdb9ea8fae28a1683e5fab0311275cbb00aad526104bc2e3c6d5e72978a4c83
3,3,274348,265160,265160,1.0346507768894253,1.0346507768894253,1.0,9497892,9497892,9497892,0.21740145290564392,0.21740145290564392,1428748,5143186,1428748,5143186,59.52182720415294,103.60759387724102,2c80acfd37edcf811ce76b7e7b1f7194c706bd4d4aa6449e6a19e9eac1028ced,335fdfb6d22a1043230eaa6e8a5c85ae4bca01d0b8a1a9b089b836d5c69adcad
3,4,217774,210167,210167,1.0361950258603871,1.0361950258603871,1.0,7333194,7333194,7333194,0.2995636542398777,0.2995636542398777,1672108,3909704,1672108,3909704,41.56476895138621,71.34046174027026,2c80acfd37edcf811ce76b7e7b1f7194c706bd4d4aa6449e6a19e9eac1028ced,f320f1b0d2ba91db9bc3d9a4886069ccab747b6057a7795304710867ff51b026
3,5,199233,187997,187997,1.0597669111741146,1.0597669111741146,1.0,7908308,7908308,7908308,0.339472751437007,0.339472751437007,2034228,3958088,2034228,3958088,49.17592482641339,81.05857086367905,2c80acfd37edcf811ce76b7e7b1f7194c706bd4d4aa6449e6a19e9eac1028ced,d4f72c4fdad9f5368bb2612ca47689fb1376f6f9ddae0d1f7c108c8ac1800937
4,1,392357,392357,392357,1.0,1.0,1.0,0,0,0,0.0,0.0,0,451584,0,451584,0.211283253505826,0.8245439007878304,3e01adde3c4ad143ab3d7faabcf36d849f26b5428e7c8446a7e9f89345a55faa,2be095fa21b5a684c0942382e4142aacda3287bbe85f3ede09ab7a5f720f5245
4,2,199074,199074,199074,1.0,1.0,1.0,110592,110592,110592,0.0,0.0,0,562176,0,562176,0.8049892541021109,1.3182918634265661,3e01adde3c4ad143ab3d7faabcf36d849f26b5428e7c8446a7e9f89345a55faa,98de9bc9f39570a287ffd2e1129e9e78c5a3d5fc2142f4281fb36438113305da
4,3,134043,134043,134043,1.0,1.0,1.0,221184,221184,221184,0.0,0.0,0,672768,0,672768,0.7561171445995569,1.2801245264708996,3e01adde3c4ad143ab3d7faabcf36d849f26b5428e7c8446a7e9f89345a55faa,db11d22050df733605df72113c4dc0f630b4a3c8f308066e288422624de26ac1
4,4,104188,104188,104188,1.0,1.0,1.0,331776,331776,331776,0.0,0.0,0,783360,0,783360,0.7745369151234627,1.2621900849044323,3e01adde3c4ad143ab3d7faabcf36d849f26b5428e7c8446a7e9f89345a55faa,dbfebd8373e1d3cdb8c36910e549a95832b684e9e1d6fedef1939150c3c09bb9
4,5,88341,88341,88341,1.0,1.0,1.0,442368,442368,442368,0.0,0.0,0,893952,0,893952,0.42330342531204224,0.7370019238442183,3e01adde3c4ad143ab3d7faabcf36d849f26b5428e7c8446a7e9f89345a55faa,64dfb598f993236d36d0905d10ea638ffc12ba0e401c4468a6163c543301d4f5
5,1,95618,95618,95618,1.0,1.0,1.0,0,0,0,0.0,0.0,0,318822,0,318822,1.374594310298562,4.984434260055423,c2b378c882a3039e3d66bac6cbcba39317107339b6f38d5bce1b09379839799f,211f957dba459390e4ce523f4c2fef4afd01dd3b8380d80aabdd3d6e313d3a13
5,2,61371,60812,60812,1.0091922646846017,1.0091922646846017,1.0,882310,882310,882310,0.13664472323871532,0.13664472323871532,113666,718170,113666,718170,4.474795101210475,7.514297775924206,c2b378c882a3039e3d66bac6cbcba39317107339b6f38d5bce1b09379839799f,359f4c7ba048c04b3f93b7e7861931b1ef18677527c55e8927f48cc3acec45fd
5,3,54267,52965,52658,1.0245822713112434,1.0305556610581488,1.0058300733032017,1461452,1461452,1465868,0.25297531194919404,0.2527449133736505,296524,875622,296812,877542,4.75823537260294,7.509518237784505,c2b378c882a3039e3d66bac6cbcba39317107339b6f38d5bce1b09379839799f,eb0937232cf888cbf5130f95ba1405fcf472cceeaca8b52d8caccda80c18efb7
5,4,52462,49060,49060,1.0693436608234814,1.0693436608234814,1.0,1495922,1495922,1495922,0.2630638164602088,0.2630638164602088,315826,884742,315826,884742,7.00311229377985,11.661414364352822,c2b378c882a3039e3d66bac6cbcba39317107339b6f38d5bce1b09379839799f,87f475bf5b5cd0c96aef88d78966b852f437ae836533f20eb97d2b25ce3485a5
5,5,50673,48259,48259,1.0500217575996187,1.0500217575996187,1.0,1688564,1688564,1688564,0.29208524185934,0.29208524185934,374316,907214,374316,907214,5.989782514050603,9.384103924036026,c2b378c882a3039e3d66bac6cbcba39317107339b6f38d5bce1b09379839799f,62762ebd3b104487d837ffcc306ed3c609510b69e7e5c57d2b90f509b680330a
6,1,82837,82837,82837,1.0,1.0,1.0,16400,16400,16400,0.029275126148920052,0.029275126148920052,16384,543272,16384,543272,0.16120582818984985,0.613900838419795,c68392cd599b63039669ca54360ab21b514c41285151cd69180ee9be99af1a48,f88394e2c9cc3a1bd23c7d4e85f870f94e95b020d1b8db96ceeeb36638bb08b9
6,2,40815,40815,40815,1.0,1.0,1.0,17280,17280,17280,0.03082719643774619,0.03082719643774619,17280,543264,17280,543264,0.6572062540799379,1.1370869316160679,c68392cd599b63039669ca54360ab21b514c41285151cd69180ee9be99af1a48,6b02fe2e80e25b003eaca54845fb96df8c6e38bccb4c5e0efcfa3f181a145e9a
6,3,30449,30449,30449,1.0,1.0,1.0,118176,118176,118176,0.08368328624875926,0.08368328624875926,52608,576048,52608,576048,0.7850983943790197,1.2848390825092793,c68392cd599b63039669ca54360ab21b514c41285151cd69180ee9be99af1a48,7113689f9007cd69aea394461514371438d0ea4c1b61b4e27ee743f532f3ee4f
6,4,26843,26843,26843,1.0,1.0,1.0,203696,203696,203696,0.09793492233845573,0.09793492233845573,66432,611896,66432,611896,0.5120344255119562,0.8450873084366322,c68392cd599b63039669ca54360ab21b514c41285151cd69180ee9be99af1a48,08a46a2ce967a64573a7b34489d3b796ec5ce0bae98adbd7c48d92fd15b57490
6,5,27216,27216,27216,1.0,1.0,1.0,219928,219928,219928,0.11739027775378219,0.11739027775378219,81536,613036,81536,613036,0.6686135437339544,1.1467632837593555,c68392cd599b63039669ca54360ab21b514c41285151cd69180ee9be99af1a48,ce5c15f429016150be8364d22049fb1db0095d3689158b7f6c9ba3f2fe87bc15
7,1,1012562,1012562,1012562,1.0,1.0,1.0,0,0,0,0.0,0.0,0,880128,0,880128,1.407036067917943,4.768622994422913,6e786044ca1fa5d4632f8b7d03e95364da8d88f4fff5e403d3ab8153da84b518,daec296d7670a2cdf14726837593f233992cb2924cc05aea99b64cd3d98ba3dc
7,2,507494,507494,507494,1.0,1.0,1.0,27648,27648,27648,0.0,0.0,0,907776,0,907776,4.3452141508460045,6.971326917409897,6e786044ca1fa5d4632f8b7d03e95364da8d88f4fff5e403d3ab8153da84b518,2ee81bc3343bcce06ac3d1c31877f472130c56e8e0cecf967c321ce3934cbd76
7,3,338094,338094,338094,1.0,1.0,1.0,55296,55296,55296,0.0,0.0,0,935424,0,935424,6.336142526939511,8.684998400509357,6e786044ca1fa5d4632f8b7d03e95364da8d88f4fff5e403d3ab8153da84b518,67ccd6e068f401d0a4c57a1b2cab26e3fb24369c1c79947d59565057665adc13
7,4,254398,254398,254398,1.0,1.0,1.0,82944,82944,82944,0.0,0.0,0,963072,0,963072,5.155257446691394,8.21989388205111,6e786044ca1fa5d4632f8b7d03e95364da8d88f4fff5e403d3ab8153da84b518,e05fe6918ffc9bbe70da434052284f9d91e75031429543a8001becb4e748a97e
7,5,203834,203834,203834,1.0,1.0,1.0,110592,110592,110592,0.0,0.0,0,990720,0,990720,5.838253477588296,8.403659095987678,6e786044ca1fa5d4632f8b7d03e95364da8d88f4fff5e403d3ab8153da84b518,fb131946dabbd1e453472bef81501caf18a00c1156f85a710df7e8d169904bc2
8,1,487605,487605,487605,1.0,1.0,1.0,0,0,0,0.0,0.0,0,1990872,0,1990872,0.16902351565659046,0.7018717806786299,c93bb7ab5deec5112aff0cc001fbd76d001d3de5ea7463fba59b1f1ff2ba3e1d,9e837531d5fc299623938b51cd3f5363fd3b18cedeafa36ff575eb419ad17f94
8,2,244266,244266,244266,1.0,1.0,1.0,0,0,0,0.0,0.0,0,1990872,0,1990872,0.8291737902909517,1.4243900775909424,c93bb7ab5deec5112aff0cc001fbd76d001d3de5ea7463fba59b1f1ff2ba3e1d,f7f35ecdde538a97ce99791a152aec2ab46a0decc7a3e1a04acdacd74ee79ae6
8,3,163359,163359,163359,1.0,1.0,1.0,0,0,0,0.0,0.0,0,1990872,0,1990872,1.2805467676371336,2.0473249033093452,c93bb7ab5deec5112aff0cc001fbd76d001d3de5ea7463fba59b1f1ff2ba3e1d,eb1e2d30f797edf54a7049d5aa23c677eba17e34520625e3000e6ab32e8084b2
8,4,123060,123060,123060,1.0,1.0,1.0,0,0,0,0.0,0.0,0,1990872,0,1990872,1.2426585052162409,2.0786423552781343,c93bb7ab5deec5112aff0cc001fbd76d001d3de5ea7463fba59b1f1ff2ba3e1d,b49c0a346e6d083cfb5956a769ddd1d3fc3806b5b7e50b9aafd0d609903cc902
8,5,100603,100603,100603,1.0,1.0,1.0,0,0,0,0.0,0.0,0,1990872,0,1990872,1.2907895371317863,2.078859208151698,c93bb7ab5deec5112aff0cc001fbd76d001d3de5ea7463fba59b1f1ff2ba3e1d,44a04d4e63cc94a2b56ef602cc8cc01e75c1b0bfc13f51071212c548ed73489b
9,1,153261,153261,153261,1.0,1.0,1.0,0,0,0,0.0,0.0,0,495194,0,495194,1.9589799959212542,7.780465001240373,06b73d07c450878db8f6dace8ed08e362b45f5dd6e06fb80b098f165190f222a,3eb4d1451332199a40830977b5bfaadeb4b0199ac5531752766b9415c783fab2
9,2,90801,90800,90800,1.000011013215859,1.000011013215859,1.0,547342,547342,547342,0.06627601484912267,0.06627601484912267,52774,743502,52774,743502,9.623713079839945,14.657695947214961,06b73d07c450878db8f6dace8ed08e362b45f5dd6e06fb80b098f165190f222a,64b22eb09f6c36e2882799c18226ffac5b63ec5fe96d0515104d4ebff1916481
9,3,72361,72333,72333,1.0003870985580579,1.0003870985580579,1.0,737384,737384,737384,0.0851243935622449,0.0851243935622449,77834,836522,77834,836522,10.699692657217383,18.072336131706834,06b73d07c450878db8f6dace8ed08e362b45f5dd6e06fb80b098f165190f222a,296879740978c39e16b3c31ef979d77099fc2c41f79a43c4f09772c4e9f473e8
9,4,62725,60949,60949,1.0291391163103578,1.0291391163103578,1.0,838982,838982,838982,0.18672961188959317,0.18672961188959317,184242,802436,184242,802436,6.331622317433357,12.100502148270607,06b73d07c450878db8f6dace8ed08e362b45f5dd6e06fb80b098f165190f222a,4b860947d0778834243615acc033161d29424f4c2d4e228e0d629a6723db4147
9,5,56088,53324,53324,1.0518340709624183,1.0518340709624183,1.0,898504,898504,898504,0.23491969948212474,0.23491969948212474,243958,794516,243958,794516,7.626928236335516,12.889400452375412,06b73d07c450878db8f6dace8ed08e362b45f5dd6e06fb80b098f165190f222a,b161ecb7dc750db49f076a676c218e53e424b9d952f59cfc503364f61d291d2c
10,1,86969,86969,86969,1.0,1.0,1.0,0,0,0,0.0,0.0,0,384078,0,384078,0.13570396229624748,0.5238726697862148,fd0b07588473d8b2ce05fab4798808cbc7f60cf1638e05608adc3d62061b8775,04cf08aa1e3b9223bb51277aea1d2486a7135d2448de77afd4863cc503d17534
10,2,42106,42069,41842,1.0008795074758134,1.006309449835094,1.005425170880933,311944,311944,300424,0.14184036778515194,0.12753256590491346,82624,499890,73408,502194,0.44694493152201176,0.8868729993700981,fd0b07588473d8b2ce05fab4798808cbc7f60cf1638e05608adc3d62061b8775,e057cb003d5abf9fe9344a437427d1b3e0e86946370cd44cffc1ae65885c30a1
10,3,30856,30856,30856,1.0,1.0,1.0,48384,48384,48384,0.11188035018105637,0.11188035018105637,48384,384078,48384,384078,0.6036445032805204,1.0100514870136976,fd0b07588473d8b2ce05fab4798808cbc7f60cf1638e05608adc3d62061b8775,7bf65042c608e3a2eb56e556ed520af16cfac6366809c2282c03b99eeecc7cac
10,4,26340,25769,25583,1.0221584073887229,1.0295899620841966,1.0072704530352188,483232,483232,485920,0.2698307835273671,0.2772304809869368,196868,532730,203012,529274,0.8688990827649832,1.447391577064991,fd0b07588473d8b2ce05fab4798808cbc7f60cf1638e05608adc3d62061b8775,df2eb21d86bec26df33099a273ff4cb0301a3046a31ea95996722670d240e667
10,5,22006,21371,21371,1.029713162697113,1.029713162697113,1.0,562432,562432,562432,0.29291606251417474,0.29291606251417474,229894,554952,229894,554952,0.8894020784646273,1.4959740247577429,fd0b07588473d8b2ce05fab4798808cbc7f60cf1638e05608adc3d62061b8775,f4653b8fe7a686af683523800481af7d479572650e604488d021499c723d7873
11,1,184697,184697,184697,1.0,1.0,1.0,0,0,0,0.0,0.0,0,540672,0,540672,0.162748035043478,0.6693985890597105,2da7df4ccc8a4eb86347f0a567aacac628e7d30ab943cd99996f2c74620d80b9,938fe72d4f151dd8a5f60e6b9fc9fd81bc6e81b270b6fed741da49cc97d4c51e
11,2,92646,92646,92646,1.0,1.0,1.0,180224,180224,180224,0.0,0.0,0,720896,0,720896,0.7607568148523569,1.25431845523417,2da7df4ccc8a4eb86347f0a567aacac628e7d30ab943cd99996f2c74620d80b9,2ca28ed0ef9c5837f3620c7f3fdf9417aafb9737464635293dafd71b42389108
11,3,64180,64180,63580,1.0,1.0094369298521548,1.0094369298521548,1660928,1660928,1660928,0.18610747051114024,0.19528178243774574,290816,1271808,305152,1257472,1.0712052006274462,1.9925639778375626,2da7df4ccc8a4eb86347f0a567aacac628e7d30ab943cd99996f2c74620d80b9,f9fe9360b1ad7d1c8d2d88b7283312a5404b17723a948ded2d9fb33b7524b9bc
11,4,46880,46880,46880,1.0,1.0,1.0,540672,540672,540672,0.0,0.0,0,1081344,0,1081344,0.6940474379807711,1.2283445373177528,2da7df4ccc8a4eb86347f0a567aacac628e7d30ab943cd99996f2c74620d80b9,5125f5b7729b8d2d6958927e59d716fdfe3a71d6ade168083062eeb25770ed15
11,5,46194,43952,43594,1.0510101929377502,1.0596412350323439,1.0082121392852228,2033664,2033664,2033664,0.24300111982082867,0.25755879059350506,444416,1384448,471040,1357824,1.0233103092759848,1.9770160466432571,2da7df4ccc8a4eb86347f0a567aacac628e7d30ab943cd99996f2c74620d80b9,1d003f9e592f687e7e8a7813c6d6d103a71091d92595e9de7edc39ad619acace
12,1,59088,59088,59088,1.0,1.0,1.0,0,0,0,0.0,0.0,0,484096,0,484096,0.28423132933676243,1.1026041731238365,1a07d3a4c6d1305bec2fbdc4d106fb5c0078ec098cbf09e1b8eaa5134968e079,b1e544818b255ab54c5868e649c86d35f523cf071e352e0a343d241a43bb9976
12,2,25535,25535,25535,1.0,1.0,1.0,94960,94960,94960,0.0203780667649819,0.0203780667649819,10944,526104,10944,526104,1.3781756814569235,2.209719553589821,1a07d3a4c6d1305bec2fbdc4d106fb5c0078ec098cbf09e1b8eaa5134968e079,c748ed72ae78021cd03793e778ad95702ae9d844338f4f8a00dba9d8490f8e59
12,3,18128,18128,17926,1.0,1.0112685484770725,1.0112685484770725,189892,189892,189892,0.06728949502838776,0.06728949502838776,40320,558882,40320,558882,1.4217176530510187,2.4020114112645388,1a07d3a4c6d1305bec2fbdc4d106fb5c0078ec098cbf09e1b8eaa5134968e079,adce2a2c239d44fdb0ff6dc2cd9735ad7f5650d5b0c6cee44ab35df7821e4923
12,4,14948,14948,13663,1.0,1.094049623069604,1.094049623069604,39168,39168,39168,0.03962818003913894,0.07265166340508807,20736,502528,38016,485248,1.261965785175562,2.085661483928561,1a07d3a4c6d1305bec2fbdc4d106fb5c0078ec098cbf09e1b8eaa5134968e079,9054d2ef7d55bdcd2323fa19bfcdc86cc03bf5a55c845dcd01cf660aba765c8a
12,5,12519,12460,12460,1.0047351524879615,1.0047351524879615,1.0,25344,25344,25344,0.04974874371859297,0.04974874371859297,25344,484096,25344,484096,0.9354965817183256,1.5139814894646406,1a07d3a4c6d1305bec2fbdc4d106fb5c0078ec098cbf09e1b8eaa5134968e079,c5c852dbb00aaa12dbfef8d944845d1e11137fb162865b47b5ad383bf244a94f
13,1,263949,263949,263949,1.0,1.0,1.0,0,0,0,0.0,0.0,0,2023424,0,2023424,0.5354287885129452,2.5800911597907543,b95d97cf90bdd0fe64a0fd1ecd5a36a7b091ecadef204ef8c6ae430f6ccfac3c,98a0668cad932fa3f39cf3e83cffe8c6d06e58eac83dfdc2a7e398400296a4d8
13,2,132198,132198,132198,1.0,1.0,1.0,8192,8192,8192,0.0,0.0,0,2031616,0,2031616,3.0002040304243565,4.705585964024067,b95d97cf90bdd0fe64a0fd1ecd5a36a7b091ecadef204ef8c6ae430f6ccfac3c,58479b2440506c4ba5949c48a35b25c504e23b69a6aa59cb13dea908f9f8be53
13,3,88351,88351,88351,1.0,1.0,1.0,16384,16384,16384,0.0,0.0,0,2039808,0,2039808,2.6637394335120916,4.077691832557321,b95d97cf90bdd0fe64a0fd1ecd5a36a7b091ecadef204ef8c6ae430f6ccfac3c,a60967a79659a18638dc98cc71769ebb39c3ff52d584820123497d61bfec7a44
13,4,66982,66982,66982,1.0,1.0,1.0,24576,24576,24576,0.0,0.0,0,2048000,0,2048000,3.692756639793515,5.970441730692983,b95d97cf90bdd0fe64a0fd1ecd5a36a7b091ecadef204ef8c6ae430f6ccfac3c,59532ba3ad51d226d5f4e9e61b5d45886283121657c851d715ac441fd3e202a7
13,5,54363,54363,54363,1.0,1.0,1.0,32768,32768,32768,0.0,0.0,0,2056192,0,2056192,2.730223512277007,4.630288345739245,b95d97cf90bdd0fe64a0fd1ecd5a36a7b091ecadef204ef8c6ae430f6ccfac3c,63ffcd1ddf022fd537c89bb94e20fbbf5f1a838fbb8b53dfed160e880454089a
14,1,17698626,17689602,17689602,1.0005101301883446,1.0005101301883446,1.0,71010720,71010720,71010720,0.12291025483195864,0.12291025483195864,9944064,70961016,9944064,70961016,19.51685476116836,83.90807142853737,e27abb053ac57786e510ba80e60a6ec60a8b0df11b2a818010a1df17c29d94dd,c623ac4e30dda9460f0d4aae5e350a7afd8481b58e14bd20816733a7f1450e54
14,2,8909568,8904096,8904096,1.0006145486302034,1.0006145486302034,1.0,69998520,69998520,69998520,0.20130766851173867,0.20130766851173867,16086528,63823632,16086528,63823632,91.88095736317337,152.91512839496136,e27abb053ac57786e510ba80e60a6ec60a8b0df11b2a818010a1df17c29d94dd,0f69882767ece5ee86542be95df810dfa5ec43017840ed85016eba4ce019a411
14,3,5951263,5936435,5929070,1.002497795394037,1.0037430828106262,1.0012421846933837,56526504,56526504,57041304,0.24710539776668053,0.23633458149353373,16417224,50020920,15823296,51129648,134.0883057154715,212.18153568916023,e27abb053ac57786e510ba80e60a6ec60a8b0df11b2a818010a1df17c29d94dd,38d63ba17487f19fd600d4392c1cfae60864d0b9417677718b06fb38295337cb
14,4,4526637,4510849,4476730,1.003500006318101,1.01114809246928,1.0076214111639523,59878296,59878296,59878296,0.29812435993636677,0.2962756120022807,20806080,48983856,20677056,49112880,119.6885846182704,199.0529836267233,e27abb053ac57786e510ba80e60a6ec60a8b0df11b2a818010a1df17c29d94dd,a735f2309dc51be8885680075207984be8d457fc7f412c4de06449855e602fb3
14,5,3663108,3647377,3607077,1.0043129624384866,1.0155336301387523,1.0111724812084688,62443416,62443416,62443416,0.28802233253748016,0.3113313878162156,20839872,51515184,22526400,49828656,127.52143116295338,208.56012654677033,e27abb053ac57786e510ba80e60a6ec60a8b0df11b2a818010a1df17c29d94dd,0f646182dd05e3ce731fe9c8e5ecca4119a4acc27a5be4933de3ecf5478209f1
15,1,177362,177362,177362,1.0,1.0,1.0,180256,180256,180256,0.1692685978123867,0.1692685978123867,180224,884498,180224,884498,0.2596021443605423,1.1179874520748854,d27dfc39289fa442f29f597191ab6b05142ce6ad68b4396056b2adccb9c93253,192472c06a1727349dfc6dd1658dac61ace67d2c8749562f39e0d37b55dbf02c
15,2,87493,87493,87493,1.0,1.0,1.0,109824,109824,109824,0.11045291892033238,0.11045291892033238,109824,884482,109824,884482,1.1714728120714426,1.9138913359493017,d27dfc39289fa442f29f597191ab6b05142ce6ad68b4396056b2adccb9c93253,83ebf985dd1202ffc18e892d5aa1d06fb68af5f316e714b3beac0d269d45d147
15,3,61018,61018,61018,1.0,1.0,1.0,298252,298252,298252,0.2521627965178807,0.2521627965178807,298240,884488,298240,884488,1.2353053372353315,2.0235560070723295,d27dfc39289fa442f29f597191ab6b05142ce6ad68b4396056b2adccb9c93253,8fc98b198462d9f8e54d0dfd657ddfc6894b205a8c54ade2e6cc5a5aa5ff625b
15,4,48866,48792,48792,1.0015166420724708,1.0015166420724708,1.0,365824,365824,365824,0.2139636217054065,0.2139636217054065,267520,982786,267520,982786,0.9235233794897795,1.6407649144530296,d27dfc39289fa442f29f597191ab6b05142ce6ad68b4396056b2adccb9c93253,36c96b09f6be9ccf6b97d8cf8feb0807d362edb51bab69342dfc13ab3a056597
15,5,42569,42569,42569,1.0,1.0,1.0,326144,326144,326144,0.2694011197512692,0.2694011197512692,326144,884482,326144,884482,1.176429893821478,1.9581103157252073,d27dfc39289fa442f29f597191ab6b05142ce6ad68b4396056b2adccb9c93253,d891468d653dcf64c74ba35b71f9322aa01f6dc68c23c7f43ccec115ea56a7d7
16,1,7715523,7715523,7715523,1.0,1.0,1.0,0,0,0,0.0,0.0,0,393216,0,393216,15.388370206579566,58.99134789034724,76537aa7163cf0748adcff2ecbd84fbc9a02a2d129ffcecd2bfebb89685e71ef,19d365422ae9ccef1999767d13ce89179d5ab1c75a35ee55f2d898297a4e7d23
16,2,4027025,4026193,4026193,1.0002066468249287,1.0002066468249287,1.0,404200,404200,404200,0.49653249554250156,0.49653249554250156,393216,398708,393216,398708,54.39249049499631,85.45256033353508,76537aa7163cf0748adcff2ecbd84fbc9a02a2d129ffcecd2bfebb89685e71ef,8307d7bb21230a7be92c2d1a0f24919bf4541787d887cc83e0626e19b60690df
16,3,2877849,2877209,2877209,1.000222437786063,1.000222437786063,1.0,341100,341100,341100,0.4511892425296108,0.4511892425296108,328288,399318,328288,399318,50.31541188620031,89.26290943473577,76537aa7163cf0748adcff2ecbd84fbc9a02a2d129ffcecd2bfebb89685e71ef,464af56c331e9c382ba4b346ceb4300c876a94df136f9cc645dee82017631ff3
16,4,2244367,2240364,2240364,1.001786763222405,1.001786763222405,1.0,605676,605676,605676,0.5964281317421587,0.5964281317421587,591040,399926,591040,399926,47.48937300592661,78.98972771316767,76537aa7163cf0748adcff2ecbd84fbc9a02a2d129ffcecd2bfebb89685e71ef,2cbd710aba156e0b8060b890600493dbc82d9ff79538fa79b345dd416a5501a4
16,5,2088965,2086755,2086755,1.0010590605988725,1.0010590605988725,1.0,444880,444880,444880,0.5162722893194698,0.5162722893194698,427808,400840,427808,400840,56.19658433459699,90.01786539889872,76537aa7163cf0748adcff2ecbd84fbc9a02a2d129ffcecd2bfebb89685e71ef,f63d5ed3280681bcaec15f590a224e6f8d4f04cec4f7c56a2eec24a49ffe4dea
17,1,162810,162810,162810,1.0,1.0,1.0,22528,22528,22528,0.040398388942088706,0.040398388942088706,22528,535118,22528,535118,0.18730071932077408,0.842550702393055,282c5840d8e8581fb7827a6d4c996f90384bdfe566ffa665574721568b9dc85c,11a9cba3896d9529e81ee2fbba62f805bc189c615225dbff3efd738ec6cdd340
17,2,76658,76501,76501,1.0020522607547613,1.0020522607547613,1.0,87552,87552,87552,0.06166990540735863,0.06166990540735863,38400,584270,38400,584270,0.9290728829801083,1.5868445970118046,282c5840d8e8581fb7827a6d4c996f90384bdfe566ffa665574721568b9dc85c,cf45a47f472e9d08c9ddd85b05f71215a8466395a393cb71c1b01ac2af95e64e
17,3,49850,49801,49801,1.0009839159856229,1.0009839159856229,1.0,175104,175104,175104,0.07353193790110697,0.07353193790110697,52224,657998,52224,657998,0.984540119767189,1.645527532324195,282c5840d8e8581fb7827a6d4c996f90384bdfe566ffa665574721568b9dc85c,18716960046cd36427a2b9bd81290be6520a0e8c0b4dcb1f806ce59a8052f0a2
17,4,39668,39668,39668,1.0,1.0,1.0,259200,259200,259200,0.04640962435699556,0.04640962435699556,36864,757454,36864,757454,1.6255500558763742,2.6648975759744644,282c5840d8e8581fb7827a6d4c996f90384bdfe566ffa665574721568b9dc85c,3ddfd8554734ab1aa75d4eaba66605593f84e66f5e51e1cfe35c622304a21f56
17,5,33081,33081,33081,1.0,1.0,1.0,331776,331776,331776,0.11827051519562945,0.11827051519562945,102528,764366,102528,764366,1.2305070031434298,2.1466158237308264,282c5840d8e8581fb7827a6d4c996f90384bdfe566ffa665574721568b9dc85c,4cd1f0a79390f110331b2a4d1f6a5ab840e9920a2e7b2b976a2ed9e235f5a170
18,1,1004367,1003110,1003110,1.0012531028501361,1.0012531028501361,1.0,1970176,1970176,1970176,0.34375031576536474,0.34375031576536474,1224704,2338068,1224704,2338068,0.8429503943771124,2.8907713256776333,70cf2a124573fe0ccad84b16d902efe7e28938761db791d2f4321ab2e98f0c0a,890ceb0b49b4b6001da4358bccb39342fc92672fd85ec2418c40c0c47eea5675
18,2,502491,500447,500447,1.0040843485923585,1.0040843485923585,1.0,2638848,2638848,2638848,0.4835141644948062,0.4835141644948062,2016256,2153748,2016256,2153748,3.0143959037959576,5.317433599382639,70cf2a124573fe0ccad84b16d902efe7e28938761db791d2f4321ab2e98f0c0a,5080926ca1ac8719c01e922198f2963c1cdde43368165d9555f860f621876fee
18,3,337417,335889,335889,1.0045491218825267,1.0045491218825267,1.0,3971072,3971072,3971072,0.535747014131558,0.535747014131558,2967552,2571540,2967552,2571540,4.3935353476554155,7.1526793874800205,70cf2a124573fe0ccad84b16d902efe7e28938761db791d2f4321ab2e98f0c0a,654a5e7aede4fbf52f4c10a39c1192f2b121818f89220909c78eda4ba9d30a29
18,4,253676,253384,253384,1.0011524010987276,1.0011524010987276,1.0,4938752,4938752,4938752,0.5623782410614164,0.5623782410614164,3673088,2858260,3673088,2858260,4.5717609487473965,7.284279406070709,70cf2a124573fe0ccad84b16d902efe7e28938761db791d2f4321ab2e98f0c0a,dafe526ff06b3b248689f6bf74ac9af0717a04adb4ef1c33e7520cd369c4071f
18,5,205917,203609,203609,1.0113354517727606,1.0113354517727606,1.0,5320704,5320704,5320704,0.571151837761995,0.571151837761995,3948544,2964756,3948544,2964756,3.900342259556055,6.7729783076792955,70cf2a124573fe0ccad84b16d902efe7e28938761db791d2f4321ab2e98f0c0a,1fd374e835e378aed96d18382b7aaa3eab48cebf7afd9abeee09ea57c5b6842e
19,1,81144,81144,81144,1.0,1.0,1.0,0,0,0,0.0,0.0,0,179252,0,179252,0.14300775341689587,0.5729853417724371,199ccf5f40c65b63ef88efcf05a0ccbf6b9368963d7a62cabd240d7b98847429,6edfe829f9c086542ff575000b32c8fd979560192429da428b1387bc6d93cca7
19,2,38506,38506,37982,1.0,1.0137960086356694,1.0137960086356694,354360,354360,370744,0.1208772669759595,0.11832218644207745,45856,333504,45856,341696,0.7751797493547201,1.336544031277299,199ccf5f40c65b63ef88efcf05a0ccbf6b9368963d7a62cabd240d7b98847429,f29c95d3690332041f76d0a77809804ad7478910d4dc74fee2c3629ec78d6216
19,3,27716,27716,27716,1.0,1.0,1.0,54336,54336,54336,0.23261468911074198,0.23261468911074198,54336,179252,54336,179252,0.6513922177255154,1.0718411561101675,199ccf5f40c65b63ef88efcf05a0ccbf6b9368963d7a62cabd240d7b98847429,3c68d01322597a46c75f2548e80e326a54ca00d69c4436594ae6127d1021e5ed
19,4,22276,21470,21470,1.0375407545412203,1.0375407545412203,1.0,762456,762456,762456,0.19342298802269384,0.19342298802269384,117824,491328,117824,491328,0.9098438378423452,1.5674207359552383,199ccf5f40c65b63ef88efcf05a0ccbf6b9368963d7a62cabd240d7b98847429,a54b34c6ccd603b2c5ce3ce2c99d2ad711be5e31ca9a3b55d62b050fa6c011a1
19,5,18267,18126,18009,1.007778881165177,1.0143261702482091,1.0064967516241878,255068,255068,279644,0.07841317449987267,0.3117152487129153,27712,325698,117824,260162,0.7768858205527067,1.2826197035610676,199ccf5f40c65b63ef88efcf05a0ccbf6b9368963d7a62cabd240d7b98847429,184b18e1ea48622f975f9f4f0d12de477f81395fc742cc4c6fa5ab96f4e1eb38
20,1,532746,532746,532746,1.0,1.0,1.0,0,0,0,0.0,0.0,0,1179648,0,1179648,2.024496227502823,8.471459362655878,932287c2c204e475df824a3914b7b179226625caf37ae288bac90716ffe16ec4,bbd6b9684fa70e119fd0e3f4f7d4a94282385196530028c52aa36ef7ca17c648
20,2,266580,266580,266580,1.0,1.0,1.0,0,0,0,0.0,0.0,0,1179648,0,1179648,9.47047339938581,15.050165304914117,932287c2c204e475df824a3914b7b179226625caf37ae288bac90716ffe16ec4,7beacb6743576781368a080da44cd438b916dcc136a99604e88f6c6138d03ec6
20,3,177950,177950,177950,1.0,1.0,1.0,0,0,0,0.0,0.0,0,1179648,0,1179648,9.11301638931036,13.636926908046007,932287c2c204e475df824a3914b7b179226625caf37ae288bac90716ffe16ec4,c43ba3a622d73c478f1ae0357b6d57320c2c825e6619e920d9a48dc182dace2e
20,4,133704,133704,133704,1.0,1.0,1.0,0,0,0,0.0,0.0,0,1179648,0,1179648,8.715824753046036,13.350020820274949,932287c2c204e475df824a3914b7b179226625caf37ae288bac90716ffe16ec4,3139451dffdb6ac2114595295407961517249df398ce0caaa6b502fd5f57fada
20,5,107650,107650,107650,1.0,1.0,1.0,0,0,0,0.0,0.0,0,1179648,0,1179648,8.211072539910674,12.964984258636832,932287c2c204e475df824a3914b7b179226625caf37ae288bac90716ffe16ec4,fc7abc812efb1d2acfda6e0d090e318fc9b6d9bcb333b8ebddbbad6f44150df0
21,1,6567937,6558837,6558837,1.0013874410966457,1.0013874410966457,1.0,4501504,4501504,4501504,0.5005973715651135,0.5005973715651135,3432448,3424256,3432448,3424256,1.1028986014425755,4.791412184014916,d1b1b8a543eab9b359421f0d67baaee43f2890b2562bf2bfa1dfeb5fa5f87b37,f348d8199a95196945fe11a61f21e5764ab4819e1e2976958b4ced376a8e9830
21,2,3174339,3174060,3174060,1.0000879000396967,1.0000879000396967,1.0,33017856,33017856,33017856,0.015014397367338544,0.015014397367338544,299008,19615744,299008,19615744,8.116937637329102,13.755079984664917,d1b1b8a543eab9b359421f0d67baaee43f2890b2562bf2bfa1dfeb5fa5f87b37,0e9a3a7bbc68706ed89a50a7ae90c7a06c5a529d8ac3f3e68573bafef29c51b0
21,3,2090922,2090922,2090922,1.0,1.0,1.0,34854912,34854912,34854912,0.01654612107401169,0.01654612107401169,342016,20328448,342016,20328448,9.398828884586692,14.695824896916747,d1b1b8a543eab9b359421f0d67baaee43f2890b2562bf2bfa1dfeb5fa5f87b37,31451a9748692af407a67c6d4b1326a293fc891d2ce8fc30551145298e19659a
21,4,1550324,1550324,1550324,1.0,1.0,1.0,4608000,4608000,4608000,0.0,0.0,0,6963200,0,6963200,4.762474421411753,7.512646486982703,d1b1b8a543eab9b359421f0d67baaee43f2890b2562bf2bfa1dfeb5fa5f87b37,8c4ea95a8e02fde840ef35267e9b04b6d7cd59135c429739162e27b861cfe8af
21,5,1250168,1249380,1249380,1.0006307128335654,1.0006307128335654,1.0,11431936,11431936,11431936,0.5699643493761141,0.5699643493761141,7858176,5928960,7858176,5928960,8.715029979124665,12.752876106649637,d1b1b8a543eab9b359421f0d67baaee43f2890b2562bf2bfa1dfeb5fa5f87b37,f0cc44a555b97b76c4e61dd995145f6de885cba0f7ab7a6e09eb12b74fa24d61
22,1,56780,56780,56780,1.0,1.0,1.0,0,0,0,0.0,0.0,0,213540,0,213540,0.36843884363770485,1.3542639054358006,b93af0605cda612b707a91a1e9fc76348b527284a03e779b65cbe55813e331e7,bdc9c153727b9f7ea40409a9ffa15959f9bc5fe680e565eb6da09692918d3411
22,2,27860,27860,27860,1.0,1.0,1.0,145236,145236,145236,0.07491573997457063,0.07491573997457063,22272,275022,22272,275022,1.9066986069083214,3.0459110643714666,b93af0605cda612b707a91a1e9fc76348b527284a03e779b65cbe55813e331e7,7994020474d4240905db901957284fcc0df2a2fb3eaeb24de8533318af1b78f0
22,3,18978,18978,18978,1.0,1.0,1.0,13824,13824,13824,0.060801182245210326,0.060801182245210326,13824,213540,13824,213540,0.8923784028738737,1.7727626599371433,b93af0605cda612b707a91a1e9fc76348b527284a03e779b65cbe55813e331e7,28645d8916f4e5a3ada9d471126f6c3c3fc2048953ec6f77cc913ba1af0ae43c
22,4,14336,14336,14336,1.0,1.0,1.0,20736,20736,20736,0.08851098704092608,0.08851098704092608,20736,213540,20736,213540,1.0312875844538212,1.849471451714635,b93af0605cda612b707a91a1e9fc76348b527284a03e779b65cbe55813e331e7,c3eadd26ec5bf91f0ada14028de2653676de9d8601beb8ee3d8217ee2fde4cd6
22,5,11479,11479,11479,1.0,1.0,1.0,20736,20736,20736,0.08851098704092608,0.08851098704092608,20736,213540,20736,213540,0.8358534071594477,1.4045805167406797,b93af0605cda612b707a91a1e9fc76348b527284a03e779b65cbe55813e331e7,b7e724e652daf5e21f98ef2afccf492e9d8891963d32488b611346051ef97217
23,1,122614,122614,122614,1.0,1.0,1.0,0,0,0,0.0,0.0,0,434122,0,434122,0.14701693877577782,0.6943148244172335,73e1a5d3abe5f7b36fb7a386d586e8ed492f7fae5e7a736c475b629ab6e12739,aa6e813822e96d6a1e60ea550fc498a806911951f3abc724b7d89438f2f8be11
23,2,60965,60965,60965,1.0,1.0,1.0,74016,74016,74016,0.0005667751673757917,0.0005667751673757917,288,507850,288,507850,0.763156846165657,1.3656466975808144,73e1a5d3abe5f7b36fb7a386d586e8ed492f7fae5e7a736c475b629ab6e12739,6878ea34709c74ec4c45c10e7ddf5bc1ffe269cd78a17648577959a7ef2930f7
23,3,40682,40682,40682,1.0,1.0,1.0,207264,207264,207264,0.323150177895994,0.323150177895994,207264,434122,207264,434122,1.1676660645753145,1.9347342681139708,73e1a5d3abe5f7b36fb7a386d586e8ed492f7fae5e7a736c475b629ab6e12739,383cfec1eefce0968228c3f68ab913da8e6893521eb5acc151459656f424ef3c
23,4,30516,30516,30516,1.0,1.0,1.0,281280,281280,281280,0.39317754213714806,0.39317754213714806,281280,434122,281280,434122,0.6791238635778427,1.1414371971040964,73e1a5d3abe5f7b36fb7a386d586e8ed492f7fae5e7a736c475b629ab6e12739,de14178d52cafca22aed5f1bb44e30e2896b3eeda5f4da71d978dd16608ab720
23,5,24940,24940,24940,1.0,1.0,1.0,280992,280992,280992,0.2554669605125896,0.2554669605125896,182688,532426,182688,532426,1.1504852697253227,1.861932035535574,73e1a5d3abe5f7b36fb7a386d586e8ed492f7fae5e7a736c475b629ab6e12739,f6179713e913f60db2e0cb3c763956245cd901bd2afd0d87e8e1520273e7bd4d
24,1,2555343,2555343,2555343,1.0,1.0,1.0,0,0,0,0.0,0.0,0,393216,0,393216,1.5972450729459524,7.278718460351229,f974fbf1a23b4a145b5f8c9c691eb1b247f93d8785d98bb46a9cdd8626399aec,3f6ba4b0f374750256c442f6bff12ee90e8c8c76c00655298e84b9a94fbfee98
24,2,1335245,1334413,1334413,1.0006234951248227,1.0006234951248227,1.0,396856,396856,396856,0.4988455468555741,0.4988455468555741,393216,395036,393216,395036,11.740631118416786,18.744765125215054,f974fbf1a23b4a145b5f8c9c691eb1b247f93d8785d98bb46a9cdd8626399aec,9965d82d344ddc29b76e88884ef1dd1dcf274248276a8d2abddaa7fa36091dcd
24,3,954537,953897,953897,1.0006709319769325,1.0006709319769325,1.0,332124,332124,332124,0.45342530541350096,0.45342530541350096,327880,395238,327880,395238,11.555217526853085,18.032413367182016,f974fbf1a23b4a145b5f8c9c691eb1b247f93d8785d98bb46a9cdd8626399aec,fcc45b612c810616f0d74c27455d1a53644664d006a935b50082eac38fe7a1f6
24,4,748435,744432,744432,1.0053772540675308,1.0053772540675308,1.0,595068,595068,595068,0.5988097339655988,0.5988097339655988,590224,395438,590224,395438,10.084319384768605,19.039934935048223,f974fbf1a23b4a145b5f8c9c691eb1b247f93d8785d98bb46a9cdd8626399aec,17189f75d77289ba248bcc0b054030cbcc553b4a3f72b5fdfcef84a3a72262b9
24,5,695849,693639,693639,1.0031860953608434,1.0031860953608434,1.0,432232,432232,432232,0.518754165024978,0.518754165024978,426584,395740,426584,395740,10.132474517449737,18.63668666034937,f974fbf1a23b4a145b5f8c9c691eb1b247f93d8785d98bb46a9cdd8626399aec,315212c909c1f5c2122baa85ca8fdd657618e0d3e113b5455051ee9b54d0b9b5
25,1,4863026,4863026,4863026,1.0,1.0,1.0,0,0,0,0.0,0.0,0,4122624,0,4122624,18.25374786928296,60.75808411464095,f27ba0f332109eb62541879ddbc9c9d283531c191afdd7299a365134af3e0deb,866297d2cabe14158ebe6e57cc86e522d8f888041f24e5804988ac43e71152bd
25,2,2431840,2431840,2431840,1.0,1.0,1.0,27648,27648,27648,0.0,0.0,0,4150272,0,4150272,68.58590678498149,104.25230524502695,f27ba0f332109eb62541879ddbc9c9d283531c191afdd7299a365134af3e0deb,6f0d2c9160eae1d04773458121133076f3a256a4d403e1a12c58082ee55f2d13
25,3,1622164,1622164,1622164,1.0,1.0,1.0,55296,55296,55296,0.0,0.0,0,4177920,0,4177920,52.863379223272204,84.20112084038556,f27ba0f332109eb62541879ddbc9c9d283531c191afdd7299a365134af3e0deb,a8799121b74d3094c4e0b5f200a7321be03d2fc2de4a212d825cf30d34eaed26
25,4,1217444,1217444,1217444,1.0,1.0,1.0,82944,82944,82944,0.0,0.0,0,4205568,0,4205568,50.41749320551753,83.50643390789628,f27ba0f332109eb62541879ddbc9c9d283531c191afdd7299a365134af3e0deb,36a0e86567664f0f7a7975377d9a864cb1d02ad961dc39f675dfc2f69f8d577b
25,5,975282,975282,975282,1.0,1.0,1.0,110592,110592,110592,0.0,0.0,0,4233216,0,4233216,50.69924508780241,78.65316726639867,f27ba0f332109eb62541879ddbc9c9d283531c191afdd7299a365134af3e0deb,06bed46bad51810f1fb73a0ef7e5fafa06f9cdb324efb2ff651925115ef8c2a4
26,1,99203,99203,99203,1.0,1.0,1.0,0,0,0,0.0,0.0,0,488886,0,488886,0.13940546102821827,0.569365544244647,0ed6209c59170dc0da94703702b17402cee14c1a61624e666ed8938637b6765b,72df6606789136b3baf9eec24a43a369cf39c1f1f97d61801ffdf8d829ab4062
26,2,51429,51429,51429,1.0,1.0,1.0,21936,21936,21936,0.04294255141712769,0.04294255141712769,21936,488886,21936,488886,0.697088211774826,1.1707491837441921,0ed6209c59170dc0da94703702b17402cee14c1a61624e666ed8938637b6765b,3d082f0b147238def277a622fdd3302bc5d198eec31de79fa09faffd3e0b92f6
26,3,41688,41688,41688,1.0,1.0,1.0,95664,95664,95664,0.16365409289196817,0.16365409289196817,95664,488886,95664,488886,0.6630271039903164,1.1079552005976439,0ed6209c59170dc0da94703702b17402cee14c1a61624e666ed8938637b6765b,bb158b8136ee922210721f4d6a5f5d9ce6a24a053c449bb1dc8ec6e835896170
26,4,42226,42208,42208,1.000426459438969,1.000426459438969,1.0,172128,172128,172128,0.2232206882153782,0.2232206882153782,147552,513462,147552,513462,0.6796130426228046,1.12365716509521,0ed6209c59170dc0da94703702b17402cee14c1a61624e666ed8938637b6765b,e3aac57c75fa854567fba91a60bf87f5127faa17b15e5431184a1b35b9168360
26,5,38198,37332,36689,1.0231972570448944,1.0411294938537436,1.01752568889858,835212,835212,835212,0.18687781944153645,0.23365628033576336,196360,854380,245512,805228,0.8751803934574127,1.4719173312187195,0ed6209c59170dc0da94703702b17402cee14c1a61624e666ed8938637b6765b,613992b2e293b62f5f847b523703c3d55dc754b1f7d3a8ee01df1ddd5c34c216
27,1,2363952,2359515,2359515,1.0018804711985303,1.0018804711985303,1.0,1400832,1400832,1400832,0.2689393939393939,0.2689393939393939,872448,2371584,872448,2371584,0.5429830476641655,2.2503739465028048,74ff3486f7a3fd5561250ac336ed57e02a998f4f34d3be742e9f3dceb98d402b,795174b3004f23842aeac7961da65580892080295f6415d4f180741be99b0bec
27,2,1120962,1120962,1120962,1.0,1.0,1.0,1744896,1744896,1744896,0.08904109589041095,0.08904109589041095,319488,3268608,319488,3268608,1.3892040997743607,2.3447653613984585,74ff3486f7a3fd5561250ac336ed57e02a998f4f34d3be742e9f3dceb98d402b,ceb7a88d92ec02dbe06a3150853de8ffa43ae0776ee55d33fabc973ab1c42676
27,3,744579,744579,744579,1.0,1.0,1.0,18481152,18481152,18481152,0.059944559944559946,0.059944559944559946,708608,11112448,708608,11112448,3.153010554611683,5.580151133239269,74ff3486f7a3fd5561250ac336ed57e02a998f4f34d3be742e9f3dceb98d402b,c256f3cc436a9a6171a5b03ec5d43ee17df10cf9c730aab6f78d41447c3cce7e
27,4,559196,559196,559196,1.0,1.0,1.0,3317760,3317760,3317760,0.0,0.0,0,5160960,0,5160960,1.8602614030241966,3.0131722036749125,74ff3486f7a3fd5561250ac336ed57e02a998f4f34d3be742e9f3dceb98d402b,d5eb52e4808230557fc7b2cf6a50b55371fc8895473d5579b069a5c0b7a6c718
27,5,499622,494470,494412,1.0104192367585496,1.0105377701188483,1.0001173110685015,21954560,21954560,21948416,0.19431078403622984,0.19694180942942094,2811904,11659264,2848768,11616256,3.9493679832667112,6.9118698462843895,74ff3486f7a3fd5561250ac336ed57e02a998f4f34d3be742e9f3dceb98d402b,fb52f051edbfde7f5b476574a76d13411adb1e259c6d244f263eeab6ec13c1f4
28,1,43836040,43836040,43836040,1.0,1.0,1.0,277412256,277412256,277412256,0.0,0.0,0,278067744,0,278067744,19.003485459834337,77.43438861519098,89fe60e6529c5c02cf6ffd700254e003b1f51ceafc252140ef64add47ad2e212,d987ac1dfa4f0a2dfb2368b3f01660689355e74c99c9b7c2c84696b3fdadeb73
28,2,20517451,20505375,20505375,1.000588918759106,1.000588918759106,1.0,75738432,75738432,75738432,0.03827809052207227,0.03827809052207227,1724616,43330296,1724616,43330296,77.20551887340844,120.7319580949843,89fe60e6529c5c02cf6ffd700254e003b1f51ceafc252140ef64add47ad2e212,c9b7b9609eaa982cd7245374587ca1e1fef332bf4b30c8f74109e00b55eceac9
28,3,13687852,13687122,13686058,1.0000533348062508,1.0001310823028808,1.0000777433502035,44350128,44350128,44353200,0.1475266198375336,0.14889987047593906,4291488,24798096,4331664,24759456,56.222502728924155,94.24714013561606,89fe60e6529c5c02cf6ffd700254e003b1f51ceafc252140ef64add47ad2e212,0a4a7acefb64081ff2081208018bec0d30470b3ecdee2402789267cbb0b7b72b
28,4,10347838,10168619,10168619,1.0176247138377394,1.0176247138377394,1.0,74883456,74883456,74883456,0.5881318771900335,0.5881318771900335,34932888,24463464,34932888,24463464,54.91268514841795,91.40220135822892,89fe60e6529c5c02cf6ffd700254e003b1f51ceafc252140ef64add47ad2e212,55fc444e6eab38500d259cca733143e9be7741cc0fd0c3f747a3fa172bd149ca
28,5,8286707,8179833,8179833,1.0130655479152202,1.0130655479152202,1.0,73953792,73953792,73953792,0.6104093014750701,0.6104093014750701,36532440,23316648,36532440,23316648,56.791737128049135,89.79084527678788,89fe60e6529c5c02cf6ffd700254e003b1f51ceafc252140ef64add47ad2e212,7806dd3c36bf1cb4069f9e2634f63c9336d5567a43791e2e5514e7f800d2cc0a
29,1,37555,37555,37555,1.0,1.0,1.0,0,0,0,0.0,0.0,0,258132,0,258132,0.12355571426451206,0.5333006586879492,997bcbaa3acdff628346af91df1c6ce0127372b10c71890967ec9dd685b7187b,1eea4b77c66f467cece1e811b06292dc0f6cb97aa26070c30fb25bafdc46c74e
29,2,18880,18880,18880,1.0,1.0,1.0,16388,16388,16388,0.0,0.0,0,266326,0,266326,0.6479759458452463,1.079137871041894,997bcbaa3acdff628346af91df1c6ce0127372b10c71890967ec9dd685b7187b,71d48c5a9f6e2aa6b9e07e5f01dc9d28bef5aeb6e133d3ff884f1895a4140fab
29,3,12743,12743,12743,1.0,1.0,1.0,0,0,0,0.0,0.0,0,258132,0,258132,1.050134927034378,1.5017412640154362,997bcbaa3acdff628346af91df1c6ce0127372b10c71890967ec9dd685b7187b,d4c3e33ca1e064246a40be99c12a2184a4c812ee98c34a3a6e7d6e541b8bac3e
29,4,10168,10168,10168,1.0,1.0,1.0,49164,49164,49164,0.0,0.0,0,282714,0,282714,1.0741757489740849,1.746636062860489,997bcbaa3acdff628346af91df1c6ce0127372b10c71890967ec9dd685b7187b,6e6701a4426c6434b4ec37c11edb575c31075bb5b5356166e95c66c4df80a3b5
29,5,8787,8787,8787,1.0,1.0,1.0,65552,65552,65552,0.0,0.0,0,290908,0,290908,0.6298707872629166,1.081303546205163,997bcbaa3acdff628346af91df1c6ce0127372b10c71890967ec9dd685b7187b,4fe9da5f48ac55d14b093148f7b0aa311c83f544ce276d9ff58b13d42e3d07b4
30,1,2808034,2807891,2807891,1.0000509279028282,1.0000509279028282,1.0,5519360,5519360,5519360,0.259867995341012,0.259867995341012,2056192,5856256,2056192,5856256,5.190684720873833,19.078464480116963,ad80a952c48ff4d7c339349167fa9054e515009787692608863240a3546c0f90,bed511cb0f432bf02c1b67f94a49cfadb6964d628e4100e6b9c991961e17474e
30,2,1390496,1390292,1390292,1.0001467317657011,1.0001467317657011,1.0,1292288,1292288,1292288,0.3450958599611003,0.3450958599611003,1271808,2413568,1271808,2413568,21.584687458351254,30.699651835486293,ad80a952c48ff4d7c339349167fa9054e515009787692608863240a3546c0f90,5b90b1c792c850dfc021b034e9a1781cc6748a4fe41a516b7aa72b6d3e475f16
30,3,933720,933018,933018,1.0007523970598637,1.0007523970598637,1.0,8985600,8985600,8985600,0.5365016263100831,0.5365016263100831,6080512,5253120,6080512,5253120,25.557997783645988,40.950607627630234,ad80a952c48ff4d7c339349167fa9054e515009787692608863240a3546c0f90,4c8fd932a187e07b814e5874eed9853952d461efdcbe1f4e351b77c518d10982
30,4,697351,697321,697321,1.0000430217934064,1.0000430217934064,1.0,6002688,6002688,6002688,0.7013660202463715,0.7013660202463715,5888512,2507264,5888512,2507264,24.189149932935834,38.66168042272329,ad80a952c48ff4d7c339349167fa9054e515009787692608863240a3546c0f90,c5abacdf6645c85ed218ce8fd7f941d77634b9d5f0fa8612ad0ab8868211a55e
30,5,559882,559862,559862,1.000035723088904,1.000035723088904,1.0,7484416,7484416,7484416,0.7449201741654572,0.7449201741654572,7357952,2519552,7357952,2519552,24.870729487389326,39.575160685926676,ad80a952c48ff4d7c339349167fa9054e515009787692608863240a3546c0f90,024acba90b647beaec62e00aef3b4a7eccca1616cfba25aba88feca65d30be2a
31,1,1414369,1414159,1414159,1.0001484981533193,1.0001484981533193,1.0,3491328,3491328,3491328,0.26059362793218216,0.26059362793218216,1479168,4196980,1479168,4196980,2.3432520776987076,9.73930437490344,a8d03d16b7eff2c3c84186b32994279143fd1628937e4e9bdf753f869a333f82,126e96eff01b3c1db5de662ecd8bd02dcd72d548ac3255120608e40d19b693e1
31,2,712262,711649,711649,1.0008613796970136,1.0008613796970136,1.0,5250048,5250048,5250048,0.43054214277913205,0.43054214277913205,3201024,4233844,3201024,4233844,12.052509173750877,19.049517564475536,a8d03d16b7eff2c3c84186b32994279143fd1628937e4e9bdf753f869a333f82,71f438b8d76ae54e750ee8520bcb075fc044a7b5c873cbe344d5f021eda398b6
31,3,473822,473052,473052,1.0016277280298995,1.0016277280298995,1.0,7544832,7544832,7544832,0.4998098595921005,0.4998098595921005,4862976,4866676,4862976,4866676,8.237002689391375,14.260345801711082,a8d03d16b7eff2c3c84186b32994279143fd1628937e4e9bdf753f869a333f82,f4969bbcc2dbfe64b27e9bd9d9c9322ed0450f06f8cac1b68c5b2aaba12734bd
31,4,360134,359705,359705,1.001192643972144,1.001192643972144,1.0,7808000,7808000,7808000,0.43485816089465423,0.43485816089465423,4322304,5617268,4322304,5617268,11.076343463733792,16.679855942726135,a8d03d16b7eff2c3c84186b32994279143fd1628937e4e9bdf753f869a333f82,6183e7141d66e514b75b570fc4d2888e956aef0bc2d78a0d3bef46232d4ec228
31,5,284848,284820,284820,1.0000983077031107,1.0000983077031107,1.0,7931904,7931904,7931904,0.5327637681921539,0.5327637681921539,5389824,4726900,5389824,4726900,12.733108799904585,20.34664592333138,a8d03d16b7eff2c3c84186b32994279143fd1628937e4e9bdf753f869a333f82,411429c7109d33291db8f3326994ac522679b73733be8fa157e39491c4930b34
32,1,41443,41443,41443,1.0,1.0,1.0,0,0,0,0.0,0.0,0,279156,0,279156,0.1190294474363327,0.4847209192812443,7b325807b10636edbb8ada6fe9086e639ece5d42d4aad151b0fc7cd8f6277385,83348b05eee2296608cd724ec5b2cadb54c269a971f8e8b65a9a7a8855313104
32,2,17566,17566,17495,1.0,1.0040583023721064,1.0040583023721064,6216,6216,6216,0.0217820949497498,0.0217820949497498,6216,279156,6216,279156,0.5804468523710966,0.9772270172834396,7b325807b10636edbb8ada6fe9086e639ece5d42d4aad151b0fc7cd8f6277385,1948095e259d5d4b752946664159beebacf16903c3bf962f7354ec2e1ff4a72a
32,3,11910,11910,11910,1.0,1.0,1.0,12360,12360,12360,0.04239904499238464,0.04239904499238464,12360,279156,12360,279156,0.5320306103676558,0.9892519973218441,7b325807b10636edbb8ada6fe9086e639ece5d42d4aad151b0fc7cd8f6277385,9299c786fd1b9ab22a616eb6bdf3d900adea5a2afedcf9342be34fc0a688e380
32,4,10728,10728,10728,1.0,1.0,1.0,74980,74980,74980,0.03850561540224616,0.03850561540224616,12432,310430,12432,310430,1.0305713638663292,1.7303074356168509,7b325807b10636edbb8ada6fe9086e639ece5d42d4aad151b0fc7cd8f6277385,28ecd48fc1cd70caeb9859b8abdc048aa50902c27eba482f6482b65ac692a32a
32,5,10414,10384,10384,1.0028890600924498,1.0028890600924498,1.0,12360,12360,12360,0.04239904499238464,0.04239904499238464,12360,279156,12360,279156,0.8772336561232805,1.3141431584954262,7b325807b10636edbb8ada6fe9086e639ece5d42d4aad151b0fc7cd8f6277385,c9e1dfb8fe27cb4da7254e02f2ed81ccd2b6fc3b4527675a49f89d4ac11b4b07
33,1,1774196,1774080,1774080,1.000065386002886,1.000065386002886,1.0,4592640,4592640,4592640,0.09627692445862406,0.09627692445862406,720384,6762032,720384,6762032,1.2464028652757406,4.835986752063036,e14316f8ccbe3bf16bcee2bad80efc3a527cdc2488d9e3f616518b6e3aa9657b,0461256ec7a6fe061d3a7e2175171d1040703f624033a8efa72bc3be0f2267e1
33,2,889132,887756,887756,1.001549975443703,1.001549975443703,1.0,6452256,6452256,6452256,0.1705476068739005,0.1705476068739005,1574400,7657040,1574400,7657040,6.89437579549849,11.363221971318126,e14316f8ccbe3bf16bcee2bad80efc3a527cdc2488d9e3f616518b6e3aa9657b,352360722bd09caea2be87e6e23dd89c442898241624d9b5fbf88d6fe08ba8b5
33,3,596821,593725,593725,1.0052145353488569,1.0052145353488569,1.0,7053888,7053888,7053888,0.30330852997775604,0.30330852997775604,3008544,6910544,3008544,6910544,4.593278981745243,7.6687801238149405,e14316f8ccbe3bf16bcee2bad80efc3a527cdc2488d9e3f616518b6e3aa9657b,bc277b84dc9750616ab4ceef3013cb48d98b5d30d2663b2e1010ba08569a737f
33,4,443447,442667,442667,1.0017620468659285,1.0017620468659285,1.0,7214688,7214688,7214688,0.4267072454313262,0.4267072454313262,4311648,5792816,4311648,5792816,6.17008326202631,9.900080556049943,e14316f8ccbe3bf16bcee2bad80efc3a527cdc2488d9e3f616518b6e3aa9657b,82fc21a53cf643e35a805fae569826f1b5eea885ac898a1b4c8e5f05f7c07fbf
33,5,361176,360597,360597,1.0016056705962613,1.0016056705962613,1.0,7894656,7894656,7894656,0.31099769925095694,0.31099769925095694,3350112,7422032,3350112,7422032,6.943593272939324,10.122724749147892,e14316f8ccbe3bf16bcee2bad80efc3a527cdc2488d9e3f616518b6e3aa9657b,694ea89c2c25c8e28383ce7667d12d251451e68fa9f55bf0ac8da60c6156a179
34,1,842996,842733,842733,1.0003120798639664,1.0003120798639664,1.0,1079832,1079832,1079832,0.309046599146855,0.309046599146855,1038336,2321468,1038336,2321468,1.4445162955671549,5.872957140207291,c4128788442a023c2224d582f7114181ca9e9439a5978deaec6a1c52c0d729d6,19cc9b471b4253917b1c1297fdd194752c0b66e79fb6ba807872ddea5abcb489
34,2,415251,415212,415212,1.0000939279211583,1.0000939279211583,1.0,943616,943616,943616,0.292721181288001,0.292721181288001,943616,2279984,943616,2279984,6.037444790825248,9.776693249121308,c4128788442a023c2224d582f7114181ca9e9439a5978deaec6a1c52c0d729d6,ae767444cc99f752833962c0b13e0df2bc44586c03a87e67ffd61a5e162dc14f
34,3,270947,270017,266836,1.0034442275856705,1.0154064668935225,1.0119211800506678,2288640,2288640,2288640,0.4821197804853278,0.4915335558365057,2202624,2366000,2245632,2322992,4.8784073404967785,9.404884243384004,c4128788442a023c2224d582f7114181ca9e9439a5978deaec6a1c52c0d729d6,99ee486d9bd86173a79691da687940ca99b75c731d45087658c114cf7acc8256
34,4,206454,203915,202625,1.012451266459064,1.0188969771745835,1.0063664404688464,3059200,3059200,3083776,0.568368499755768,0.5625188300744254,3034624,2304560,3017216,2346544,7.235994400456548,11.23469166085124,c4128788442a023c2224d582f7114181ca9e9439a5978deaec6a1c52c0d729d6,4db3312d297a4a11cde8bd24c9b3a7e68bca7ebcf4a422ea71c8096519e7faed
34,5,167389,165377,162156,1.0121661416037298,1.0322713929796,1.019863588149683,3463168,3463168,3487744,0.5878528027814691,0.5832175164986976,3376128,2367024,3363840,2403888,6.893593395128846,10.444874815642834,c4128788442a023c2224d582f7114181ca9e9439a5978deaec6a1c52c0d729d6,3f3a68ecc2448ae40e44fa0c296cf5cf9330dc202d266d9e9160ce209527965c
35,1,169571,169571,169571,1.0,1.0,1.0,0,0,0,0.0,0.0,0,396878,0,396878,1.2509669438004494,4.688363656401634,ab4d5e39b4d3ad430a992d6d87d7510a869b6cb03a5d9a7ba124b039ba4486e2,43201822fd833e40039e2a07a60c49325d3a15aa5f121c0c1082f55e586f5f29
35,2,93692,93692,93692,1.0,1.0,1.0,801138,801138,801138,0.15466212494966933,0.15466212494966933,133672,730612,133672,730612,7.525109717622399,11.766405938193202,ab4d5e39b4d3ad430a992d6d87d7510a869b6cb03a5d9a7ba124b039ba4486e2,d48116d8bcf5b66fd05c57f66bd3a924ad63fdda67f27b003da4f9bb84a883d1
35,3,75717,75628,75176,1.0011768128206484,1.0071964456741513,1.006012557199106,1276568,1276568,1254808,0.19480003934573661,0.196225384484422,221804,916820,221292,906452,4.702295940369368,8.932205628603697,ab4d5e39b4d3ad430a992d6d87d7510a869b6cb03a5d9a7ba124b039ba4486e2,32288a12c6829a9b9c53da8658fe69886b680d0d18929a8c15733dad32b12691
35,4,63767,63250,63250,1.0081739130434784,1.0081739130434784,1.0,1505978,1505978,1505978,0.28723880845499317,0.28723880845499317,379570,941874,379570,941874,5.609566528350115,9.724399911239743,ab4d5e39b4d3ad430a992d6d87d7510a869b6cb03a5d9a7ba124b039ba4486e2,53004d3154a6696e9409325f6a3db0c95a75054f19b9c87a60d9f0e072e2164f
35,5,58308,57848,57848,1.0079518738763658,1.0079518738763658,1.0,1058710,1058710,1058710,0.2729764849369094,0.2729764849369094,287382,765390,287382,765390,4.546326890587807,8.219745699316263,ab4d5e39b4d3ad430a992d6d87d7510a869b6cb03a5d9a7ba124b039ba4486e2,e256ed7cc177d9415f9c73a3c400267b610f9623f8a2a51776e3efa9fd847e91
36,1,931510,931510,931510,1.0,1.0,1.0,0,0,0,0.0,0.0,0,3277952,0,3277952,1.1710553411394358,4.496933305636048,3924c8904db3f85eb38d4e4b345e55f689c9d908f329dbb8caf16a3774759d21,8c131ad0dfb252dc26f956f6fa867096f91862e58a5cb371718e576432bc8999
36,2,466068,466068,466068,1.0,1.0,1.0,1152,1152,1152,0.0,0.0,0,3279104,0,3279104,5.170201336964965,7.733029527589679,3924c8904db3f85eb38d4e4b345e55f689c9d908f329dbb8caf16a3774759d21,dd7ae7b455235ad623c4429d8370e13ad548162d913959e57fd2bf3e583c35cf
36,3,311345,311345,311345,1.0,1.0,1.0,2304,2304,2304,0.0,0.0,0,3280256,0,3280256,4.759037794545293,7.618887100368738,3924c8904db3f85eb38d4e4b345e55f689c9d908f329dbb8caf16a3774759d21,a3558ccae74e93902681f85c93b27b4947fee563d9401fd79cd91014208f555a
36,4,233584,233584,233584,1.0,1.0,1.0,3456,3456,3456,0.0,0.0,0,3281408,0,3281408,4.578110286965966,6.660716520622373,3924c8904db3f85eb38d4e4b345e55f689c9d908f329dbb8caf16a3774759d21,038414e14156f408efe4003277cc28c939201fd7620049f41e7b43967126873f
36,5,187182,187182,187182,1.0,1.0,1.0,4608,4608,4608,0.0,0.0,0,3282560,0,3282560,2.9595205187797546,4.5498226583004,3924c8904db3f85eb38d4e4b345e55f689c9d908f329dbb8caf16a3774759d21,b7f744513cf6209837e2139077ee2d2c0f158cfc916283fd4913f0abc020e551
37,1,210001,210001,210001,1.0,1.0,1.0,0,0,0,0.0,0.0,0,532480,0,532480,0.20378738082945347,0.8427560813724995,c5ce3776f9b28b17c7e1d23c9a47395ddfaeecf2533228ab0a5cf444e3f112e3,63d46275baf2c0ca59542635cd8214bd79425c5056d8f109b3090fcd1ad93847
37,2,105374,105374,105374,1.0,1.0,1.0,204800,204800,204800,0.0,0.0,0,737280,0,737280,0.49679837189614773,0.8692696522921324,c5ce3776f9b28b17c7e1d23c9a47395ddfaeecf2533228ab0a5cf444e3f112e3,9d008aab2db8335b6681495cec24f532db4728cec744f600e0adb4d416dfce78
37,3,74038,74038,74038,1.0,1.0,1.0,573440,573440,573440,0.3537037037037037,0.3537037037037037,391168,714752,391168,714752,0.7176202423870564,1.3151162657886744,c5ce3776f9b28b17c7e1d23c9a47395ddfaeecf2533228ab0a5cf444e3f112e3,8f0da85bcb7bc5a59e4c1efe132bdf0c7c8badcc5adc2b135a90d4415fb27c8f
37,4,53320,53320,53320,1.0,1.0,1.0,614400,614400,614400,0.0,0.0,0,1146880,0,1146880,0.9604980200529099,1.5967141538858414,c5ce3776f9b28b17c7e1d23c9a47395ddfaeecf2533228ab0a5cf444e3f112e3,56df4c7101b66830cc2dd02593ac18272261ed453b685fc61df87287cc81dd32
37,5,43013,43013,43013,1.0,1.0,1.0,942080,942080,942080,0.4222222222222222,0.4222222222222222,622592,851968,622592,851968,1.079027734696865,1.8634902760386467,c5ce3776f9b28b17c7e1d23c9a47395ddfaeecf2533228ab0a5cf444e3f112e3,aa63e1c3628d1cb750812560b5eace3fbb35839c9da70f3f37a74ae508d28ef4
38,1,1364555,1363312,1363312,1.0009117502083162,1.0009117502083162,1.0,5627904,5627904,5627904,0.1736168151396097,0.1736168151396097,1462272,6960138,1462272,6960138,2.550062593072653,10.16962505504489,69575019d0670552c74f386508042357a94419ed2f49d18a382a71a8cf39e5ac,8f5c3e3c84763a2a5e2ebb7436efdc0d8ec7a8cc8d35564e8f26bb776d9f4e48
38,2,674500,674382,674382,1.000174975014161,1.000174975014161,1.0,6790656,6790656,6790656,0.2788309681150929,0.2788309681150929,2672640,6912522,2672640,6912522,13.042533291503787,21.020504616200924,69575019d0670552c74f386508042357a94419ed2f49d18a382a71a8cf39e5ac,ea59dcd7e19f8e660eb25925686e09771b2022fdced47df537d27d185057a828
38,3,449590,449048,449048,1.0012069979155904,1.0012069979155904,1.0,8107008,8107008,8107008,0.3442319004855426,0.3442319004855426,3746304,7136778,3746304,7136778,10.165202418342233,17.856943871825933,69575019d0670552c74f386508042357a94419ed2f49d18a382a71a8cf39e5ac,6def89326aa4ee4be8c098ae810bcef9ad7f2a05a3b95be80cd2e3973ada8c96
38,4,338182,337550,337550,1.001872315212561,1.001872315212561,1.0,8954880,8954880,8954880,0.33240341239959265,0.33240341239959265,3905536,7843850,3905536,7843850,13.982182631269097,22.575147815048695,69575019d0670552c74f386508042357a94419ed2f49d18a382a71a8cf39e5ac,df6c8aab73b6aec511e4373ba580364185b311d4351edd64f97e7960fea9212c
38,5,275278,272573,272573,1.0099239469793413,1.0099239469793413,1.0,9592320,9592320,9592320,0.4060456596707019,0.4060456596707019,4999680,7313418,4999680,7313418,14.374670997262001,21.1773843113333,69575019d0670552c74f386508042357a94419ed2f49d18a382a71a8cf39e5ac,eeb43a9e7ee76d39a203ad8208378e9efa879e6cd29a752db7cc72dbf957cbea
39,1,1435262,1435262,1435262,1.0,1.0,1.0,7929856,7929856,7929856,0.0,0.0,0,12132352,0,12132352,1.7105001155287027,7.219151450321078,8e999d9db7fe3b1060baef4bff52304267c4034700290fe0a7520f777cbc78ed,dac9aa0dddfc1796efda0c933d0a650fee6dbc3977c653a543b26b2ae2e70179
39,2,708430,706188,706188,1.0031747919817386,1.0031747919817386,1.0,9166848,9166848,9166848,0.41360294117647056,0.41360294117647056,5529600,7839744,5529600,7839744,10.032221565023065,17.24078826792538,8e999d9db7fe3b1060baef4bff52304267c4034700290fe0a7520f777cbc78ed,416edd4aa8a967e1bb0c0c4f962c10a37c6368577054102d3ff0fc5f29eb39cf
39,3,478013,477811,477811,1.0004227613010166,1.0004227613010166,1.0,11911168,11911168,11911168,0.48373157092018304,0.48373157092018304,7794688,8318976,7794688,8318976,7.151821861043572,11.942753233015537,8e999d9db7fe3b1060baef4bff52304267c4034700290fe0a7520f777cbc78ed,c9089280cb7f59693cd8e06b28ac919824c6d67e3347319e6aa74d8f9d546c87
39,4,368961,367059,355737,1.0051817282780153,1.0371735298830316,1.0318268833435937,14536704,14536704,14848000,0.5318032786885246,0.5736400774027091,9965568,8773632,10928128,8122368,12.583523461595178,20.23604918271303,8e999d9db7fe3b1060baef4bff52304267c4034700290fe0a7520f777cbc78ed,5904bf402f367c7a705616c8bd7f3bcc1efa5255e3873a5c6b0da25e4b22bd78
39,5,338925,317103,317103,1.0688167567005042,1.0688167567005042,1.0,14536704,14536704,14536704,0.4644808743169399,0.4644808743169399,8704000,10035200,8704000,10035200,11.868539256975055,19.36248381063342,8e999d9db7fe3b1060baef4bff52304267c4034700290fe0a7520f777cbc78ed,090300e316972fdb15c15bf31994735684ea16e1fba2f4decb8ed92040a648d4
40,1,253454,253454,253454,1.0,1.0,1.0,0,0,0,0.0,0.0,0,911174,0,911174,0.8124565407633781,3.2782263420522213,7d595de282221534f949ab7ffae0ff026d5c7652b9110c18c0031aa78400cc57,2f3989071fd3e245c82304c86e2c391712466180edb5a6cf8553661950ff9992
40,2,134642,134149,134149,1.0036750180769145,1.0036750180769145,1.0,1227916,1227916,1227916,0.1273465999855112,0.1273465999855112,207428,1421418,207428,1421418,5.559388440102339,9.101852245628834,7d595de282221534f949ab7ffae0ff026d5c7652b9110c18c0031aa78400cc57,f930c08b5c5c613deef86ff3e28d37cf5d5f1d7505c10b8eede749e18e4f460c
40,3,105492,105156,105156,1.0031952527673171,1.0031952527673171,1.0,1985768,1985768,1985768,0.21786525106837606,0.21786525106837606,469836,1686708,469836,1686708,4.136375965550542,7.778382819145918,7d595de282221534f949ab7ffae0ff026d5c7652b9110c18c0031aa78400cc57,33f9aa2861db80fb01f2b35238d31658ccffdcde1f8abf3bd8254106a31fa151
40,4,89539,87558,87558,1.0226250028552502,1.0226250028552502,1.0,1836692,1836692,1836692,0.26946834948098186,0.26946834948098186,573392,1554472,573392,1554472,3.4437420293688774,5.70899792201817,7d595de282221534f949ab7ffae0ff026d5c7652b9110c18c0031aa78400cc57,a3b122cb93d314420d5ffbd18a0ca365a909f23957935fc6a6394f8c22954329
40,5,78938,77963,77963,1.0125059323012198,1.0125059323012198,1.0,1915296,1915296,1915296,0.32039241431196375,0.32039241431196375,708626,1503118,708626,1503118,5.30562586709857,8.66772705130279,7d595de282221534f949ab7ffae0ff026d5c7652b9110c18c0031aa78400cc57,715eac46bd6f27bee87dba2889a96c979b40875ec1f1fddde718433ddcc6915d
41,1,6003957,6001575,6001575,1.0003968958148486,1.0003968958148486,1.0,30898176,30898176,30898176,0.10163681549404405,0.10163681549404405,3643392,32203776,3643392,32203776,11.128250822424889,45.12215485051274,97d875b7e79ef0257342689d0c348f86ab591d74dfa9a9c28a72f47abb531491,ab5c67b7b2f8e6bf5fc8e0b879f66cfc4fd5c823fa6c1a4930e6b7dec827e636
41,2,2990398,2988290,2988290,1.0007054201566783,1.0007054201566783,1.0,33669120,33669120,33669120,0.2224962214620953,0.2224962214620953,8592384,30025728,8592384,30025728,45.489905362948775,75.9694214425981,97d875b7e79ef0257342689d0c348f86ab591d74dfa9a9c28a72f47abb531491,d5ccec06bbe93241db270fe6d34400f73c302db708dc8a05c4c4880b585c72e9
41,3,1991911,1989953,1989953,1.0009839428368408,1.0009839428368408,1.0,34851840,34851840,34851840,0.2604970669959864,0.2604970669959864,10368000,29432832,10368000,29432832,43.682663541287184,68.559775384143,97d875b7e79ef0257342689d0c348f86ab591d74dfa9a9c28a72f47abb531491,8cb5fe7fa6c138a1b1e16cb735de3bf29ea3008764bfdd285a5824d44b100a95
41,4,1490603,1487676,1487676,1.001967498299361,1.001967498299361,1.0,39164928,39164928,39164928,0.34380222841225627,0.34380222841225627,15166464,28947456,15166464,28947456,45.720756370574236,74.17051655240357,97d875b7e79ef0257342689d0c348f86ab591d74dfa9a9c28a72f47abb531491,0b6114b4971e293e2634fd3439b1ac16590aab4c0ec1714fd81ae4688af83412
41,5,1196379,1193054,1193054,1.0027869652169976,1.0027869652169976,1.0,40630272,40630272,40630272,0.31771921547482646,0.31771921547482646,14481408,31097856,14481408,31097856,45.40185499750078,74.30766145512462,97d875b7e79ef0257342689d0c348f86ab591d74dfa9a9c28a72f47abb531491,0f1a8aa4503495702299869b328e7a5759930a1c6b80de0bc6230597551bd9e9
42,1,1686740,1675633,1675633,1.0066285397816825,1.0066285397816825,1.0,6629376,6629376,6629376,0.3186917583766532,0.3186917583766532,2866176,6127392,2866176,6127392,1.2537662833929062,5.661897936835885,c098a559bbb2f888a39d47b81fee2e93ae04365d4ce377982758cd3373ac33c5,d2081ece83d9033de97343585d9baf2b53075a3d221e902604363fffe703b529
42,2,840111,839453,839453,1.000783843764928,1.000783843764928,1.0,7262496,7262496,7262496,0.412961965735256,0.412961965735256,3975456,5651232,3975456,5651232,7.756930390372872,14.490609923377633,c098a559bbb2f888a39d47b81fee2e93ae04365d4ce377982758cd3373ac33c5,53c4850b710e8be71fad1fee0184ad2e6ee822a24b921c97c87ad9abde98dbbf
42,3,570685,567481,567481,1.0056460040071826,1.0056460040071826,1.0,8474176,8474176,8474176,0.3818798659570742,0.3818798659570742,4117056,6663968,4117056,6663968,9.546339707449079,15.341216709464788,c098a559bbb2f888a39d47b81fee2e93ae04365d4ce377982758cd3373ac33c5,280b8206d8c7cf44bd04ef0e3803ce6794b93414d3d11f8a31e15f5545becd4f
42,4,430510,425563,425563,1.01162460082291,1.01162460082291,1.0,8605536,8605536,8605536,0.40431273954780406,0.40431273954780406,4415328,6505248,4415328,6505248,10.379185983911157,16.712901515886188,c098a559bbb2f888a39d47b81fee2e93ae04365d4ce377982758cd3373ac33c5,2a39ea95aa7c1c4562542eb223b49078ed4ec892568958b634c9c5c23364e4e1
42,5,350713,348878,348878,1.0052597182969405,1.0052597182969405,1.0,9936736,9936736,9936736,0.5568556910357466,0.5568556910357466,6845280,5447456,6845280,5447456,9.378000115975738,13.974694611504674,c098a559bbb2f888a39d47b81fee2e93ae04365d4ce377982758cd3373ac33c5,569d1a1256cc62fe3551a6410ee7cf4633e302e85f3bb8ab7a3684f2667340c4
43,1,677656,677656,677656,1.0,1.0,1.0,49160,49160,49160,0.03320740032104811,0.03320740032104811,49152,1431000,49152,1431000,2.733115542680025,11.992930868640542,23270b8e711405157c6b29fd36a4a182bdccf090b2beb69f63d9580aa22e780c,206834cfb1ea06a7ceafe7103b66b688311a31506fa5a9031848087f753ccc84
43,2,349881,349668,349668,1.0006091492501459,1.0006091492501459,1.0,3210754,3210754,3210754,0.23064363211931316,0.23064363211931316,791610,2640568,791610,2640568,24.82020909525454,39.115853833034635,23270b8e711405157c6b29fd36a4a182bdccf090b2beb69f63d9580aa22e780c,e02b4c002dac3ea3e0624d816fa1fe14c5c4aa1a1a9c95d55d2a3bb79bee426d
43,3,250900,250731,250728,1.000674029138798,1.0006860023611244,1.0000119651574615,4852554,4852554,4852554,0.31097254970858906,0.3164276438985485,1430164,3168840,1455252,3143752,18.86144481599331,32.56925536133349,23270b8e711405157c6b29fd36a4a182bdccf090b2beb69f63d9580aa22e780c,1b812399d579d8a245b8f09f6da3c8853cc2ccb2d3006af10dca52b7e308baf0
43,4,207895,204194,204135,1.0181249204188174,1.0184191833835452,1.0002890244201141,5894554,5894554,5894554,0.3500032716807475,0.36936859587405124,1850748,3437054,1953148,3334654,25.901558009907603,40.71351803839207,23270b8e711405157c6b29fd36a4a182bdccf090b2beb69f63d9580aa22e780c,53864999b0fd6aa3bfe84206a9a280af3019e2b42dba55848438bae0fab39215
43,5,199041,184463,182238,1.0790293988496338,1.0922036018832515,1.0122093087061974,6609206,6609206,6592822,0.3748375680736656,0.38197205158077785,2181892,3639008,2220292,3592416,18.868217568844557,34.8294669277966,23270b8e711405157c6b29fd36a4a182bdccf090b2beb69f63d9580aa22e780c,92c46fa1ca5923d4fef8edad4b6111436ab85369f98807df12548c5a0bd0cd79
44,1,154407,107814,107814,1.4321609438477378,1.4321609438477378,1.0,4438112,4438112,4438112,0.8199885718367201,0.8199885718367201,4408416,967776,4408416,967776,0.40256681479513645,1.670789461582899,9abd4468a4be365e384de47431ac914ee44fd6e7b6221dffc584561f388cd57e,b3a3d432d31479494edec684578b81a56b8d294b44a2049ede0aaefb991fe351
44,2,54510,52355,51266,1.0411613026454016,1.0632778059532633,1.021242148792572,886880,886880,885856,0.14508406636232046,0.18789678856506403,250176,1474176,323904,1399936,2.207723645493388,3.7308019269257784,9abd4468a4be365e384de47431ac914ee44fd6e7b6221dffc584561f388cd57e,3007ba7b228a827bbc3dce98d75d60b31b63734842f6dd6307e2a95e8edcebb7
44,3,44484,42915,40954,1.0365606431317722,1.0861942667382918,1.0478829906724618,891584,891584,1149632,0.21312456740931965,0.37244193039775036,364576,1346048,733216,1235456,1.9670608844608068,3.204748010262847,9abd4468a4be365e384de47431ac914ee44fd6e7b6221dffc584561f388cd57e,4b494970c44bdbff9d0f452749ab2ba6f78606948c9e02cb40c60abc3d98bb10
44,4,49989,44212,41362,1.1306658825658191,1.208573086407814,1.068903824766694,1389344,1389344,1468192,0.289287977418054,0.505470794587672,642784,1579168,1161952,1136800,1.9049661122262478,3.1801605615764856,9abd4468a4be365e384de47431ac914ee44fd6e7b6221dffc584561f388cd57e,bd8217fae64052a249b467b850961be9a09be00c26dfb21fadc4b9a1fa004c91
44,5,43028,39788,39677,1.0814315874132905,1.0844569901958314,1.00279759054364,655488,655488,655488,0.21115042350166185,0.21115042350166185,315104,1177216,315104,1177216,0.9993596412241459,1.6906823348253965,9abd4468a4be365e384de47431ac914ee44fd6e7b6221dffc584561f388cd57e,2d3a5b1e1183ce3fe6ce74a23eb5e84da0a2d4f3103b79f9b784907e4e212771
45,1,125614,125614,125614,1.0,1.0,1.0,0,0,0,0.0,0.0,0,278528,0,278528,0.33529109694063663,1.234870681539178,64dff8e23ba176573a054ef2dc00a23a3487484bad65cb719acc4f087d611793,76de6b75aa4cb0989adacd898da2af6cc98a843c5ec4f1d68a15b1d0bba7448c
45,2,63059,63059,63059,1.0,1.0,1.0,0,0,0,0.0,0.0,0,278528,0,278528,1.5446087419986725,2.554036593064666,64dff8e23ba176573a054ef2dc00a23a3487484bad65cb719acc4f087d611793,e67154587cdc0f9be2faa8f93a78d9171af089c4d999fad09c5e9b5d65eecfb0
45,3,42601,42601,42601,1.0,1.0,1.0,0,0,0,0.0,0.0,0,278528,0,278528,1.5891519896686077,2.655398428440094,64dff8e23ba176573a054ef2dc00a23a3487484bad65cb719acc4f087d611793,10e53d1c7f81d8230f0697fab058da575556a3de7fb1f74d27bae3c53f7ba6d4
45,4,31878,31878,31878,1.0,1.0,1.0,0,0,0,0.0,0.0,0,278528,0,278528,0.906069815158844,1.4928651694208384,64dff8e23ba176573a054ef2dc00a23a3487484bad65cb719acc4f087d611793,e7065e94b7806aaecd0e60c5c12d0cb294797b3d13bfb1569961a4f13ba14b8b
45,5,26164,26164,26164,1.0,1.0,1.0,0,0,0,0.0,0.0,0,278528,0,278528,1.4472477603703737,2.3954562842845917,64dff8e23ba176573a054ef2dc00a23a3487484bad65cb719acc4f087d611793,d3982367cc66cc4413fa5e6dc97c9b7abaffc72ea00bd5191f108e85f05be435
46,1,276455,244994,244994,1.1284153897646474,1.1284153897646474,1.0,3176288,3176288,3176288,0.7530304668077024,0.7530304668077024,3120992,1023584,3120992,1023584,0.15836059488356113,0.6667086686939001,1917fbb2bfe1141fd8dc4bdac6119dd44014df9a13eb18faa3e55f25bcc91659,d1b4a409de9ead0c25c6c667f834ab2bb78ce217c637479ee300c71065e42062
46,2,112410,112410,112410,1.0,1.0,1.0,942688,942688,942688,0.07550919026328863,0.07550919026328863,145920,1786560,145920,1786560,1.1856796331703663,1.9300593193620443,1917fbb2bfe1141fd8dc4bdac6119dd44014df9a13eb18faa3e55f25bcc91659,53f57427b0830d4160486e8d2667d81e1206a0f7d6f449dc9a26daaf7c78e878
46,3,96500,93498,92335,1.0321076386660677,1.045107489034494,1.0125954405155142,2958528,2958528,2958528,0.15432464176650224,0.4851491660793986,525568,2880032,1652224,1753376,0.9008430149406195,1.510314742103219,1917fbb2bfe1141fd8dc4bdac6119dd44014df9a13eb18faa3e55f25bcc91659,31eac5eae7809a51055ef6c8bc3fd434a37d96e4feae723ecd37f510e35f7244
46,4,71871,69926,66914,1.0278151188399165,1.074080162596766,1.0450130017634576,2098976,2098976,2316064,0.19659193402911995,0.2580216043208642,585888,2394336,825504,2373856,1.2620579861104488,2.101079074665904,1917fbb2bfe1141fd8dc4bdac6119dd44014df9a13eb18faa3e55f25bcc91659,67c8eae6b0cb744bd75a3dadace77ee6bbac15272ae449f88fe5046bb9f66950
46,5,77698,71867,69923,1.0811359873098918,1.1111937416872846,1.0278020107832901,2660736,2660736,2920832,0.21712365949339862,0.46230385804950486,678336,2445856,1564096,1819168,0.9848350845277309,1.662462618201971,1917fbb2bfe1141fd8dc4bdac6119dd44014df9a13eb18faa3e55f25bcc91659,dae5a6e86f9c0e3ab7cc8dfe2dd3039b8a3e3270ba0411593dc00e6480af6fbd
47,1,326508,326508,326508,1.0,1.0,1.0,0,0,0,0.0,0.0,0,457286,0,457286,6.0326034761965275,31.375609455630183,7c6328650b8e50e4d15a0ddf1ad0715a40d64d51f3c86c2c3b9c22e4cbb6a83f,f7e1451d3131a66cc5afa7e72d3c97a91aed2d8c45f1d862e42f266e9478e13c
47,2,197413,197408,197408,1.000025328254174,1.000025328254174,1.0,1264006,1264006,1264006,0.10642081584830353,0.10642081584830353,122438,1028070,122438,1028070,34.4611851722002,57.92642034962773,7c6328650b8e50e4d15a0ddf1ad0715a40d64d51f3c86c2c3b9c22e4cbb6a83f,8ee59c175c22fb04531fe94f4cfd7fb27346cbdf34da2f373834ba1259e5e466
47,3,156690,156593,156593,1.0006194402048623,1.0006194402048623,1.0,1857324,1857324,1857324,0.20922761149997415,0.20922761149997415,315596,1192790,315596,1192790,34.168582713231444,56.293586095795035,7c6328650b8e50e4d15a0ddf1ad0715a40d64d51f3c86c2c3b9c22e4cbb6a83f,9bd8478b72b4a57dc5449fa587fb4099b142d81f75a3791eeee4bccf56d031bb
47,4,143256,142699,142699,1.0039033209763208,1.0039033209763208,1.0,2256146,2256146,2256146,0.281988738687396,0.281988738687396,494800,1259880,494800,1259880,34.58031677827239,56.757688427343965,7c6328650b8e50e4d15a0ddf1ad0715a40d64d51f3c86c2c3b9c22e4cbb6a83f,2e495a43ab0b50f4e639cacdb18813386faf037e0e505f475f93bd5c47be41fe
47,5,135565,134070,134070,1.011150891325427,1.011150891325427,1.0,2575320,2575320,2575320,0.3311661851349157,0.3311661851349157,648534,1309800,648534,1309800,32.446217531338334,54.84860856644809,7c6328650b8e50e4d15a0ddf1ad0715a40d64d51f3c86c2c3b9c22e4cbb6a83f,6da9b4e4b35ae8ea14b57cb19e7c34789d8b32cf17e5246c41ce1158a5a00c32
48,1,222220,222220,222220,1.0,1.0,1.0,0,0,0,0.0,0.0,0,410182,0,410182,0.2879131641238928,1.2011639922857285,9932aaca8ab23d020c5f5102fa3d436dd3cdf3ca8d1ee458d4c235c556c11764,d32b77f9856f8edd942e118b95e1add14c4d2f74b57071e96654e1e5164d715a
48,2,150049,150049,150049,1.0,1.0,1.0,467846,467846,467846,0.14522036592318724,0.14522036592318724,100866,593706,100866,593706,2.2719603590667248,3.464782977476716,9932aaca8ab23d020c5f5102fa3d436dd3cdf3ca8d1ee458d4c235c556c11764,d606c3cced82fcc7019510a067d6818cd1f87faa622dd0086d0f3b201ac0db49
48,3,114626,114531,114531,1.000829469750548,1.000829469750548,1.0,1177612,1177612,1177612,0.15764447627640477,0.15764447627640477,169482,905608,169482,905608,2.57465922832489,4.307182852178812,9932aaca8ab23d020c5f5102fa3d436dd3cdf3ca8d1ee458d4c235c556c11764,6556f82eeabed47004655c34f4921fd6d2ca8d08873127ec7164e2fd93ed52bf
48,4,114384,114072,114072,1.0027351146644226,1.0027351146644226,1.0,1270930,1270930,1270930,0.19695770308722535,0.19695770308722535,220944,900840,220944,900840,2.221480229869485,3.8399167712777853,9932aaca8ab23d020c5f5102fa3d436dd3cdf3ca8d1ee458d4c235c556c11764,498ecc86d3ac0c6317a704e79fe6f7743c0225f77d12ef0213ebc23fd9cd21f1
48,5,101641,101570,101570,1.0006990253027468,1.0006990253027468,1.0,1273560,1273560,1273560,0.17215049186109266,0.17215049186109266,193304,929574,193304,929574,2.3085184153169394,3.8768570125102997,9932aaca8ab23d020c5f5102fa3d436dd3cdf3ca8d1ee458d4c235c556c11764,9d483b807079a1f09704ab089b4bd885f2902026af9f2ede498ed6040a898036
49,1,196276,196276,196276,1.0,1.0,1.0,0,0,0,0.0,0.0,0,152504,0,152504,0.8826194610446692,3.633490424603224,444854fe118a208ddfa10fa0ddd48d7b5e6cfd3780a8049f2145fc1a9b674a08,2186478cd6f24e1941a013639c9a52be08c5349cdf117842cedcedee1ff4f6dc
49,2,126174,126174,126174,1.0,1.0,1.0,1027062,1027062,1027062,0.03405974845551925,0.03405974845551925,23078,654496,23078,654496,7.9517647828906775,12.975107826292515,444854fe118a208ddfa10fa0ddd48d7b5e6cfd3780a8049f2145fc1a9b674a08,ac1b3d8eca6f2a225b4b34974b43bb970f4752fc0820a485b7efcb2f57ce2d90
49,3,83711,83597,83597,1.0013636852997116,1.0013636852997116,1.0,2408560,2408560,2408560,0.09888919933464879,0.09888919933464879,136618,1244908,136618,1244908,6.775235673412681,12.223858147859573,444854fe118a208ddfa10fa0ddd48d7b5e6cfd3780a8049f2145fc1a9b674a08,e727be7b739475fc93767b4c85978bbb87bbbc0cbc4a1ea14179745b544f6aa2
49,4,75814,75141,75141,1.008956495122503,1.008956495122503,1.0,2607184,2607184,2607184,0.11894729747944467,0.11894729747944467,176494,1307306,176494,1307306,8.971354238688946,13.269644673913717,444854fe118a208ddfa10fa0ddd48d7b5e6cfd3780a8049f2145fc1a9b674a08,51e1454843fd5fa6487c12dd46102be9a692f470a30948fb96f0e947a2571321
49,5,76846,74748,74748,1.0280676406057687,1.0280676406057687,1.0,2907980,2907980,2907980,0.15354741218310056,0.15354741218310056,252404,1391414,252404,1391414,10.0437331199646,15.031871881335974,444854fe118a208ddfa10fa0ddd48d7b5e6cfd3780a8049f2145fc1a9b674a08,bbf350cb3e4efb17cded59ee6449af6d5f960f887ad2903322921345aeef0799
50,1,149690,149690,149690,1.0,1.0,1.0,0,0,0,0.0,0.0,0,319300,0,319300,1.46355739235878,5.624202465638518,3b6b1abd65fbfbb2a40972bdbd643c43107c4b232512741740ff351c366367aa,f13b23adc8986223c3ed16bd5199b6a24e63786f325ffabaacedaa6a1d3a2149
50,2,87435,87422,87422,1.0001487039875545,1.0001487039875545,1.0,1022694,1022694,1022694,0.045964059629304645,0.045964059629304645,39078,811108,39078,811108,9.385491073131561,14.242449525743723,3b6b1abd65fbfbb2a40972bdbd643c43107c4b232512741740ff351c366367aa,3622a496d3b3bbf029de639db8c39702c6540dfc583aa99f9fb9542bc01150a9
50,3,60421,60008,60008,1.0068824156779097,1.0068824156779097,1.0,1831624,1831624,1831624,0.1256283729550437,0.1256283729550437,163090,1135104,163090,1135104,9.770785219967365,15.639325972646475,3b6b1abd65fbfbb2a40972bdbd643c43107c4b232512741740ff351c366367aa,86241e235ab5a2fd209e26689177171cb0d2e54122eeed4565cfd40406383fc3
50,4,57912,57018,57012,1.015679259181311,1.0157861502841508,1.0001052410018942,2053712,2053712,2043408,0.15504205310346098,0.1535961234126595,218960,1193302,216048,1190550,9.54617110453546,14.950661841779947,3b6b1abd65fbfbb2a40972bdbd643c43107c4b232512741740ff351c366367aa,e797613a360ca24f58334b9112ab463c4fc8f045ed232b53050cf45166920522
50,5,57017,56411,56411,1.0107425856659162,1.0107425856659162,1.0,1337182,1337182,1337182,0.14397661933105307,0.14397661933105307,148086,880456,148086,880456,8.676847757771611,14.133396552875638,3b6b1abd65fbfbb2a40972bdbd643c43107c4b232512741740ff351c366367aa,b5405882ef9218b764567c76dd931a330d807101a1873658b883054352b57472
51,1,607628,607628,607628,1.0,1.0,1.0,0,0,0,0.0,0.0,0,393216,0,393216,0.17517662420868874,0.7261854559183121,884e8b12ac1f7a9b569958909680e8c2f6055966a59c9f929ffd5cee48aae43b,d2a74eed1ca12d1890a92f6146eeff44c75d533e1a44afdef3274970662eddd5
51,2,319230,318398,318398,1.0026130817404633,1.0026130817404633,1.0,394084,394084,394084,0.49972422242160675,0.49972422242160675,393216,393650,393216,393650,1.4275438953191042,2.6661904715001583,884e8b12ac1f7a9b569958909680e8c2f6055966a59c9f929ffd5cee48aae43b,8aaec299c9e6db04a8d849d0fa00dc549156115bc5644f075722cd539e1d842f
51,3,228581,227941,227941,1.0028077441092214,1.0028077441092214,1.0,328736,328736,328736,0.4542765419503648,0.4542765419503648,327726,393698,327726,393698,1.9901533965021372,3.235795807093382,884e8b12ac1f7a9b569958909680e8c2f6055966a59c9f929ffd5cee48aae43b,8784b333cc8d4d0387768528d81c210051fff71d980e64442d4f88fd015d2e1b
51,4,183794,179791,179791,1.0222647407267327,1.0222647407267327,1.0,591064,591064,591064,0.5997153487993819,0.5997153487993819,589916,393744,589916,393744,2.0680229514837265,3.37292992323637,884e8b12ac1f7a9b569958909680e8c2f6055966a59c9f929ffd5cee48aae43b,ccbc546cb3229797ed6515a20c76a8b5ee34be8950752891a28e3ce45eed6eff
51,5,170016,167806,167806,1.0131699700845023,1.0131699700845023,1.0,427456,427456,427456,0.5197015376809897,0.5197015376809897,426122,393814,426122,393814,2.2257698383182287,3.7640712037682533,884e8b12ac1f7a9b569958909680e8c2f6055966a59c9f929ffd5cee48aae43b,40c0b22c5d50e199d09ac6a0402616910ef3fd5fead530d55e29980b4259587f
52,1,180301,180301,180301,1.0,1.0,1.0,0,0,0,0.0,0.0,0,810044,0,810044,0.27978228963911533,1.1763736996799707,6196e8c72258ff26d0ab4dcee50c4f5b39f78142729a2223cfcbd4a9181ab7d0,6b8c8232d352f6d96992aafb05307949def8c3395f86a8e75b0dae291f2ecf40
52,2,90903,90903,90903,1.0,1.0,1.0,102912,102912,102912,0.11272394288443255,0.11272394288443255,102912,810044,102912,810044,1.280663264915347,2.1587984170764685,6196e8c72258ff26d0ab4dcee50c4f5b39f78142729a2223cfcbd4a9181ab7d0,5c46a484920e7c6cbf37956acf5e75b456d7491b5c90c1a4de02747499f52d57
52,3,60160,60160,60160,1.0,1.0,1.0,181248,181248,181248,0.18284017221968904,0.18284017221968904,181248,810044,181248,810044,1.2964341435581446,2.1405035369098186,6196e8c72258ff26d0ab4dcee50c4f5b39f78142729a2223cfcbd4a9181ab7d0,5aa2180e3c064f5e71fe0d45d30ef157c226f61d2091c32c89a57cf6f68e5c33
52,4,45777,45777,45777,1.0,1.0,1.0,254976,254976,254976,0.2264295506187677,0.2264295506187677,241152,823868,241152,823868,0.7473728843033314,1.2716843150556087,6196e8c72258ff26d0ab4dcee50c4f5b39f78142729a2223cfcbd4a9181ab7d0,a69e213e39e775defdf7b516c206e6817a62f87718e2ba30db591753afc479fb
52,5,37846,37846,37846,1.0,1.0,1.0,333312,333312,333312,0.2368885981269176,0.2368885981269176,270848,872508,270848,872508,1.2848357073962688,2.122919511049986,6196e8c72258ff26d0ab4dcee50c4f5b39f78142729a2223cfcbd4a9181ab7d0,060c3acd7fe0c2ea89344a8418241a6e17dedcb0ec1e60ea2340db922a30e1dc
53,1,1472686,1428109,1428109,1.0312140039730862,1.0312140039730862,1.0,5405536,5405536,5405536,0.6248708378144704,0.6248708378144704,5155968,3095286,5155968,3095286,3.033109847456217,11.467315088957548,f3593af4c9aa960385c5fdfaf8ad98c396f05746d9e1fe6cc731adeae7019dbc,e2bb9a691fab82cc8d387e8f4d9ef4bf8f24904673bd061b5b5dc897b003f67f
53,2,723016,723023,723023,0.999990318426938,0.999990318426938,1.0,4631434,4631434,4631434,0.23971681033136522,0.23971681033136522,1427586,4527716,1427586,4527716,26.42298699170351,46.65957233309746,f3593af4c9aa960385c5fdfaf8ad98c396f05746d9e1fe6cc731adeae7019dbc,952ac6785cbcc48f6d1506c19d1132c8a15e432608b9394f245e4ce968457005
53,3,495435,495119,495119,1.0006382304052157,1.0006382304052157,1.0,6090084,6090084,6090084,0.2526918170557818,0.2526918170557818,1856876,5491506,1856876,5491506,30.83026348426938,50.22468891553581,f3593af4c9aa960385c5fdfaf8ad98c396f05746d9e1fe6cc731adeae7019dbc,41712a12ea9ecb7d0ddc6b5f1f11486238d6632f11d0bd3d378e3a5628055566
53,4,394500,388744,388744,1.0148066593953862,1.0148066593953862,1.0,8679750,8679750,8679750,0.22210172934190833,0.22210172934190833,2045218,7163256,2045218,7163256,27.379718558862805,46.59505180642009,f3593af4c9aa960385c5fdfaf8ad98c396f05746d9e1fe6cc731adeae7019dbc,1a56e65a625c2aad64d394d10eb49941a9cb88769925ef79787d95d6be2a69b8
53,5,357068,343404,343404,1.0397898684930869,1.0397898684930869,1.0,9823040,9823040,9823040,0.2537432601241232,0.2537432601241232,2628870,7731484,2628870,7731484,30.655616568401456,48.32345131598413,f3593af4c9aa960385c5fdfaf8ad98c396f05746d9e1fe6cc731adeae7019dbc,16bf4493b0387603a4e1b98a8ae2cc79a01dd4470ca0f0c5105caf81da6e3d0d
54,1,815051,815051,815051,1.0,1.0,1.0,0,0,0,0.0,0.0,0,1606214,0,1606214,9.230396395549178,42.03071197681129,4c874b67351e0a6d336af3117c1289099c54993581f90de11e8f49fb33bb9828,303a13c8a7504a734bd51ced21a3f240b1e1d0d0dd0176ce18e01c0cf16bce7c
54,2,465795,465795,465795,1.0,1.0,1.0,2620302,2620302,2620302,0.05590823839747427,0.05590823839747427,167946,2836012,167946,2836012,40.14966504275799,64.89711644873023,4c874b67351e0a6d336af3117c1289099c54993581f90de11e8f49fb33bb9828,c84ee809390ce005d8861e6b28b71c543df8bc34174b1031c1578a111f3205f3
54,3,359793,359773,359773,1.0000555906085227,1.0000555906085227,1.0,4112418,4112418,4112418,0.12042525847492717,0.12042525847492717,459524,3356320,459524,3356320,44.87679708190262,76.01948014087975,4c874b67351e0a6d336af3117c1289099c54993581f90de11e8f49fb33bb9828,1b7c030d5bdd720c16c1b10a6987ab66c7c6e36c2d9ed6bd93b5f2f11b248418
54,4,274779,273124,272727,1.0060595187533867,1.0075240075240075,1.0014556681223348,7279264,7279264,7284480,0.14499770972996784,0.14503722016206566,792012,4670226,792012,4668738,50.53806979395449,84.40082732960582,4c874b67351e0a6d336af3117c1289099c54993581f90de11e8f49fb33bb9828,3a76aa23f18a42bc9dd42446015da05bcf499bdc1a4ea814ee7b682f62f50e49
54,5,257061,252980,252980,1.016131710016602,1.016131710016602,1.0,8197794,8197794,8197794,0.16585261044648597,0.16585261044648597,988052,4969358,988052,4969358,51.17196941189468,86.18677916564047,4c874b67351e0a6d336af3117c1289099c54993581f90de11e8f49fb33bb9828,fb5173cf2ad1aecba0f8b4b0c50c04dd2c578ae05a8a26d23a86a94c144ef1a4
55,1,118835,118835,118835,1.0,1.0,1.0,69632,69632,69632,0.10014324257468461,0.10014324257468461,69632,625692,69632,625692,0.16579392738640308,0.6750261597335339,1121ee10f030be119d0930fe518d63aedd8cf65167627c7f66f1a7ffffd9d134,f087e910c4e28eb6ef3e4b108ff1ef3d4c9cca3208706fec7e6958edc9c8564c
55,2,52737,52632,52632,1.0019949840401277,1.0019949840401277,1.0,16384,16384,16384,0.025517228490085284,0.025517228490085284,16384,625692,16384,625692,0.9364102389663458,1.6804031487554312,1121ee10f030be119d0930fe518d63aedd8cf65167627c7f66f1a7ffffd9d134,5927ccbc01b1c2e5854a0aee2c3f2bb7444629cc378fddcdcf37b3b68840dc40
55,3,35943,35943,35943,1.0,1.0,1.0,74240,74240,74240,0.10606744655195076,0.10606744655195076,74240,625692,74240,625692,1.3356386721134186,2.2180597726255655,1121ee10f030be119d0930fe518d63aedd8cf65167627c7f66f1a7ffffd9d134,7fd67152c61d4bf7518716419efc3957461d2cf8667f28f2c85f156e80f08035
55,4,31281,31281,31281,1.0,1.0,1.0,115712,115712,115712,0.11878004434829054,0.11878004434829054,88064,653340,88064,653340,1.3670482244342566,2.2559585385024548,1121ee10f030be119d0930fe518d63aedd8cf65167627c7f66f1a7ffffd9d134,a551e5f49f875afb82f2e3ec81edfd56d96e92ae723725c6df878db3f2872c28
55,5,24831,24831,24831,1.0,1.0,1.0,173568,173568,173568,0.16527287741160573,0.16527287741160573,132096,667164,132096,667164,1.2805726919323206,1.9240368697792292,1121ee10f030be119d0930fe518d63aedd8cf65167627c7f66f1a7ffffd9d134,ab9022a551f42369396f862812a7f04cd117426f9ce2119ed4bcac82f42ae129
56,1,277285,277285,277285,1.0,1.0,1.0,0,0,0,0.0,0.0,0,221526,0,221526,3.588183492422104,14.357935335487127,fda213426382a3810afd172eadc10b9221330b906888537cb13b16369be3369d,7355144407cb6625ff18a853daf1c1966f13bef12d0b903a1f604f5ab1eb5919
56,2,172836,172843,172799,0.999959500818662,1.0002141216095,1.0002546311031892,3326338,3326338,3326338,0.0445347900878317,0.04506471972725184,86056,1846276,87080,1845252,20.5465655811131,33.299415839836,fda213426382a3810afd172eadc10b9221330b906888537cb13b16369be3369d,e343ab4e766055778c88eb8357c5d4472a85fd5eab33a6f82e88ea43b9d7c85a
56,3,122295,122170,122170,1.0010231644429892,1.0010231644429892,1.0,3278908,3278908,3278908,0.0939485371678931,0.0939485371678931,178664,1723058,178664,1723058,22.37121571227908,32.909380320459604,fda213426382a3810afd172eadc10b9221330b906888537cb13b16369be3369d,86c076ebd8d58070201d87c63516abeeca6eaeaa22abb6fd5e1aecfe6d7d2dcc
56,4,115731,114771,114771,1.0083644823169615,1.0083644823169615,1.0,3685886,3685886,3685886,0.13846098768944656,0.13846098768944656,293938,1828956,293938,1828956,18.84187164530158,32.927053298801184,fda213426382a3810afd172eadc10b9221330b906888537cb13b16369be3369d,831a7f04a0a86130702ef976598eda72435ea56f20ab168f4922bf8f63f73550
56,5,117134,115146,115146,1.0172650374307401,1.0172650374307401,1.0,4124830,4124830,4124830,0.16727314773878918,0.16727314773878918,393488,1958880,393488,1958880,18.4139843583107,29.756901955232024,fda213426382a3810afd172eadc10b9221330b906888537cb13b16369be3369d,5c8526b6dbc4bd044230348f2deac9bb48665e80e3b938ac46545101cb890f2c
57,1,59726,59726,59726,1.0,1.0,1.0,94216,94216,94216,0.21868152274837513,0.21868152274837513,94208,336592,94208,336592,0.12958643585443497,0.5541875492781401,89778038db7db919a13c5885aa555c8ae054a3f43845c73fe346b6123d12a525,2c4423f6c876f78c022c3d94f14a2ec636aed690a97260d808c7dd1ebd3c651e
57,2,29703,29703,29703,1.0,1.0,1.0,22304,22304,22304,0.062146829686925316,0.062146829686925316,22304,336588,22304,336588,0.5993030499666929,0.9831595476716757,89778038db7db919a13c5885aa555c8ae054a3f43845c73fe346b6123d12a525,860d60838b383b05a265fd81d7a6b95326c26392da3ffd32f5fdd63597d4bbb6
57,3,20565,20565,20565,1.0,1.0,1.0,14112,14112,14112,0.0008212147134302823,0.0008212147134302823,288,350412,288,350412,0.9409325215965509,1.5280115455389023,89778038db7db919a13c5885aa555c8ae054a3f43845c73fe346b6123d12a525,b54c8da060aa348c3511b0ae2105e40c2457b7269e43182a00a2f743f8e84e4c
57,4,16345,16345,16345,1.0,1.0,1.0,28224,28224,28224,0.07736587612249597,0.07736587612249597,28224,336588,28224,336588,0.9294787142425776,1.5160258039832115,89778038db7db919a13c5885aa555c8ae054a3f43845c73fe346b6123d12a525,0fc689c7094fe93953a9d32718d655155f01570fde98dd5e181641af36aef589
57,5,14028,14028,14028,1.0,1.0,1.0,14400,14400,14400,0.0016410817463844917,0.0016410817463844917,576,350412,576,350412,0.939824627712369,1.5668658073991537,89778038db7db919a13c5885aa555c8ae054a3f43845c73fe346b6123d12a525,fcbe517da9c1b4b87db57f5720b1fc6f779d05480b7d82bb11ffefd1ea06e1bb
58,1,4539717,4539717,4539717,1.0,1.0,1.0,28696576,28696576,28696576,0.0,0.0,0,35319808,0,35319808,16.259104695171118,65.93269413337111,95027788c05772259091802889106c7104efdecdaaabd002ed11a87f8f2f209d,a38a496ab67cfc079e5e35f0a019de892e18ee2a1e3c5c60acea35545ae93189
58,2,2266495,2264017,2264017,1.0010945147496684,1.0010945147496684,1.0,29548544,29548544,29548544,0.11572868304835239,0.11572868304835239,4186112,31985664,4186112,31985664,43.9793113078922,77.23863877356052,95027788c05772259091802889106c7104efdecdaaabd002ed11a87f8f2f209d,075e25288db551a3f9e3f0d5fa15ed83096140e80afdb55309d6488dd9b6df4c
58,3,1538252,1538118,1538118,1.000087119453774,1.000087119453774,1.0,30400512,30400512,30400512,0.05376700962495851,0.05376700962495851,1990656,35033088,1990656,35033088,47.59842691011727,77.48673944734037,95027788c05772259091802889106c7104efdecdaaabd002ed11a87f8f2f209d,7a11844dfd1cc35b08ded9057ee9b291ccc63d49d0ec2ed8d3ffc3ed7d8b9094
58,4,1141935,1129512,1128131,1.0109985551282323,1.0122361676081943,1.0012241486139464,31551488,31551488,31821824,0.4236051502145923,0.424675047943746,16171008,22003712,16326656,22118400,47.49737244658172,74.09695109724998,95027788c05772259091802889106c7104efdecdaaabd002ed11a87f8f2f209d,cc79de91a171c9090b451287ed24704caef1a7ebf6402707f312334294cb89ea
58,5,1000800,960493,960493,1.0419649076047406,1.0419649076047406,1.0,32104448,32104448,32104448,0.30946589106292965,0.30946589106292965,11984896,26742784,11984896,26742784,44.886783672496676,70.94261489622295,95027788c05772259091802889106c7104efdecdaaabd002ed11a87f8f2f209d,d5537ad80949ce849a997954afaebfec599089d5efcbbecec0e7f3ab55d2459d
59,1,829473,815938,815938,1.0165882701871956,1.0165882701871956,1.0,1691648,1691648,1691648,0.6100443131462334,0.6100443131462334,1691648,1081344,1691648,1081344,1.0272440500557423,4.188486099243164,50b062952359dc9aa22880856093e8ec7a69c66d358607de49fd5f559ac232e9,195a633562363c88b80ad7c2e4fe2a1785941603a05262e519452f9a1bc3f6cf
59,2,369318,369318,369318,1.0,1.0,1.0,360448,360448,360448,0.0,0.0,0,1441792,0,1441792,4.192288104444742,6.652486491948366,50b062952359dc9aa22880856093e8ec7a69c66d358607de49fd5f559ac232e9,fcca41e61222e56b2847a00f34aebdfd916ea8e865f591478466ce633d0abb2f
59,3,254073,254073,253986,1.0,1.0003425385651177,1.0003425385651177,1171456,1171456,1171456,0.4,0.519090909090909,901120,1351680,1169408,1083392,4.018346432596445,6.58166316896677,50b062952359dc9aa22880856093e8ec7a69c66d358607de49fd5f559ac232e9,fb739c3c275603eb2ee0b34017201c56932a3cd45053eb56e460a57efffa1c54
59,4,185216,185216,185216,1.0,1.0,1.0,1081344,1081344,1081344,0.0,0.0,0,2162688,0,2162688,3.8164967577904463,6.30285139195621,50b062952359dc9aa22880856093e8ec7a69c66d358607de49fd5f559ac232e9,52666465e2da0ac177b591a04e755ba265953772be3c750aa39f89c4fd94317f
59,5,150782,150736,150736,1.0003051693026217,1.0003051693026217,1.0,2072576,2072576,2072576,0.5441558441558442,0.5441558441558442,1716224,1437696,1716224,1437696,4.257875109091401,6.954268958419561,50b062952359dc9aa22880856093e8ec7a69c66d358607de49fd5f559ac232e9,417e736cdf7798eba0e154b1bcb1a3c1411416eb00eba4a4ee1d43e89def1c1b
60,1,888789,887801,887801,1.001112862003985,1.001112862003985,1.0,2068520,2068520,2068520,0.4231432279268349,0.4231432279268349,1763336,2403896,1763336,2403896,2.0760954208672047,8.864436404779553,29889cfaea8c831c2620d19191abf871694e61d4850ced26a9710847096c1e96,d25f48fa82c8cb2bb3b332205dd2448506d5dcd85391ed5aeff6c8ae79636c18
60,2,441525,441112,441112,1.0009362701536118,1.0009362701536118,1.0,2746508,2746508,2746508,0.4789006920208122,0.4789006920208122,2320384,2524846,2320384,2524846,10.567028751596808,17.279290543869138,29889cfaea8c831c2620d19191abf871694e61d4850ced26a9710847096c1e96,5ab48b8726ce62aed7175923a12507f28bd925dbe5b6b03765d085915f481a37
60,3,295983,295334,295334,1.002197511969499,1.002197511969499,1.0,3159296,3159296,3159296,0.4754090129676091,0.4754090129676091,2499712,2758312,2499712,2758312,6.8121749721467495,11.050736419856548,29889cfaea8c831c2620d19191abf871694e61d4850ced26a9710847096c1e96,92b25536516f5fce72ed1ac382df8b95caaa4d0cc3016119694394142bde4539
60,4,223107,222447,222447,1.0029669988806322,1.0029669988806322,1.0,3960200,3960200,3960200,0.4592128899454755,0.4592128899454755,2782336,3276588,2782336,3276588,8.197351556271315,14.413815822452307,29889cfaea8c831c2620d19191abf871694e61d4850ced26a9710847096c1e96,e2fb9e787bd7eea889b6e6fb491c2627adbd7339b5c1b79ef1434d67dbeb86cd
60,5,180081,179744,179744,1.0018748887306392,1.0018748887306392,1.0,3733888,3733888,3733888,0.5228967585042458,0.5228967585042458,3049856,2782760,3049856,2782760,6.629597274586558,11.20631705969572,29889cfaea8c831c2620d19191abf871694e61d4850ced26a9710847096c1e96,37c8d52b473ee0d133983cadd81fe9847007ddbc2827bcf110af5d13c2fd3d3f
61,1,77191,77191,77191,1.0,1.0,1.0,0,0,0,0.0,0.0,0,544036,0,544036,0.26332801580429077,1.1461508069187403,5da175170152a6beab3dcbda84a0910f72b079091c2ad1fdd489aaf5e31fcaf3,cba797eaafca9c3f1de1d713316b8d86836a0782c649a5d5709688be1562f445
61,2,39298,39272,39272,1.0006620492972091,1.0006620492972091,1.0,34560,34560,34560,0.05973079661802017,0.05973079661802017,34560,544036,34560,544036,1.3768233116716146,2.237757384777069,5da175170152a6beab3dcbda84a0910f72b079091c2ad1fdd489aaf5e31fcaf3,c89835efe48a565de343ae82b110fdf80c36f83b7c897c8656b8b60800142234
61,3,28342,28316,28316,1.0009182087865518,1.0009182087865518,1.0,43008,43008,43008,0.07326197014193143,0.07326197014193143,43008,544036,43008,544036,1.4110957067459822,2.2867331821471453,5da175170152a6beab3dcbda84a0910f72b079091c2ad1fdd489aaf5e31fcaf3,c7522afa28a65a5fff502672403f9047e58cc8acf0bfd9b51030bd0e510b3fe2
61,4,23892,23892,23892,1.0,1.0,1.0,62208,62208,62208,0.07094173303158464,0.07094173303158464,43008,563236,43008,563236,0.8265068363398314,1.3716826271265745,5da175170152a6beab3dcbda84a0910f72b079091c2ad1fdd489aaf5e31fcaf3,ddf83aa25900fead7638b1bc669c790c4f6026b75f68effc07756123646c13da
61,5,18840,18834,18497,1.0003185727938835,1.018543547602314,1.018219170676326,110592,110592,110592,0.15828863894081951,0.15828863894081951,103296,549284,103296,549284,0.8164174966514111,1.371708145365119,5da175170152a6beab3dcbda84a0910f72b079091c2ad1fdd489aaf5e31fcaf3,6fcc2da5461ebd0aafc1fa9752296d7de9d96f730176c1581311db455cb5a1c7
62,1,2854809,2854809,2854809,1.0,1.0,1.0,0,0,0,0.0,0.0,0,13400064,0,13400064,8.9566669203341,43.692413380369544,fa99943eab55b174047687337a4bcd81c3967e052e22eaabf3fb7740914df2b4,0058b0b0a1310dc2400dc166519f401b1beb42c5139f8d5d11c82d707a3088da
62,2,1431735,1431735,1431735,1.0,1.0,1.0,2347008,2347008,2325504,0.0,0.0009356481962781994,0,14785536,13824,14760960,53.8000749591738,82.63103775307536,fa99943eab55b174047687337a4bcd81c3967e052e22eaabf3fb7740914df2b4,ab7381edba69ee4dee8e3af06e0a80fe2d6ea4bb7e71183316057f0ad231c383
62,3,958567,958567,955896,1.0,1.0027942370299698,1.0027942370299698,2268672,2268672,2268672,0.0,0.0,0,14808576,0,14808576,46.07013033516705,72.78374068625271,fa99943eab55b174047687337a4bcd81c3967e052e22eaabf3fb7740914df2b4,9a6a4feb2da9ae50ce20ad830ccbe921130aec7b69c52639c26596e1785a60a2
62,4,722454,722454,722454,1.0,1.0,1.0,2603520,2603520,2582016,0.001226993865030675,0.0012282497441146367,18432,15003648,18432,14988288,47.175987200811505,79.03287983499467,fa99943eab55b174047687337a4bcd81c3967e052e22eaabf3fb7740914df2b4,6e846c143aff06da39d794a158133db582725f72d45eaa99af23c82b871abab2
62,5,579973,579973,579973,1.0,1.0,1.0,2746368,2746368,2746368,0.0,0.0,0,15109632,0,15109632,49.25075235031545,80.40097700431943,fa99943eab55b174047687337a4bcd81c3967e052e22eaabf3fb7740914df2b4,d1584ad7173346a6f16cdd640af723fd56b4c97de380c854bf7aceb1dc81fe93
63,1,1070397,1070397,1070397,1.0,1.0,1.0,0,0,0,0.0,0.0,0,5019648,0,5019648,2.45944020524621,10.74551436305046,511c05c1ec9c19bb3cc108e173a46e7952b92fca9b1ac21728c43713056d429d,2e9f6e5c6ad286a9ccd480a1b0c777a45fe34b171855633bb43d327ee48bdec9
63,2,536070,536070,536070,1.0,1.0,1.0,1049088,1049088,1049088,0.005687973997833153,0.005687973997833153,32256,5638656,32256,5638656,13.030873700976372,23.48863230831921,511c05c1ec9c19bb3cc108e173a46e7952b92fca9b1ac21728c43713056d429d,fe555eeac3db2565d828645635cb39da0f718510a8ed5aa1fb9a988abf7f89ae
63,3,358763,358763,358763,1.0,1.0,1.0,1262592,1262592,1262592,0.006342494714587738,0.006342494714587738,36864,5775360,36864,5775360,11.838435182347894,21.56599502824247,511c05c1ec9c19bb3cc108e173a46e7952b92fca9b1ac21728c43713056d429d,f315c28a581aa99939c4bfd5447cbeed663392a5f2f6ac51163bd378d92aa518
63,4,270138,270138,270138,1.0,1.0,1.0,1420800,1420800,1420800,0.008566978193146417,0.008566978193146417,50688,5865984,50688,5865984,10.358346562832594,18.74539178237319,511c05c1ec9c19bb3cc108e173a46e7952b92fca9b1ac21728c43713056d429d,cc6eec3a100efacaa4f5f9bd1d9177c292067e414d49b8d58aad65a7b905147e
63,5,218917,218917,218917,1.0,1.0,1.0,1539072,1539072,1539072,0.010005130836326322,0.010005130836326322,59904,5927424,59904,5927424,15.26770830154419,24.503754314035177,511c05c1ec9c19bb3cc108e173a46e7952b92fca9b1ac21728c43713056d429d,f16e3fa86e8a91f563b1e5220b2327e45036fd8d40867afde438f15a6a10494f
64,1,19116,19116,19116,1.0,1.0,1.0,0,0,0,0.0,0.0,0,35622,0,35622,0.18501268327236176,0.7373693156987429,871f65b73fc1da6a48501998fbfde6684fc78e5dd022ddc68085d1384d2e2280,8e255667637d48dc008148e4b6ee94f9f40ae6b096eb559a555827f5c82c0b70
64,2,14130,14130,14130,1.0,1.0,1.0,47620,47620,47620,0.025580545496827346,0.025580545496827346,1540,58662,1540,58662,1.118697239086032,1.877597650513053,871f65b73fc1da6a48501998fbfde6684fc78e5dd022ddc68085d1384d2e2280,e350005c121c63a4a321499030e9988302ca28df922ce4ee35afdd289a53df43
64,3,13074,13074,13074,1.0,1.0,1.0,41446,41446,41446,0.13661617831867187,0.13661617831867187,8262,52214,8262,52214,0.9657398201525211,1.640934182330966,871f65b73fc1da6a48501998fbfde6684fc78e5dd022ddc68085d1384d2e2280,ecada03e71d84bd7f27702e071d7a8bf69ffe0bb996e4d58f58cc88f3bedf590
64,4,10160,10130,10130,1.0029615004935835,1.0029615004935835,1.0,130956,130956,130956,0.2073246873717823,0.2073246873717823,23244,88870,23244,88870,1.2460176479071379,2.141771575435996,871f65b73fc1da6a48501998fbfde6684fc78e5dd022ddc68085d1384d2e2280,0fbbe5d33f5dfa3f11e43629c988fea622e02fd7cd6bae8867efdbad48ada0d6
64,5,11391,11356,11356,1.003082071151814,1.003082071151814,1.0,159314,159314,159314,0.2249321209825093,0.2249321209825093,28498,98198,28498,98198,1.3638505525887012,2.309315375983715,871f65b73fc1da6a48501998fbfde6684fc78e5dd022ddc68085d1384d2e2280,0c63e49e1e98a27045ed0a9e58324c5fed1b8b3e982b53f655ade33f3a70674f
65,1,53068,53068,53068,1.0,1.0,1.0,0,0,0,0.0,0.0,0,299720,0,299720,0.16562195494771004,0.6743805017322302,23342b7c3e75f58cec3d0bdaff89bf8d6f18de4930d35ec2ceade91670f0a400,462655786e4d45971797edaace468c25751908e507fc4c24313fcc47205031f2
65,2,25517,25411,25411,1.0041714218251938,1.0041714218251938,1.0,13968,13968,13968,0.044528321134375555,0.044528321134375555,13968,299720,13968,299720,0.43880789168179035,0.7516787610948086,23342b7c3e75f58cec3d0bdaff89bf8d6f18de4930d35ec2ceade91670f0a400,2bc26b043e347c3181ce4b784d0b2edf7a0d5c82ad49d7df021dd1c010f517d2
65,3,17964,17964,17964,1.0,1.0,1.0,27936,27936,27936,0.04306956075884464,0.04306956075884464,14112,313544,14112,313544,0.7731020674109459,1.2774632703512907,23342b7c3e75f58cec3d0bdaff89bf8d6f18de4930d35ec2ceade91670f0a400,e7093b3774966282306867cef87dd1ec8e04c374abbaea2b28c68785a395a706
65,4,13800,13800,13800,1.0,1.0,1.0,41904,41904,41904,0.08219563028358663,0.08219563028358663,28080,313544,28080,313544,0.7534174602478743,1.2754984702914953,23342b7c3e75f58cec3d0bdaff89bf8d6f18de4930d35ec2ceade91670f0a400,f3564bdb287c0588277fa4d3bfb8a336041606d362d76e30cf9d685fd6f0a4aa
65,5,11212,11212,11212,1.0,1.0,1.0,55872,55872,55872,0.13120655132848882,0.13120655132848882,46656,308936,46656,308936,0.7731321379542351,1.2800954189151525,23342b7c3e75f58cec3d0bdaff89bf8d6f18de4930d35ec2ceade91670f0a400,ba8d22595435adf951c3b6667b8592168a867721cd3069b8ca0cec4d3a71ffee
66,1,359070,359070,359070,1.0,1.0,1.0,0,0,0,0.0,0.0,0,1027116,0,1027116,1.487678786739707,7.362479327246547,30e61f8760d7d595b0fc4ad76262b179c72509a0cb5b2be72333ebd9b926b465,6cc57264c628daf6a00c579335d674f65bd9bc44d5521949cf85c18b3590ace4
66,2,203504,203504,203504,1.0,1.0,1.0,1653418,1653418,1653418,0.09155976497918207,0.09155976497918207,177992,1766006,177992,1766006,13.096571685746312,21.691597688943148,30e61f8760d7d595b0fc4ad76262b179c72509a0cb5b2be72333ebd9b926b465,bbb2f975d9dabf92eebf5061cbd7ab50ba46c271c0f3124fe8cd42e9a4e9f347
66,3,146357,145116,145116,1.0085517792662422,1.0085517792662422,1.0,2500738,2500738,2500738,0.21885343034349625,0.21885343034349625,549618,1961734,549618,1961734,13.116035865619779,20.103723384439945,30e61f8760d7d595b0fc4ad76262b179c72509a0cb5b2be72333ebd9b926b465,d1bf5e811749c113d76d50608d363e738030d14f521eb916e8afe03b0aee70c1
66,4,116226,112359,112359,1.0344164686406963,1.0344164686406963,1.0,3806464,3806464,3806464,0.2231238084909997,0.2231238084909997,724234,2521650,724234,2521650,17.45475424453616,29.04264034330845,30e61f8760d7d595b0fc4ad76262b179c72509a0cb5b2be72333ebd9b926b465,e3ec3ce33188d455a44512886d9cfc022e01bc190abc255343c5e2f1a562eb22
66,5,106067,100249,100249,1.0580354916258516,1.0580354916258516,1.0,3979388,3979388,3979388,0.22637556181805907,0.22637556181805907,757818,2589796,757818,2589796,16.12660663947463,24.753851560875773,30e61f8760d7d595b0fc4ad76262b179c72509a0cb5b2be72333ebd9b926b465,c4a4a2fdc1b3801fb9d5036fa26b12f738055dc3e3f8548f6f4528076eb6fcc6
67,1,63834834,63834834,63834834,1.0,1.0,1.0,264449408,264449408,264449408,0.0,0.0,0,267185920,0,267185920,3.754205396398902,18.47144295834005,f49b5087689e18c6bf231843f8f3bbaca238a547ea5309b2492c76d5f170b542,7e1066d4c23ce36241e0ef0b25bf2d814fcd59851bebdae8830017511176f488
67,2,32040130,32217720,32217720,0.9944878160217421,0.9944878160217421,1.0,215994240,215994240,215994240,0.2150925330082749,0.2150925330082749,46120960,168302848,46120960,168302848,16.70595133677125,26.9275429751724,f49b5087689e18c6bf231843f8f3bbaca238a547ea5309b2492c76d5f170b542,140f86d37a218b29eec3981416a5d54a64e552fb72deb2ea5d5324624f04fff5
67,3,21255269,20814755,20814755,1.0211635448027132,1.0211635448027132,1.0,159238912,159238912,159238912,0.6615600900885079,0.6615600900885079,101252608,51798656,101252608,51798656,22.664517840370536,37.965543895959854,f49b5087689e18c6bf231843f8f3bbaca238a547ea5309b2492c76d5f170b542,4c1932a3374c529f3aa5dc50d3c485c1ad14daebd9bca98d1c042c5ca91b5489
67,4,16409509,16150583,16150583,1.0160319909194608,1.0160319909194608,1.0,226600576,226600576,226600576,0.3433431041562115,0.3433431041562115,77063552,147387008,77063552,147387008,16.409362172707915,25.882604336366057,f49b5087689e18c6bf231843f8f3bbaca238a547ea5309b2492c76d5f170b542,f32d843e4bb60b2203a703f2ac41b12f0cff6a7f65481f15a6e8845eb34494f0
67,5,13461153,13133609,13133609,1.0249393750034739,1.0249393750034739,1.0,229484544,229484544,229484544,0.34723010870062665,0.34723010870062665,78664320,147883776,78664320,147883776,18.619751874357462,28.895370468497276,f49b5087689e18c6bf231843f8f3bbaca238a547ea5309b2492c76d5f170b542,ad07a726b5c4740bf42a01abe4e4ed3532c9c5146944346746948e35a3f18882
68,1,362095,362095,362095,1.0,1.0,1.0,0,0,0,0.0,0.0,0,2739974,0,2739974,1.2683908808976412,6.597171584144235,dfd9a58ef9d26a8a4567026b50af8b4499d87eebb3d98f8208b909b11e963c6d,0a7c7b63e8a12964e4e020363366b8c87e6f80b097ed19bca06d80fb49aae469
68,2,196346,196325,196325,1.0001069654908952,1.0001069654908952,1.0,1624576,1624576,1624576,0.10132439489303485,0.10132439489303485,388682,3447334,388682,3447334,12.427771443501115,18.36833787150681,dfd9a58ef9d26a8a4567026b50af8b4499d87eebb3d98f8208b909b11e963c6d,c6fbaafaf1a3312e4c84da075b28335a0320a3eac0d0441eb0b37e13093197be
68,3,180284,179131,179131,1.0064366301756815,1.0064366301756815,1.0,2355384,2355384,2355384,0.18474604526676608,0.18474604526676608,808990,3569940,808990,3569940,11.520399276167154,19.3354867734015,dfd9a58ef9d26a8a4567026b50af8b4499d87eebb3d98f8208b909b11e963c6d,e15da1db7481fb747b20bf5a797a4b50210c107196f8bc4466e759c32d39b373
68,4,156990,153012,153012,1.0259979609442396,1.0259979609442396,1.0,2646854,2646854,2646854,0.08765633306673942,0.08765633306673942,411878,4286904,411878,4286904,8.785004520788789,15.294405652210116,dfd9a58ef9d26a8a4567026b50af8b4499d87eebb3d98f8208b909b11e963c6d,98d221004835d63d5faa25de77a1475c79f5ebdef1a3fd808f36c917027ce775
68,5,158423,143687,143687,1.1025562507394544,1.1025562507394544,1.0,5510878,5510878,5510878,0.19439402285422758,0.19439402285422758,1261992,5229936,1261992,5229936,16.041269151493907,27.47167363204062,dfd9a58ef9d26a8a4567026b50af8b4499d87eebb3d98f8208b909b11e963c6d,4b11539c6aee44d777ea533b76c77bb9a4edb0b851fbf65259799096f3a1847f
69,1,25144,25144,25144,1.0,1.0,1.0,0,0,0,0.0,0.0,0,113766,0,113766,0.12659140676259995,0.48968028649687767,9632392d98cfc04291ba0546accf1f4c3ede8ff71befd3cd0ae67caf27659e52,9a4617c063a728654291de0a0ccbe2c26b0a04bb90eb8f4f99f56e9018790af7
69,2,17030,16941,16940,1.0052535269464613,1.0053128689492326,1.0000590318772138,364198,364198,364006,0.12871362262385067,0.1290626620953152,40708,275560,40806,275366,0.8929169122129679,1.7973124980926514,9632392d98cfc04291ba0546accf1f4c3ede8ff71befd3cd0ae67caf27659e52,231fe1312b3ee499cb1c7192633b212402556fdaa295baf429fe1ba28a3cd214
69,3,14179,14019,13997,1.0114130822455238,1.0130027863113524,1.0015717653782954,325098,325098,325098,0.2891745807233785,0.29644877753081433,91592,225144,93896,222840,0.9402671735733747,1.712656483054161,9632392d98cfc04291ba0546accf1f4c3ede8ff71befd3cd0ae67caf27659e52,0baac493a7d87768ebdcf30824ed874429a5264a763651d901b0a8936ddad6d6
69,4,15620,15156,15156,1.0306149379783585,1.0306149379783585,1.0,361896,361896,361896,0.27329249811285966,0.27329249811285966,94856,252230,94856,252230,1.1070181131362915,1.876452375203371,9632392d98cfc04291ba0546accf1f4c3ede8ff71befd3cd0ae67caf27659e52,810eeae3db74f0ffbff01f316a2da84190e849036c1da16126909cb5464996e4
69,5,13147,12656,12584,1.0387958280657397,1.0447393515575334,1.0057215511760966,433008,433008,437616,0.22380813296667568,0.25158348669211966,81224,281694,91594,272476,0.9395705405622721,1.673740865662694,9632392d98cfc04291ba0546accf1f4c3ede8ff71befd3cd0ae67caf27659e52,28f31b9aef959433d5d1d10cde225c855b0d25ee906f28e710f18e954a5a092b
70,1,117300,117300,117300,1.0,1.0,1.0,0,0,0,0.0,0.0,0,419858,0,419858,0.2934472542256117,1.1812551114708185,b645c07133b0d98a63ab192cdfe8b35bdc089ad49eb5a8f1e476196344b97aa0,35503e8a606ef5a291c9918249aab3d458cd03475cbbc72620b0ae2c93d4de5d
70,2,54493,54493,53981,1.0,1.009484818732517,1.009484818732517,129536,129536,129536,0.051256475316439565,0.14631393863056386,28160,521234,80384,469010,0.7543643396347761,1.3086820468306541,b645c07133b0d98a63ab192cdfe8b35bdc089ad49eb5a8f1e476196344b97aa0,160cdcbc828f817a614e524c50921e1f901f8cc78f2a6b2030d3decc56f13933
70,3,39333,39333,39333,1.0,1.0,1.0,259072,259072,259072,0.2729942703960644,0.2729942703960644,185344,493586,185344,493586,0.793005283921957,1.3319559879601002,b645c07133b0d98a63ab192cdfe8b35bdc089ad49eb5a8f1e476196344b97aa0,c0291f60da25aea7fb51ce030e0bb8a455a042025ba173bc2971f1e225bcaf75
70,4,30080,30080,30080,1.0,1.0,1.0,333312,333312,333312,0.34193608348712773,0.34193608348712773,257536,495634,257536,495634,1.3017798885703087,2.1455460637807846,b645c07133b0d98a63ab192cdfe8b35bdc089ad49eb5a8f1e476196344b97aa0,52b4b29e2040f66ac107df4ba24f5ad22c6e8a5e5b3f7e315b43909eff5220f6
70,5,25374,25264,25264,1.0043540215326157,1.0043540215326157,1.0,449024,449024,449024,0.30405969970605906,0.30405969970605906,264192,604690,264192,604690,1.3065774124115705,2.159387931227684,b645c07133b0d98a63ab192cdfe8b35bdc089ad49eb5a8f1e476196344b97aa0,452af54e5ec25ce2c16fa792605b2a2663b257f9b3cc6c7161a974f2b28c2bcb
71,1,18919,18919,18919,1.0,1.0,1.0,0,0,0,0.0,0.0,0,111462,0,111462,0.14526674523949623,0.5995766557753086,437cc74cae9e0fc0cb89b05403c62062ceff8d5bc2224c8834c519e69524e897,f82d04a4b9d570fa5e42fc7121974485d556bb64fcf661523a3561120b3e4572
71,2,12313,12271,12271,1.0034227039361094,1.0034227039361094,1.0,171622,171622,171622,0.10033125975001445,0.10033125975001445,20838,186854,20838,186854,0.609809497371316,1.1671981774270535,437cc74cae9e0fc0cb89b05403c62062ceff8d5bc2224c8834c519e69524e897,427309539d8fc846e2b3e198adebda4fd6cf21afab75cf9852076c14befe23be
71,3,9867,9692,9534,1.0180561287659926,1.0349276274386408,1.0165722676735893,250696,250696,246088,0.3087273185297147,0.3113701752419385,83336,186598,83332,184298,0.9054949395358562,1.5940760429948568,437cc74cae9e0fc0cb89b05403c62062ceff8d5bc2224c8834c519e69524e897,e2e75a210084e0e23bec58030b27ceb4e995793aa7dfc327ab78d90a0818cebc
71,4,10732,10334,10214,1.0385136442810141,1.050714705306442,1.0117485803798707,223406,223406,223406,0.1782177382619405,0.20413172945523256,42254,194838,48398,188694,0.9066924955695868,1.573926467448473,437cc74cae9e0fc0cb89b05403c62062ceff8d5bc2224c8834c519e69524e897,c8cf0047941fe450776a8d5a0e50fa3d986aa1e42599f7c4cdd13434687456cc
71,5,10542,10249,10249,1.0285881549419456,1.0285881549419456,1.0,307214,307214,307214,0.2663020315385708,0.2663020315385708,82478,227238,82478,227238,0.6011927202343941,1.048633037135005,437cc74cae9e0fc0cb89b05403c62062ceff8d5bc2224c8834c519e69524e897,5a10d27beb60ba4000b0038529a6149475fa8116f96e8647884a80af09c56111
72,1,23897828,23890756,23890756,1.000296014073393,1.000296014073393,1.0,108613680,108613680,108613680,0.026210198484652728,0.026210198484652728,3137536,116569150,3137536,116569150,21.63963740877807,80.54317996837199,09ecc7be74ccdd06b00843fa6cd0696fb76ed623ca2ea3c9f36590450bc2749f,0fd024830f492dc03333049ae974ba60fec3388291f09ed82ca798f152e15c07
72,2,11836023,11826643,11826643,1.0007931244732762,1.0007931244732762,1.0,113724192,113724192,113724192,0.1241757085429846,0.1241757085429846,15499264,109317934,15499264,109317934,87.70611801557243,139.10741844400764,09ecc7be74ccdd06b00843fa6cd0696fb76ed623ca2ea3c9f36590450bc2749f,352301c1912e5f04ac41d55f794f5d306cbed2493fdfb66ba644a2a9eebaecf0
72,3,7941294,7929713,7929713,1.0014604563872613,1.0014604563872613,1.0,120851232,120851232,120851232,0.11511708031334852,0.11511708031334852,15106048,116117294,15106048,116117294,85.84086288325489,136.0471226107329,09ecc7be74ccdd06b00843fa6cd0696fb76ed623ca2ea3c9f36590450bc2749f,5d97981d8b8fbde1d4cf5bac9a260085c19f967323d2215883288d19b39e8d0a
72,4,5965868,5953384,5953384,1.002096958637306,1.002096958637306,1.0,123071264,123071264,123071264,0.16950110487687967,0.16950110487687967,22740992,111423278,22740992,111423278,78.30336411297321,133.26147801615298,09ecc7be74ccdd06b00843fa6cd0696fb76ed623ca2ea3c9f36590450bc2749f,db443a3eccb9cc65d153148c6abc4a988824d8d78c89c53d874d0640ba018859
72,5,4826156,4803888,4803888,1.0046354119829604,1.0046354119829604,1.0,77245216,77245216,77245216,0.23400778883686385,0.23400778883686385,20671832,67666390,20671832,67666390,75.1196763124317,121.37336336262524,09ecc7be74ccdd06b00843fa6cd0696fb76ed623ca2ea3c9f36590450bc2749f,a04d0d5a3c3708e9d8bcb53aad93b61048b750a3be723fb0f37a543f49799ea8
73,1,10081626,10081626,10081626,1.0,1.0,1.0,141570432,141570432,141570432,0.0,0.0,0,145160448,0,145160448,2.605118006467819,10.758903309702873,aabaff04d990bac77150639be7f410acc46db644d19fd046367dc70725aea7f9,7116f5343d2950424bff808dabe9fc6e571b40be367cff74ab106678902556dd
73,2,5294770,5154759,5154759,1.0271615026037104,1.0271615026037104,1.0,86179712,86179712,86179712,0.2207372253768044,0.2207372253768044,19694592,69527296,19694592,69527296,6.281648738309741,12.358687052503228,aabaff04d990bac77150639be7f410acc46db644d19fd046367dc70725aea7f9,6d8d2fc2af206915ac6a04e0f7fe240aef6c957e95eae6826a9ee694e2f7ee21
73,3,3805931,3497998,3497998,1.0880312109955466,1.0880312109955466,1.0,134138624,134138624,134138624,0.30864769914913903,0.30864769914913903,42350336,94862208,42350336,94862208,8.71793494746089,13.655608026310802,aabaff04d990bac77150639be7f410acc46db644d19fd046367dc70725aea7f9,fe6d776fcd948f9f4f2ae23b3fc12ba9afc763a678f712f780a54dd6b24cfb8a
73,4,3295138,2862419,2862419,1.151172487326279,1.151172487326279,1.0,137012864,137012864,137012864,0.3213290803736268,0.3213290803736268,45002112,95047808,45002112,95047808,5.769094618037343,9.826120583340526,aabaff04d990bac77150639be7f410acc46db644d19fd046367dc70725aea7f9,d0466a989eb8c1c7a7a8c421fb4a3990676dfb8184f48d50af4727ef0bfd2a81
73,5,2848898,2661730,2578536,1.0703181765242906,1.1048509696975337,1.032264044403491,94477312,94477312,96247040,0.23358812151463312,0.3235893879459195,22738432,74605696,32072192,67041664,8.401911621913314,13.81078409217298,aabaff04d990bac77150639be7f410acc46db644d19fd046367dc70725aea7f9,a61b190cb48c5eef3dd30d5c7319760fbe026465c2399334ed413bbd1ff13775
74,1,1682239,1678120,1678120,1.002454532452983,1.002454532452983,1.0,6070280,6070280,6070280,0.16680485013829857,0.16680485013829857,1642496,8204316,1642496,8204316,1.1460169833153486,4.004519574344158,a8a94915cbac32e098d7c54cfc73af8ea2050eb51199b949a92cfe18ae62162e,50162acfddc34ebe39d098811889ed0570e5908c33bafc78408aecfd4cd049d5
74,2,814840,813116,813116,1.002120238686731,1.002120238686731,1.0,3776512,3776512,3776512,0.3465281830593424,0.3465281830593424,2617344,4935704,2617344,4935704,3.9115118347108364,6.635209381580353,a8a94915cbac32e098d7c54cfc73af8ea2050eb51199b949a92cfe18ae62162e,a9044f9bf047716827baa16cd3445b6335feeefe2cd692fe303cd5cf98fdac03
74,3,542996,542102,542102,1.0016491361404312,1.0016491361404312,1.0,5619712,5619712,5619712,0.4594582859030541,0.4594582859030541,4317184,5079064,4317184,5079064,7.140629939734936,11.46074489876628,a8a94915cbac32e098d7c54cfc73af8ea2050eb51199b949a92cfe18ae62162e,dddf37761dbbae3c99afc8ea321a9e82c6114b881e88bc61807ae0dfa9ae1d92
74,4,408908,408908,408908,1.0,1.0,1.0,6623232,6623232,6623232,0.41709238129158266,0.41709238129158266,4337664,6062104,4337664,6062104,4.742188995704055,8.553555633872747,a8a94915cbac32e098d7c54cfc73af8ea2050eb51199b949a92cfe18ae62162e,dfe30f5747bd088d7828c83016eb6a65f230f2ad2ca63722b43c4d6d480230be
74,5,328499,328279,328279,1.0006701616612699,1.0006701616612699,1.0,7151616,7151616,7151616,0.47151320735655944,0.47151320735655944,5152768,5775384,5152768,5775384,4.5401496179401875,7.587277004495263,a8a94915cbac32e098d7c54cfc73af8ea2050eb51199b949a92cfe18ae62162e,3069e09dbc53b838e10113696319f92d7cf2b850f3301a6b6280d075b434ab2b
75,1,1441809,1441809,1441809,1.0,1.0,1.0,0,0,0,0.0,0.0,0,1819782,0,1819782,2.2141853515058756,10.72616763599217,5c24beddea6d09e1df3c8f8843d3593b90affb117ba38450fa9bea8a8db3351c,ed02a53377dab05accf5e971d7e7d48b35e69d472a4f2ad4c4ff128b3c91a4fc
75,2,754663,754663,754663,1.0,1.0,1.0,4745798,4745798,4745798,0.10445145176790809,0.10445145176790809,463876,3977192,463876,3977192,24.633197005838156,40.0639352761209,5c24beddea6d09e1df3c8f8843d3593b90affb117ba38450fa9bea8a8db3351c,d323ca4e41a1a7c1754c5966cedca79422392f4ac276bbb7a7e34996fabe4784
75,3,557783,554461,554461,1.0059914042646823,1.0059914042646823,1.0,12507404,12507404,12507404,0.23354090438258052,0.23354090438258052,2039530,6693544,2039530,6693544,31.63594216480851,49.23421291448176,5c24beddea6d09e1df3c8f8843d3593b90affb117ba38450fa9bea8a8db3351c,65118fcaca2b18a4a77c2d27e4a91fe2347921cfd8ab76dc7dc9caa3e29906d8
75,4,462730,457083,457083,1.0123544301581988,1.0123544301581988,1.0,11096688,11096688,11096688,0.24657244027206435,0.24657244027206435,2032074,6209212,2032074,6209212,29.538195146247745,46.147868417203426,5c24beddea6d09e1df3c8f8843d3593b90affb117ba38450fa9bea8a8db3351c,151b2832116bbc1f649fc8fda4703de416f2f5c8cce25107f906eab1781ab79c
75,5,378054,364732,364732,1.0365254488226971,1.0365254488226971,1.0,12427608,12427608,12427608,0.2614902071052464,0.2614902071052464,2343504,6618606,2343504,6618606,30.19766196794808,46.93352711759508,5c24beddea6d09e1df3c8f8843d3593b90affb117ba38450fa9bea8a8db3351c,cb00ade2213439394312c78220ee37a8b88ff17e8044b0ff46d6d298408f461e
76,1,6185113,6183098,6183098,1.0003258884138664,1.0003258884138664,1.0,28280832,28280832,28280832,0.13357661937269952,0.13357661937269952,4347904,28201984,4347904,28201984,17.676906866952777,68.12963401712477,543a082b17fe8de0dbab92b19f27335e4c8d1db389f75251378f1f4704368307,42404e20f9ca22bd1c4f6e9e730238514cfe0cca06eedc8cf026a94f7359be29
76,2,3065214,3063843,3063843,1.0004474772369212,1.0004474772369212,1.0,31095808,31095808,31095808,0.27878156126940007,0.27878156126940007,9859072,25505792,9859072,25505792,83.18543880619109,133.7552791442722,543a082b17fe8de0dbab92b19f27335e4c8d1db389f75251378f1f4704368307,2ea5d642735551ecfa9d4802ab7234e5c73dcee6f03f43e26b635916f9c45d8d
76,3,2046322,2045754,2045044,1.0002776482411864,1.0006249254294772,1.000347180794154,17912832,17912832,17794048,0.5245129720247438,0.5505430242272348,11634688,10547200,12146688,9916416,120.70292619615793,182.43761084973812,543a082b17fe8de0dbab92b19f27335e4c8d1db389f75251378f1f4704368307,0277790130b6173877618d2cf5a0b4840b79a4688c4b171e73c52f53979a8500
76,4,1527039,1526713,1526713,1.000213530637389,1.000213530637389,1.0,19563520,19563520,19563520,0.5526338403368566,0.5526338403368566,13170688,10661888,13170688,10661888,114.29743590764701,184.35796704515815,543a082b17fe8de0dbab92b19f27335e4c8d1db389f75251378f1f4704368307,daebd3e346e7c50c280a2b2b15c13ab98585ead4edc067fdd6300e1e383c30c7
76,5,1227673,1226487,1226487,1.0009669894585103,1.0009669894585103,1.0,22311936,22311936,22311936,0.6241621080206488,0.6241621080206488,16590848,9990144,16590848,9990144,115.8154414780438,171.58160790242255,543a082b17fe8de0dbab92b19f27335e4c8d1db389f75251378f1f4704368307,e1e7352afd12cafe257d151a08272f2ed30bd751ab1a46b60e9658ee081a613c
77,1,495320,495320,495320,1.0,1.0,1.0,0,0,0,0.0,0.0,0,2141260,0,2141260,1.0796879008412361,5.981728995218873,b14c3c29f9427de1db1d12c6ebf5d15914a99299298d20a908d97285947e67b6,954c5ccc3c2558a22a3b7ade097361d59c996622f923a3e2857ebf856764000f
77,2,248734,248734,248734,1.0,1.0,1.0,57344,57344,57344,0.026082004763022353,0.026082004763022353,57344,2141260,57344,2141260,6.176004437729716,10.365503195673227,b14c3c29f9427de1db1d12c6ebf5d15914a99299298d20a908d97285947e67b6,98fcfd74ca8f49595fc311d3404c7b47809a265739608d7895c969a50b7cdd5b
77,3,168976,168976,168976,1.0,1.0,1.0,114688,114688,114688,0.025419025615838663,0.025419025615838663,57344,2198604,57344,2198604,3.8724943082779646,6.232153080403805,b14c3c29f9427de1db1d12c6ebf5d15914a99299298d20a908d97285947e67b6,dd49b43192ca68cdc4eb055aa8cd0c1b54c1172ab4071d7091d0f404bd465b43
77,4,127832,127591,127591,1.0018888479594956,1.0018888479594956,1.0,114688,114688,114688,0.050838051231677325,0.050838051231677325,114688,2141260,114688,2141260,3.877716541290283,6.695785181596875,b14c3c29f9427de1db1d12c6ebf5d15914a99299298d20a908d97285947e67b6,b6b8b95816e37b71b397bc18ebdd1c310083d80b5ceaea8acdaa8a9974bd0c6c
77,5,114837,114837,114837,1.0,1.0,1.0,172032,172032,172032,0.07436674661045817,0.07436674661045817,172032,2141260,172032,2141260,4.670590246096253,7.2083640564233065,b14c3c29f9427de1db1d12c6ebf5d15914a99299298d20a908d97285947e67b6,e2f5a0fc57a6af178256c7c0cd5474b4aead5d1f71e674c1dba3848e96899a47
78,1,2296143,2296143,2296143,1.0,1.0,1.0,12644568,12644568,12644568,0.0,0.0,0,14776152,0,14776152,0.17660502344369888,0.812183789908886,d30ea13a65ed4d85fd62753d3e300a04c17fdbe592b6ca19c52a3a744e4affdd,7395af0f84e8df20ccc8d47ee4ad7a012b77bbb4c064bbe6f87ba64d9ae77700
78,2,1050081,1049840,1049840,1.0002295587899108,1.0002295587899108,1.0,2782080,2782080,2782080,0.3321265243902439,0.3321265243902439,1547784,3112440,1547784,3112440,1.4516696631908417,2.172662740573287,d30ea13a65ed4d85fd62753d3e300a04c17fdbe592b6ca19c52a3a744e4affdd,e9c48bc96013a0182bf10695605438613f43199adcd2c858ddb821a8554b947d
78,3,718909,715241,711932,1.0051283413562702,1.0098000932673346,1.0046479158121844,6965760,6965760,6965760,0.3448860553445469,0.49404996793765105,2684880,5099952,3846096,3938736,1.7602171618491411,3.1449102330952883,d30ea13a65ed4d85fd62753d3e300a04c17fdbe592b6ca19c52a3a744e4affdd,6d026211861caeb85ac0b67f8e902077e6d71354012c823583791efb09634ba3
78,4,540759,532165,532165,1.0161491266806348,1.0161491266806348,1.0,6950784,6950784,6950784,0.6988332826615705,0.6988332826615705,6178536,2662680,6178536,2662680,1.1118031479418278,1.9420683551579714,d30ea13a65ed4d85fd62753d3e300a04c17fdbe592b6ca19c52a3a744e4affdd,53bb397d1b6072d1378fc607961c5267e28fcbcfd94e4dd0dd7c9daf4d0f8704
78,5,470359,435870,435870,1.0791268038635373,1.0791268038635373,1.0,10766304,10766304,10766304,0.6982409818960917,0.6982409818960917,8415960,3637128,8415960,3637128,1.6308191493153572,2.6675693783909082,d30ea13a65ed4d85fd62753d3e300a04c17fdbe592b6ca19c52a3a744e4affdd,208a29ea5f99d21581a457773e6f4802879fb1c77184153aeda84fdef850a105
79,1,31052251,31052251,31052251,1.0,1.0,1.0,32448512,32448512,32448512,0.0,0.0,0,38260736,0,38260736,19.337796131148934,72.26325154863298,ee341b011b5ff7f1c975fd6ba8f876217612ecd8d9e4e2127e617cecac1edad5,6bcfd48508248d8c3fa3b67dbd85d671359da77cd2ea2a932edeebf9ef77d31a
79,2,15118882,15118882,15116703,1.0,1.0001441451882729,1.0001441451882729,194232320,194232320,193798144,0.0009045263235619878,0.0010918242718087271,100352,110843904,120832,110548992,68.72852722369134,109.84857629984617,ee341b011b5ff7f1c975fd6ba8f876217612ecd8d9e4e2127e617cecac1edad5,73629c7d593090dee9eed66122022d017abe6bdea21512a1283784f93bdcd9d9
79,3,10181692,10175315,10175315,1.000626712784813,1.000626712784813,1.0,39960576,39960576,39960576,0.13731543624161074,0.13731543624161074,6285312,39487488,6285312,39487488,62.0702002029866,101.6879830416292,ee341b011b5ff7f1c975fd6ba8f876217612ecd8d9e4e2127e617cecac1edad5,b8370c925f3fbf41cf8eac317ebb0c271d1d4d3d75b8d461dc275933fc42c1b6
79,4,7620379,7612680,7612680,1.0010113389765496,1.0010113389765496,1.0,31801344,31801344,31801344,0.24382010236306217,0.24382010236306217,9170944,28442624,9170944,28442624,46.90769031830132,77.55517515540123,ee341b011b5ff7f1c975fd6ba8f876217612ecd8d9e4e2127e617cecac1edad5,f89405012398335a6a7d70a5bf04376a83ae177a5b5b25a8b6b048fcd824bbd3
79,5,6063012,6062122,6062082,1.0001468132775948,1.0001534126394198,1.0000065983930932,34084864,34084864,34283520,0.47348698732097944,0.4624067831239146,18890752,21006336,18540544,21555200,45.79324018396437,72.74689643271267,ee341b011b5ff7f1c975fd6ba8f876217612ecd8d9e4e2127e617cecac1edad5,f50478192a251a48f3fe2d28879c71a1be9d755a0e7e2784a34321d8134b2386
80,1,292138,291826,291826,1.0010691302351402,1.0010691302351402,1.0,548864,548864,548864,0.1686143572621035,0.1686143572621035,413696,2039808,413696,2039808,0.18893892131745815,0.8484370652586222,20b2fa1e14bf879ac7c5b0321f69731c8a8102bb65bbd96d7543f54f4974f98c,c5c67eb6e7810bb4f0652235585b7066576e77f2cb7aab78ce3b23bfd347f0d9
80,2,145825,145636,145636,1.0012977560493284,1.0012977560493284,1.0,1675264,1675264,1675264,0.3901601830663616,0.3901601830663616,1396736,2183168,1396736,2183168,1.001664500683546,1.6702042315155268,20b2fa1e14bf879ac7c5b0321f69731c8a8102bb65bbd96d7543f54f4974f98c,6e895d5873b72071afb7ca7d657f0dc891da86f8afb50cda49bca6c1029ddf71
80,3,100325,100325,100325,1.0,1.0,1.0,3047424,3047424,3047424,0.0,0.0,0,4952064,0,4952064,1.5461895689368248,2.5385446809232235,20b2fa1e14bf879ac7c5b0321f69731c8a8102bb65bbd96d7543f54f4974f98c,d1538f5b1ff719f8474207fcc373c03e585b178a140b8563d710d5863e3ef4d4
80,4,90584,89925,89925,1.0073283291631916,1.0073283291631916,1.0,2666496,2666496,2666496,0.4596774193548387,0.4596774193548387,2101248,2469888,2101248,2469888,0.9587103091180325,1.6608994621783495,20b2fa1e14bf879ac7c5b0321f69731c8a8102bb65bbd96d7543f54f4974f98c,74a2cfe374793ea42bd82ca0ac2088a5a4cf3d5af26e85f5322ddede122ef855
80,5,89345,85328,78076,1.047077161072567,1.144333726113018,1.0928838567549568,3047424,3047424,3047424,0.20512820512820512,0.4358974358974359,1015808,3936256,2158592,2793472,1.098740054294467,1.8625222370028496,20b2fa1e14bf879ac7c5b0321f69731c8a8102bb65bbd96d7543f54f4974f98c,6ffdf571f1a3e232df734b3c81e19f3215e3a1ad1ff5a928d05115b13d0d7c55
81,1,151795,151795,151795,1.0,1.0,1.0,0,0,0,0.0,0.0,0,1044820,0,1044820,0.8793769385665655,4.323641814291477,7c642799a54f8083f56c74d1e260ec010e3a83c37702770c862d722408c7a41e,60f6a58b2ad79a0387989c34d0acd20d3cf083d5f7ec0a8ddf4c665b1c48b61e
81,2,76860,76860,76860,1.0,1.0,1.0,0,0,0,0.0,0.0,0,1044820,0,1044820,6.512629106640816,10.547975033521652,7c642799a54f8083f56c74d1e260ec010e3a83c37702770c862d722408c7a41e,b29bfdb6b94f1ab53f8eb8b26d4339615f498a9e9e5740cba5c598d2fbc2e412
81,3,51943,51943,51943,1.0,1.0,1.0,0,0,0,0.0,0.0,0,1044820,0,1044820,4.255484644323587,6.684745665639639,7c642799a54f8083f56c74d1e260ec010e3a83c37702770c862d722408c7a41e,088e938472b8692ba11727fb7a1206456ed7fea5858fdadcebb5619d2a2b3392
81,4,39588,39588,39588,1.0,1.0,1.0,0,0,0,0.0,0.0,0,1044820,0,1044820,4.6733033284544945,7.366526013240218,7c642799a54f8083f56c74d1e260ec010e3a83c37702770c862d722408c7a41e,40493bfece136582b721f934a3138cbe92d30e5f9c4e1f0ad7576d9dc6e79efa
81,5,30943,30943,30943,1.0,1.0,1.0,0,0,0,0.0,0.0,0,1044820,0,1044820,3.3467773478478193,5.756927456706762,7c642799a54f8083f56c74d1e260ec010e3a83c37702770c862d722408c7a41e,84eb89e9c9d9dbb3c261be1dc24c522456d3fcd7953a5db1b8a356e2831188fc
82,1,721041,721041,721041,1.0,1.0,1.0,0,0,0,0.0,0.0,0,566406,0,566406,1.2728492561727762,5.105066133663058,f230fbc200ad75797f3024f84431d1d26f7747d6a284378ee83eabde77b7e70c,211f957dba459390e4ce523f4c2fef4afd01dd3b8380d80aabdd3d6e313d3a13
82,2,407535,407535,407508,1.0,1.0000662563679732,1.0000662563679732,3389668,3389668,3389668,0.05938426854091599,0.07334400648909693,139394,2207928,172162,2175160,11.248014168813825,17.83634108118713,f230fbc200ad75797f3024f84431d1d26f7747d6a284378ee83eabde77b7e70c,839e23fb40e376adfa2bc29a9aa8a8e27581d27ddbdedd673b6efaa1deaa8a76
82,3,288553,287410,287410,1.0039768971156189,1.0039768971156189,1.0,5338828,5338828,5338828,0.17250495013296135,0.17250495013296135,594342,2851020,594342,2851020,11.476601405069232,17.53452560119331,f230fbc200ad75797f3024f84431d1d26f7747d6a284378ee83eabde77b7e70c,45296e063a7894f327942214b9c1042eed592c1f1c23ba5e021993db6d287881
82,4,235778,232569,232569,1.013798055630802,1.013798055630802,1.0,6420240,6420240,6420240,0.24221021466237733,0.24221021466237733,982844,3074970,982844,3074970,12.93155219219625,20.428784476593137,f230fbc200ad75797f3024f84431d1d26f7747d6a284378ee83eabde77b7e70c,dafcc12ae5cc92aecfb8251de3e1a19c8cfa4f15767e8b89e8bd5383b7ad9102
82,5,206503,200705,200705,1.0288881692035574,1.0288881692035574,1.0,7708408,7708408,7708408,0.31396338433970616,0.31396338433970616,1510324,3300186,1510324,3300186,14.833501478657126,24.640843817964196,f230fbc200ad75797f3024f84431d1d26f7747d6a284378ee83eabde77b7e70c,294944eff44f2868c726658e36f0a9a4ffd595d7c7db3bd85f894333295a2c3c
83,1,1057993,946145,946145,1.1182144385902795,1.1182144385902795,1.0,13934688,13934688,13934688,0.7958684091545202,0.7958684091545202,11829024,3034016,11829024,3034016,0.9358105957508087,3.906633961945772,26bebaecfa0ed9c4bcf57127779a198c367a5576eb7b40b9c56cc343621c5549,2e3f9f587077b06c39a9fa8e44a2a5fb3986913711e0c2eb20bb2e9e32e4bd56
83,2,442847,434269,434269,1.0197527339045616,1.0197527339045616,1.0,5589600,5589600,5589600,0.15951211785205133,0.15951211785205133,708928,3735424,708928,3735424,7.810911750420928,13.104341385886073,26bebaecfa0ed9c4bcf57127779a198c367a5576eb7b40b9c56cc343621c5549,ff934ce0b001b16f0239d16e4775d8ac4be06f90a252dfccd352617cdb609d3a
83,3,290664,290640,290640,1.0000825763831545,1.0000825763831545,1.0,5739712,5739712,5739712,0.14156860479299477,0.14156860479299477,705664,4278944,705664,4278944,8.481772683560848,13.944307584315538,26bebaecfa0ed9c4bcf57127779a198c367a5576eb7b40b9c56cc343621c5549,e5c033bc6574d9f60813f7fc1cc35b50d617d32303290451a02d0f03bdf11698
83,4,220741,220741,220741,1.0,1.0,1.0,6471456,6471456,6471456,0.3448057664795862,0.3448057664795862,2005280,3810400,2005280,3810400,4.860116424039006,8.05606173351407,26bebaecfa0ed9c4bcf57127779a198c367a5576eb7b40b9c56cc343621c5549,f56a433c8f2db90cbb7109d8103edfddd5ffe33de65c866216967b08cdc77b67
83,5,201107,194079,194079,1.0362120579763912,1.0362120579763912,1.0,7741824,7741824,7741824,0.18602488351756144,0.18602488351756144,1286560,5629504,1286560,5629504,5.570570899173617,9.564047114923596,26bebaecfa0ed9c4bcf57127779a198c367a5576eb7b40b9c56cc343621c5549,e55a76ac23c4a58316eb0cc0329410744999b5febe6ce573c906c9bbc76fc8b5
84,1,2507412,2507412,2507412,1.0,1.0,1.0,0,0,0,0.0,0.0,0,9927786,0,9927786,7.344826681539416,28.949059534817934,1af22ac8dd69090ed25be62ae1bbb18a922ce99a8cffb2be4f89e7a1234794ee,1f8ee2c4cb58dffd7f353047816d76ac7024f988f6d3512479e3b6418d5f0e20
84,2,1175864,1176757,1176657,0.9992411347457462,0.9993260567863023,1.0000849865338837,32004864,32004864,32000640,0.005222165603888107,0.00522295768526363,152064,28966890,152064,28962474,47.16372683085501,71.72713792137802,1af22ac8dd69090ed25be62ae1bbb18a922ce99a8cffb2be4f89e7a1234794ee,be7afb0cf0cb05194b7062780170e099be75c3a086c71a442a236ed6790c054b
84,3,836220,836220,836220,1.0,1.0,1.0,0,0,0,0.0,0.0,0,9927786,0,9927786,21.829472651705146,33.713634964078665,1af22ac8dd69090ed25be62ae1bbb18a922ce99a8cffb2be4f89e7a1234794ee,e3ba04c6a378a7499e741e33a44131f15bcb37e8b49db3f824465b6361be7e21
84,4,629028,629028,629028,1.0,1.0,1.0,0,0,0,0.0,0.0,0,9927786,0,9927786,23.381288496777415,38.1120789386332,1af22ac8dd69090ed25be62ae1bbb18a922ce99a8cffb2be4f89e7a1234794ee,4abbed18fa5c8ac24d99cabe5dc339f9ad5f87ad578c2de35ea07549da796a2e
84,5,503472,503472,503472,1.0,1.0,1.0,0,0,0,0.0,0.0,0,9927786,0,9927786,24.723352167755365,40.24126783385873,1af22ac8dd69090ed25be62ae1bbb18a922ce99a8cffb2be4f89e7a1234794ee,72fea9b09e6a13766651cd2ff3b9985bb3b47772cc220eb52a682cded582756e
85,1,3187899,3187899,3187899,1.0,1.0,1.0,0,0,0,0.0,0.0,0,1655942,0,1655942,13.33798548206687,50.78808122873306,b63169e9cd0f21dc2da6617e7138472e95937465c703b7e4bf4dbc80125ed4f6,a0023ff55bf1c1cd9c262b3209d319923d8fa7556249ad0f1e7288e7d44c2d64
85,2,1843091,1842465,1842465,1.0003397622207206,1.0003397622207206,1.0,17607566,17607566,17607566,0.07525368826063225,0.07525368826063225,809022,9941574,809022,9941574,97.80993951670825,158.41018702834845,b63169e9cd0f21dc2da6617e7138472e95937465c703b7e4bf4dbc80125ed4f6,28e34e86aa98ee3e5761339c0ea78677ce0af93cab021f65ffeabb99f63257fe
85,3,1276351,1264859,1264508,1.00908559768322,1.0093656979631604,1.0002775783150444,31680716,31680716,31680716,0.19955580791926916,0.2009145911624906,3609320,14477450,3633896,14452874,116.57664530538023,185.68156361207366,b63169e9cd0f21dc2da6617e7138472e95937465c703b7e4bf4dbc80125ed4f6,ab95865629b1455d6c583e87a887f09bd4083d63e4c17211220fa939997a60f8
85,4,995687,989911,989911,1.0058348679830813,1.0058348679830813,1.0,27902578,27902578,27902578,0.18629648396483525,0.18629648396483525,3053070,13335162,3053070,13335162,99.16951384395361,164.4398803357035,b63169e9cd0f21dc2da6617e7138472e95937465c703b7e4bf4dbc80125ed4f6,423290d618a6c67aecb2237bdf046711935e7ba7040d43ee760741737b91d371
85,5,890475,846640,846640,1.0517752527638666,1.0517752527638666,1.0,38398484,38398484,38398484,0.27615046809613364,0.27615046809613364,6069874,15910440,6069874,15910440,109.92393446154892,178.56953851133585,b63169e9cd0f21dc2da6617e7138472e95937465c703b7e4bf4dbc80125ed4f6,9df247b3bbe3f279ac25658d59809c596f65fb67c2f72420800547c53a93c37a
86,1,118403,118403,118403,1.0,1.0,1.0,0,0,0,0.0,0.0,0,321126,0,321126,1.9819192625582218,7.374931398779154,ef91fda2692fd0add63db3c7f677e4e03c8d115d97db3cb959cffc62fff2434a,ca06a209093f4c06dc42dce2de0f1de94249bc05d4d0e32764fc6a929fe5a42b
86,2,74609,74274,74274,1.0045103266284299,1.0045103266284299,1.0,1019206,1019206,1019206,0.171674377044057,0.171674377044057,156006,752726,156006,752726,7.401464642956853,13.46913006529212,ef91fda2692fd0add63db3c7f677e4e03c8d115d97db3cb959cffc62fff2434a,10a0536c689a381c607e2d47562b111bc60defc87cfbd044d25a023e47d8cc4d
86,3,63229,61856,61671,1.0221967149508535,1.0252630896207293,1.002999789204002,2197292,2197292,2183372,0.17466244032599398,0.18163255215397836,262620,1240966,271836,1224790,9.120102310553193,15.72199785336852,ef91fda2692fd0add63db3c7f677e4e03c8d115d97db3cb959cffc62fff2434a,171daf1e8b515c33f81e861287cd3f759a81cdb044aaf969eeba391927239631
86,4,62299,59945,59945,1.0392693302193678,1.0392693302193678,1.0,2353614,2353614,2353614,0.23335763564755405,0.23335763564755405,378970,1245018,378970,1245018,9.729885131120682,17.453321408480406,ef91fda2692fd0add63db3c7f677e4e03c8d115d97db3cb959cffc62fff2434a,f9e1d2a5f77e13d7fe27e03a45071b371937c09f18ce007ada1101d14bbb8870
86,5,60402,57399,57355,1.0523179846338786,1.053125272426118,1.0007671519483916,2265748,2265748,2265748,0.2583521732949363,0.26318325526858427,410704,1179002,418384,1171322,10.109212189912796,16.916482279077172,ef91fda2692fd0add63db3c7f677e4e03c8d115d97db3cb959cffc62fff2434a,8015c5a83c4ff7993704efe4429fea9d1e55dea9dd2afe2fa44d6c57e7ac7327
87,1,3974071,3969779,3969779,1.0010811684982968,1.0010811684982968,1.0,7902720,7902720,7902720,0.18336776784760794,0.18336776784760794,2534400,11287004,2534400,11287004,19.451595325022936,75.51281118392944,a234839f266f63270c7d42c558eabd68085d415029ce73bfac9d3fc47d58de83,795f398b72807e931429c714134052cd499ee676c3f5439284a9270f9e93a1a9
87,2,1987606,1984150,1984150,1.001741803795076,1.001741803795076,1.0,10142208,10142208,10142208,0.29551534248533645,0.29551534248533645,4746240,11314652,4746240,11314652,80.34222760796547,118.50050829350948,a234839f266f63270c7d42c558eabd68085d415029ce73bfac9d3fc47d58de83,6dae0213aaa0668cb65de8467ce43b4bfd2d2814dbc6b2a539339d5f9e6817cb
87,3,1374901,1372451,1372451,1.001785127483604,1.001785127483604,1.0,11036160,11036160,11036160,0.26145306910520677,0.26145306910520677,4432896,12521948,4432896,12521948,72.64167850464582,112.45763678103685,a234839f266f63270c7d42c558eabd68085d415029ce73bfac9d3fc47d58de83,db2cdb714cfe0c7e85198960b2c6b7f9ceb3df4e5fbfc93dc688c8f19ac27a85
87,4,1046846,1043492,1043492,1.003214207679599,1.003214207679599,1.0,12607488,12607488,12607488,0.2994699606588992,0.2994699606588992,5548032,12978140,5548032,12978140,63.9407361689955,104.352753482759,a234839f266f63270c7d42c558eabd68085d415029ce73bfac9d3fc47d58de83,67742036e12969a6e1562dc4f2cfed77a68fda2ac02c1617fdaa98d989d25235
87,5,833349,829669,829669,1.0044355037972974,1.0044355037972974,1.0,12487680,12487680,12487680,0.3021702711084058,0.3021702711084058,5561856,12844508,5561856,12844508,54.707728439942,88.05467350780964,a234839f266f63270c7d42c558eabd68085d415029ce73bfac9d3fc47d58de83,fff203a29cdbd6cffd613a82cfc55a85fe52e212558893b88123030dbb3b3eb9
88,1,243623,243623,243623,1.0,1.0,1.0,0,0,0,0.0,0.0,0,1829730,0,1829730,0.8298509027808905,3.4830769151449203,2ff71575ba33875431f54823fc1f2214e018edcfc9d568edfb7c47b0f264b825,e4a76454d8084136fa297dd748542420e09ee0df4ab8bbf2eb2aa505357853f5
88,2,132639,132093,132093,1.0041334514319458,1.0041334514319458,1.0,1032234,1032234,1032234,0.0923751930720392,0.0923751930720392,232646,2285844,232646,2285844,6.082041509449482,9.870868733152747,2ff71575ba33875431f54823fc1f2214e018edcfc9d568edfb7c47b0f264b825,f6d9c72621806e2a77414715921b888f5830c8fa5e0513ea6c1112b463077837
88,3,122079,119274,119274,1.0235172795412244,1.0235172795412244,1.0,1572244,1572244,1572244,0.21165432058709613,0.21165432058709613,626250,2332584,626250,2332584,5.641894428059459,9.550017988309264,2ff71575ba33875431f54823fc1f2214e018edcfc9d568edfb7c47b0f264b825,16fa8f873af349fc933eeefb77968504d85e96d68df8e5c44c845e634bff0f46
88,4,112565,111170,109290,1.0125483493748313,1.029966145118492,1.0172019397932108,2028164,2028164,1954436,0.0681816843084934,0.08079390368291059,231500,3163840,268366,3053246,5.810381958261132,9.753712356090546,2ff71575ba33875431f54823fc1f2214e018edcfc9d568edfb7c47b0f264b825,cf5abdc8253fae39b70dcbc6ea462b8fa9d884fcaed718ff8e8af18b73cdd801
88,5,112833,109702,109702,1.0285409564091812,1.0285409564091812,1.0,2034888,2034888,2034888,0.08025453418813604,0.08025453418813604,269392,3087328,269392,3087328,5.196817396208644,8.143872313201427,2ff71575ba33875431f54823fc1f2214e018edcfc9d568edfb7c47b0f264b825,e9b901bd0079a3962d3b73bfaa360b284ac874ff87c09dbdb4260f67d1124f9a
89,1,693092,693092,693092,1.0,1.0,1.0,0,0,0,0.0,0.0,0,402560,0,402560,1.9726922903209925,6.710439180955291,9561e0638071147e99d937b802f61f8a67fe2b96985159c174b47a777fd6ce84,137963c26643e06da4dac2fdc3998fececcc67d6a8201593698ea4c92d8b37f4
89,2,329513,329513,329513,1.0,1.0,1.0,1467520,1467520,1467520,0.01937538367096378,0.01937538367096378,24240,1226832,24240,1226832,9.51216795668006,14.983439575880766,9561e0638071147e99d937b802f61f8a67fe2b96985159c174b47a777fd6ce84,38f4ac3bd06ba45b80e02532597181f246d0d7b2667b346d90c69da46c0191fb
89,3,225452,225450,225450,1.0000088711465958,1.0000088711465958,1.0,2429184,2429184,2429184,0.17800365542451205,0.17800365542451205,330352,1525520,330352,1525520,7.530407601967454,12.265259485691786,9561e0638071147e99d937b802f61f8a67fe2b96985159c174b47a777fd6ce84,e95675e0d9ff2ad04dee360ab2c87271d3c0d5b1e451821c6a6737bcb7c3032c
89,4,165365,165365,165365,1.0,1.0,1.0,1827200,1827200,1827200,0.10273485547355474,0.10273485547355474,171056,1493968,171056,1493968,8.109980328008533,14.102961722761393,9561e0638071147e99d937b802f61f8a67fe2b96985159c174b47a777fd6ce84,cac1980e231c3fa08c77f2d0eff7e602083a927cef45334ac0349e0004dee2f8
89,5,133148,133139,133139,1.00006759852485,1.00006759852485,1.0,2186320,2186320,2186320,0.14290179840051964,0.14290179840051964,281608,1689032,281608,1689032,6.464075015857816,11.20368660800159,9561e0638071147e99d937b802f61f8a67fe2b96985159c174b47a777fd6ce84,bac1f34bb67aec6452ed57ea3aa1207e80ebb808067553951271f41f66c7c785
90,1,1178363,1178363,1178363,1.0,1.0,1.0,21233592,21233592,21233592,0.0,0.0,0,23365560,0,23365560,0.5607262346893549,2.0147306472063065,a91d3ad4c40e53d5731b81b3eb72bcf922f5ef06094e860b5c5729619cb2d312,52828aaeac47b2ef8da5b3993a2c969b3366f0cf3a44bf11f2fe6f166b7128e9
90,2,470442,462677,456438,1.0167827663791371,1.0306810563537654,1.0136688882170197,3196848,3196848,3196848,0.2159521465437513,0.2932814224768042,1042344,3784392,1415592,3411144,2.8424669466912746,4.722844200208783,a91d3ad4c40e53d5731b81b3eb72bcf922f5ef06094e860b5c5729619cb2d312,63c77fed5c786e1e91b0f8a234877b6b33bc12aa34c21e317b2f6225288be315
90,3,342250,322129,309173,1.0624625538216057,1.1069854094633103,1.0419053410226637,5523456,5523456,5524224,0.2969801161024306,0.4317494439320783,2101992,4975896,3056040,4022232,2.8627189062535763,4.621782438829541,a91d3ad4c40e53d5731b81b3eb72bcf922f5ef06094e860b5c5729619cb2d312,a53e8225c2a330d21c9c5039b92ea4e2f9912a4c4c75fa50bbd9080d8e325d31
90,4,294798,259575,258592,1.1356948858711355,1.1400120653384482,1.003801355030318,7360608,7360608,7550112,0.31844500252208163,0.38471311777270384,2848488,6096504,3510024,5613720,3.8140375707298517,6.316300367936492,a91d3ad4c40e53d5731b81b3eb72bcf922f5ef06094e860b5c5729619cb2d312,6047aa62bbf99e900e38d47e52fee47f0143e5f2f33cabea2753303dd9c32be9
90,5,267434,239128,227333,1.1183717506941888,1.1763976193513481,1.0518842402994726,7981056,7981056,8312448,0.3273840885142255,0.4516446402349486,3101904,6372912,4429008,5377392,3.6698210705071688,6.0759512558579445,a91d3ad4c40e53d5731b81b3eb72bcf922f5ef06094e860b5c5729619cb2d312,de661e96fe967e771d5b626252081969cf24cbbebe0f9878a4096140a8548ca2
91,1,9186769,9168820,9168820,1.001957612866214,1.001957612866214,1.0,53947008,53947008,53947008,0.10538579237748164,0.10538579237748164,6374016,54108672,6374016,54108672,30.712318928912282,125.39580259285867,6fa7e61f09003382ba36061d74d4be90ed3acbe750a3d46c3b6d1e1fc27579f3,83059801f17b3e1453a3883bd33063fd1742348321deba9e6d65bcaa13888b7b
91,2,4532609,4531465,4531465,1.0002524569868685,1.0002524569868685,1.0,52032556,52032556,52032556,0.3523235831250613,0.3523235831250613,20523392,37728150,20523392,37728150,91.45349623262882,147.71894765645266,6fa7e61f09003382ba36061d74d4be90ed3acbe750a3d46c3b6d1e1fc27579f3,4ed5dc57ae7ad1c0f907169aef2f8f99b57cda49dfda335df0fb61856a393560
91,3,3042680,3029129,3029129,1.0044735631925876,1.0044735631925876,1.0,60113508,60113508,60113508,0.4441209128989158,0.4441209128989158,29412992,36814450,29412992,36814450,89.87308876402676,146.38126513548195,6fa7e61f09003382ba36061d74d4be90ed3acbe750a3d46c3b6d1e1fc27579f3,3f0ee47e2bba08954e515770d74788936552b66825e99b156d6d1bc93c61ab4b
91,4,2314443,2289607,2289607,1.0108472764103185,1.0108472764103185,1.0,67112896,67112896,67112896,0.485452953876178,0.485452953876178,35581216,37713664,35581216,37713664,93.94253530539572,151.41061597317457,6fa7e61f09003382ba36061d74d4be90ed3acbe750a3d46c3b6d1e1fc27579f3,1eca3b603f17847068c1d24bf1581436d42463ca21618051b35a927a6eb5cf09
91,5,1872567,1837577,1837577,1.0190413789462973,1.0190413789462973,1.0,71035764,71035764,71035764,0.5335926924845926,0.5335926924845926,41298432,36098490,41298432,36098490,103.17592218704522,143.11613798514009,6fa7e61f09003382ba36061d74d4be90ed3acbe750a3d46c3b6d1e1fc27579f3,0d380bdf8cd214aa2168c9d862a0aa97c69021506963725ed725d6a2ac4adf6d
92,1,4815554,4333631,4333631,1.111205361047122,1.111205361047122,1.0,66000096,66000096,66000096,0.7935495964003455,0.7935495964003455,52970464,13780832,52970464,13780832,12.83113250695169,65.40563318505883,ddb267b7178d1b240f76fb7ed508799fbc7621b45156064b2a229c5c0d90996d,35b11588f2a2679e2c867d9bb4df228a8dd6e831edddf66fa52151ea365eee72
92,2,2017778,2013086,2013056,1.0023307499033822,1.00234568735296,1.000014902715076,10740320,10740320,10740320,0.11719576078972645,0.11730472754275936,929248,6999776,930112,6998912,38.09245065227151,62.6730647906661,ddb267b7178d1b240f76fb7ed508799fbc7621b45156064b2a229c5c0d90996d,f6ac9d0d76357704c858a587113f4d516a96daaa6e3ca15732ce062b8563957b
92,3,1348585,1349050,1345074,0.9996553129980357,1.0026102653088231,1.0029559711956368,21856448,21856448,21848256,0.11199573550035805,0.1331192830612698,1566496,12420608,1861408,12121600,48.32305688969791,79.45964949205518,ddb267b7178d1b240f76fb7ed508799fbc7621b45156064b2a229c5c0d90996d,a5e668243b8a7879fefd0332e25a0d0575945ec03d4f82b8496c9635e50714ce
92,4,1018849,1013827,1005380,1.0049535078469995,1.0133969245459429,1.0084017983250115,18053920,18053920,18267936,0.14791425912479675,0.21985753032395972,1851328,10664896,2791072,9903840,49.389947943389416,80.50582281686366,ddb267b7178d1b240f76fb7ed508799fbc7621b45156064b2a229c5c0d90996d,571137803a4441508a877ad6a15029ca5bc0826f250dc0130f06077bf26b1308
92,5,826308,807785,801052,1.0229306065351549,1.0315285399699394,1.008405197165727,19945856,19945856,20375936,0.2219373160459618,0.27076757378080374,3091008,10836384,3829312,10313120,53.07250127196312,85.64266342110932,ddb267b7178d1b240f76fb7ed508799fbc7621b45156064b2a229c5c0d90996d,da3aa26469ad1b236c2da8c61049f34ecaf39eef2d61d4d89d4afd68b8ec9193
93,1,74205,74205,74205,1.0,1.0,1.0,0,0,0,0.0,0.0,0,573440,0,573440,0.16695258021354675,0.6993279103189707,3a68ca960cc21b10a94b0524f5c16d2ee4995f2e5a75e667d58099571a7cdc36,4adf08b30954139c59001036b4da46d5c350f7c5749f8889fa068577b5aadb38
93,2,37827,37827,37827,1.0,1.0,1.0,8192,8192,8192,0.0,0.0,0,581632,0,581632,0.4664096962660551,0.7820371482521296,3a68ca960cc21b10a94b0524f5c16d2ee4995f2e5a75e667d58099571a7cdc36,a4ac0ac6c88c3400226c1bcaeb6a4713c246a07fdd6126c6c072bf85b419147f
93,3,25103,25103,25103,1.0,1.0,1.0,16384,16384,16384,0.0,0.0,0,589824,0,589824,0.4732369352132082,0.7788522038608789,3a68ca960cc21b10a94b0524f5c16d2ee4995f2e5a75e667d58099571a7cdc36,192e6119d9a339e633dfcf116795c0a95125f3e65a7714908087f1ef24d7568d
93,4,19779,19779,19779,1.0,1.0,1.0,24576,24576,24576,0.0,0.0,0,598016,0,598016,0.5196806360036135,0.8748464304953814,3a68ca960cc21b10a94b0524f5c16d2ee4995f2e5a75e667d58099571a7cdc36,367ed6d57d690a52cf1240b0c14e956b200ac6404afae91c9b90b9e09d2c9ad1
93,5,15876,15876,15876,1.0,1.0,1.0,32768,32768,32768,0.0,0.0,0,606208,0,606208,0.7106220163404942,1.220531390979886,3a68ca960cc21b10a94b0524f5c16d2ee4995f2e5a75e667d58099571a7cdc36,1ef2d818145b3f1f362756af88b9e0d8a60dfd1bbfa0c451974942543b52ef67
94,1,94892,94892,94892,1.0,1.0,1.0,0,0,0,0.0,0.0,0,471328,0,471328,0.15050964057445526,0.5653509851545095,06e7b0eb1eecb9a98b6691dfe5f8039c6f7b21ab0f3ea8e6a072ade002a68fec,31327749f59682cc9fb9dcd47995cc217c277a372b6a72d33032903ba56c38ac
94,2,47498,47498,47498,1.0,1.0,1.0,106272,106272,106272,0.05634349030470914,0.05634349030470914,32544,545056,32544,545056,0.7040126826614141,1.1142211705446243,06e7b0eb1eecb9a98b6691dfe5f8039c6f7b21ab0f3ea8e6a072ade002a68fec,ecb4c64f85687fa7e4064d718e56f4add1226d2b4c4a25df039c52829aaaaf2e
94,3,32728,32728,32728,1.0,1.0,1.0,212544,212544,212544,0.310795002573581,0.310795002573581,212544,471328,212544,471328,0.6656494382768869,1.1336188111454248,06e7b0eb1eecb9a98b6691dfe5f8039c6f7b21ab0f3ea8e6a072ade002a68fec,87c5a25254d0ebca32bba01943c1548b0e1693e1f9e1657de032c8193b158911
94,4,24668,24668,24668,1.0,1.0,1.0,318528,318528,318528,0.3624356844791962,0.3624356844791962,286272,503584,286272,503584,0.6818107441067696,1.115667199715972,06e7b0eb1eecb9a98b6691dfe5f8039c6f7b21ab0f3ea8e6a072ade002a68fec,ffad5e3dadae4b72ae83786a48e507cdf2ac447199462fe7059b6f6bdda1f770
94,5,21804,21282,21282,1.0245277699464337,1.0245277699464337,1.0,424800,424800,424800,0.24778603056706186,0.24778603056706186,222048,674080,222048,674080,0.709761181846261,1.2042992990463972,06e7b0eb1eecb9a98b6691dfe5f8039c6f7b21ab0f3ea8e6a072ade002a68fec,6cdb896123a2f465ef2c922e033a37aeef2b717db483e1b3a1e6c4f7c6ecefbd
95,1,2084853,2084853,2084853,1.0,1.0,1.0,0,0,0,0.0,0.0,0,8516508,0,8516508,2.0560167971998453,8.10435589030385,99875b1d3025c71f87e04818e28c08915928813f495d080ae6436879f6cb540f,ced999421ac154875d392b1953369f09dbeb2c2f92fa816820d4f797e1dd3884
95,2,1042890,1042890,1042890,1.0,1.0,1.0,0,0,0,0.0,0.0,0,8516508,0,8516508,9.13014155253768,15.47121924161911,99875b1d3025c71f87e04818e28c08915928813f495d080ae6436879f6cb540f,3927b3366c578720236ebe32f2e138f4572204ef32cb2aabbeb627e71984e189
95,3,695775,695775,695775,1.0,1.0,1.0,0,0,0,0.0,0.0,0,8516508,0,8516508,6.888285554945469,11.816688081249595,99875b1d3025c71f87e04818e28c08915928813f495d080ae6436879f6cb540f,89d73ffbafbb3166aaa3c92701440c31dc3f2012ece2011ea17b41ebfd1868b2
95,4,524422,524422,524422,1.0,1.0,1.0,0,0,0,0.0,0.0,0,8516508,0,8516508,8.964759124442935,14.34404794499278,99875b1d3025c71f87e04818e28c08915928813f495d080ae6436879f6cb540f,0e1d17c8be9b5190ca59655fedf4b36a25d1d878fed622a5f176be8e9d2e6395
95,5,420852,420852,420852,1.0,1.0,1.0,0,0,0,0.0,0.0,0,8516508,0,8516508,8.631277937442064,13.835436163470149,99875b1d3025c71f87e04818e28c08915928813f495d080ae6436879f6cb540f,4fcbe8666d713465b0cd2f4d17706d108c650e118579c833e57aa4ffaa04885d
96,1,84194,84194,84194,1.0,1.0,1.0,0,0,0,0.0,0.0,0,210260,0,210260,0.14546946249902248,0.6364917848259211,c26df1f4c6e282279a2f86c24d13be04e5c0e8b24b36149899bf7e7a91cf579a,27a0553484623870c985b92430303b88ee9fbedac73dd55d6f763ace1bd395d2
96,2,42443,42426,42426,1.0004006976853816,1.0004006976853816,1.0,346520,346520,346520,0.27727468736524363,0.27727468736524363,123456,321792,123456,321792,1.589139448478818,2.5883766803890467,c26df1f4c6e282279a2f86c24d13be04e5c0e8b24b36149899bf7e7a91cf579a,f4e8799a50c23296a62d5b33b709ab8010344e253139d2e1e97600edcb07a11e
96,3,30876,30876,30876,1.0,1.0,1.0,123264,123264,123264,0.20378743358798768,0.20378743358798768,67968,265556,67968,265556,0.7111109662801027,1.2081735897809267,c26df1f4c6e282279a2f86c24d13be04e5c0e8b24b36149899bf7e7a91cf579a,e1ee1327ace7d01549c368d4356e0377bf50eccd35d50c873c08eed996888ec7
96,4,24217,24217,24217,1.0,1.0,1.0,234168,234168,234168,0.19685556456908873,0.19685556456908873,81536,332656,81536,332656,0.825824772939086,1.36041503213346,c26df1f4c6e282279a2f86c24d13be04e5c0e8b24b36149899bf7e7a91cf579a,96dbc5372b29923f575bc5b0a1b1e7dc7c89e4f464b501e029e6bbd4ca452dd6
96,5,22137,21973,21973,1.0074637054566968,1.0074637054566968,1.0,448896,448896,448896,0.3090141067292039,0.3090141067292039,172352,385396,172352,385396,0.826811995357275,1.4137097410857677,c26df1f4c6e282279a2f86c24d13be04e5c0e8b24b36149899bf7e7a91cf579a,857a75c676c2594730ae54464194da42a916a4b0ca30622c479322d5e75f80d3
97,1,11491509,11491509,11491509,1.0,1.0,1.0,10584064,10584064,10584064,0.0,0.0,0,14843904,0,14843904,3.895152822136879,14.142156409099698,7dc5c8ebf92052dbdd1bf59794a8fcef74e3ab3c59d5f0b4e753bf38a741ffaf,6870d240f6c009c4debc04d95df8c193bb5e950a2d1e9474b8c1f5a83df04df0
97,2,5153667,5153650,5153650,1.0000032986330076,1.0000032986330076,1.0,2490368,2490368,2490368,0.26288659793814434,0.26288659793814434,1671168,4685824,1671168,4685824,12.369440963491797,19.69606101512909,7dc5c8ebf92052dbdd1bf59794a8fcef74e3ab3c59d5f0b4e753bf38a741ffaf,8b7621deb860a347dedd00f3445a9b540b401a75ca51977b1d56318d62f55ad4
97,3,3444086,3444086,3444086,1.0,1.0,1.0,82444288,82444288,82444288,0.05347222222222222,0.05347222222222222,2523136,44662784,2523136,44662784,22.064666893333197,33.92317728511989,7dc5c8ebf92052dbdd1bf59794a8fcef74e3ab3c59d5f0b4e753bf38a741ffaf,03a62902a92b8803050ce0a36280814098a19a570d52d95f064f4fe47bb55037
97,4,2622394,2622413,2622413,0.9999927547644097,0.9999927547644097,1.0,14221312,14221312,14221312,0.09031471631205673,0.09031471631205673,1669120,16812032,1669120,16812032,10.21538919582963,19.22861908376217,7dc5c8ebf92052dbdd1bf59794a8fcef74e3ab3c59d5f0b4e753bf38a741ffaf,c487a1bb6e76322c2a4c2789867640a73ed5ab2bfff9f2cb556a1212ce47f97f
97,5,2102348,2102250,2102250,1.0000466167201807,1.0000466167201807,1.0,21311488,21311488,21311488,0.24523466282236103,0.24523466282236103,6270976,19300352,6270976,19300352,16.864328077062964,28.225884921848774,7dc5c8ebf92052dbdd1bf59794a8fcef74e3ab3c59d5f0b4e753bf38a741ffaf,81aec5410fc4da98097853ee3001023ba2b4673dcd7f23c1492dda62e1695650
98,1,177430,177430,177430,1.0,1.0,1.0,0,0,0,0.0,0.0,0,697912,0,697912,0.325544748455286,1.0828453842550516,8cc92ed83866234532487abacb106e0298a00cf309ef75fa12e413bfb17d58f8,21cae230b73bb9036a1b412890435d228f774fbd547c4a6db88a6204dec5c54d
98,2,89620,89620,89620,1.0,1.0,1.0,0,0,0,0.0,0.0,0,697912,0,697912,1.5678200516849756,2.584796492010355,8cc92ed83866234532487abacb106e0298a00cf309ef75fa12e413bfb17d58f8,ba112afcc941e70784a649dd9ad6382bfba6cbe308e0251782271ee7ebf44539
98,3,65476,65195,65195,1.0043101464836262,1.0043101464836262,1.0,784240,784240,784240,0.260087522281357,0.260087522281357,327716,932306,327716,932306,1.3421838972717524,2.311109099537134,8cc92ed83866234532487abacb106e0298a00cf309ef75fa12e413bfb17d58f8,42864e8a766eb886ac1639fdbef7922af95356d06f2b6336ba568e5e2e6cb4a0
98,4,53735,53405,53405,1.0061791967044285,1.0061791967044285,1.0,961274,961274,961274,0.321098040987994,0.321098040987994,454714,961408,454714,961408,2.0442668236792088,3.2880374137312174,8cc92ed83866234532487abacb106e0298a00cf309ef75fa12e413bfb17d58f8,c9255db1d2d680424c3580243dcd35589b7392ac04824389bd7f31f7dd677b73
98,5,47355,45200,45200,1.0476769911504424,1.0476769911504424,1.0,1166870,1166870,1166870,0.3037025857732166,0.3037025857732166,458812,1051916,458812,1051916,1.4740049373358488,2.425343008711934,8cc92ed83866234532487abacb106e0298a00cf309ef75fa12e413bfb17d58f8,7c85511b1e98f91ae1eeabf2206c7c63da4e442b5c83c00d96720cbb1c3b8132
99,1,1622999,1618902,1618902,1.002530727616619,1.002530727616619,1.0,5484544,5484544,5484544,0.25235465023466686,0.25235465023466686,2023424,5994752,2023424,5994752,2.3004859127104282,9.25662088394165,6a07bc2eba4657ec873f015cb53404696202df8fe912a94340cbdc674cbd7938,b828830aa8d610f075c3adba7874285e31ec9e7fbc1cbbd5cc77d56d668477cc
99,2,807983,806886,806886,1.0013595476932304,1.0013595476932304,1.0,5906432,5906432,5906432,0.4561861142285177,0.4561861142285177,3850240,4589824,3850240,4589824,10.316080847755075,16.122972656041384,6a07bc2eba4657ec873f015cb53404696202df8fe912a94340cbdc674cbd7938,20f9021ac13f7cf7a5462e55659ddf13f8456d2a528c00720fcfdf56bd468c79
99,3,540063,539170,539170,1.0016562494204055,1.0016562494204055,1.0,6479872,6479872,6479872,0.48623931381180946,0.48623931381180946,4382720,4630784,4382720,4630784,13.067922027781606,17.95083685964346,6a07bc2eba4657ec873f015cb53404696202df8fe912a94340cbdc674cbd7938,1e8d759161943440f4c5e8ee3bbe48e5d164e4f5bbabf9c8d2cbdb498726bed1
99,4,405336,403555,403555,1.0044132770006566,1.0044132770006566,1.0,9838592,9838592,9838592,0.5568499244759875,0.5568499244759875,6889472,5482752,6889472,5482752,12.200531432405114,16.46011373400688,6a07bc2eba4657ec873f015cb53404696202df8fe912a94340cbdc674cbd7938,b1bb65c6cecf5cf15d11042aabccb18446e1a2f44c0d1f9e90984aeba5f07796
99,5,332266,332266,332266,1.0,1.0,1.0,7084052,7084052,7084052,0.6682127274184535,0.6682127274184535,6119424,3038474,6119424,3038474,8.921167330816388,14.055219076573849,6a07bc2eba4657ec873f015cb53404696202df8fe912a94340cbdc674cbd7938,6f5f744b2c939c4cdf5b3964c665c20eed8f074134ec92b0387abf18b4963b15
100,1,151223,151223,151223,1.0,1.0,1.0,0,0,0,0.0,0.0,0,436006,0,436006,0.3833437394350767,1.409910837188363,bb78167d482a9e1663bb947945def049c2d66392c3897613ce5cb145d3a2eb19,f3ec5d77b463d7f83f226af99c6343b3021c804cf3d2b88142c661d52e4f7da9
100,2,76850,76561,76561,1.003774767832186,1.003774767832186,1.0,621700,621700,621700,0.2955035788761765,0.2955035788761765,262156,624994,262156,624994,2.085423381999135,3.5567763205617666,bb78167d482a9e1663bb947945def049c2d66392c3897613ce5cb145d3a2eb19,99ed897118a3f55a2eaf0a3b76be554132f29ba367e8ff7d5e76d6cd9d2933de
100,3,57811,57811,57811,1.0,1.0,1.0,72192,72192,72192,0.01712718271224995,0.01712718271224995,8704,499494,8704,499494,1.524809444323182,2.5185558274388313,bb78167d482a9e1663bb947945def049c2d66392c3897613ce5cb145d3a2eb19,ed6f0a00afdefe28244387bb194e7c04dc98dff1ac292be0b8d876b17faa5626
100,4,49623,48347,48102,1.0263925372825615,1.0316203068479481,1.0050933433121283,1207894,1207894,1228630,0.41994706061202225,0.42488429414998313,563532,778380,575052,778380,2.6136091705411673,4.3709934167563915,bb78167d482a9e1663bb947945def049c2d66392c3897613ce5cb145d3a2eb19,17f0bc8563bb0987beebf5543be6a7017f5d81ff5e74ed05dcd02c212f610ef4
100,5,53383,48631,48041,1.0977154489934404,1.1111966861639018,1.0122811764950772,1599352,1599352,1580920,0.4153958949775739,0.42023317787299425,665156,936102,665156,917670,2.5302680674940348,3.8181909397244453,bb78167d482a9e1663bb947945def049c2d66392c3897613ce5cb145d3a2eb19,b480c0a5f57cd12f17ddd48331a1adea01c757c8abc2837e92dc0d0092c36524
