case,cores,config,makespan,added_copy_bytes,single_makespan,speedup,source,evaluation_sha256
case_001,1,fixed_single,233110,0,233110,1.0,图表/runs/20260924-A-q1-event-ranking-full100/single/case_001,3d558715d34ae2c0c81cfe7ef8c2911d869a4ae51e19f01ace95322440b579ba
case_001,2,routes_gate_reuse,116868,1152,233110,1.9946435294520313,图表/runs/20260924-A-q1-event-ranking-full100/case_001_2cores_seed0_routes_gate_reuse,4a315b3694a816839cd40ef0b71b0133ebc5982311864440538618579a4e5e87
case_001,3,routes_gate_reuse,78545,2304,233110,2.9678528232223567,图表/runs/20260924-A-q1-event-ranking-full100/case_001_3cores_seed0_routes_gate_reuse,39f20d3255455d6a4c40d51b767d061fb9ce57171b37ea51a48a593ae36b91d5
case_001,4,routes_gate_reuse,58984,3456,233110,3.952088702020887,图表/runs/20260924-A-q1-event-ranking-full100/case_001_4cores_seed0_routes_gate_reuse,2225cf3e7a66b9d2d2507e8ee6af2f0cebc43c6be0bf33c2f83ac3ad39c7fb6f
case_001,5,routes_gate_reuse,47502,4608,233110,4.9073723211654245,图表/runs/20260924-A-q1-event-ranking-full100/case_001_5cores_seed0_routes_gate_reuse,3d52119c424365982c0d430dc7fabf5fdb6e289f5f24bb041c966be00499aaf7
case_002,1,fixed_single,261945,0,261945,1.0,图表/runs/20260924-A-q1-event-ranking-full100/single/case_002,57c6d8c9e278666bf7b7d9d24c882767a2b7d3828dae1a292fdf92546712fd88
case_002,2,routes_gate_reuse,138077,477696,261945,1.8970936506442058,图表/runs/20260924-A-q1-event-ranking-full100/case_002_2cores_seed0_routes_gate_reuse,74a82e2ec9b85dfcbf6a9f6347d6ff59cbbda774d56681faacb16abde7f8c882
case_002,3,routes_gate_reuse,95931,532992,261945,2.730556337367483,图表/runs/20260924-A-q1-event-ranking-full100/case_002_3cores_seed0_routes_gate_reuse,f6fb223078017d0c4183a23a44522815fdb5bfefa12dfbf187fbd0c4f3feedf7
case_002,4,routes_gate_reuse,74618,536064,261945,3.5104800450293494,图表/runs/20260924-A-q1-event-ranking-full100/case_002_4cores_seed0_routes_gate_reuse,3784596773ab6231e4463f8a608f35912b404a8091bca302efab8d033f13a486
case_002,5,routes_gate_reuse,60651,536064,261945,4.3188900430330905,图表/runs/20260924-A-q1-event-ranking-full100/case_002_5cores_seed0_routes_gate_reuse,4221d539aede45b7a35a82c539491185f19452fc5bfc3f2c4e53a223720e7a6c
case_003,1,fixed_single,602212,0,602212,1.0,图表/runs/20260924-A-q1-event-ranking-full100/single/case_003,2956b1c793793fd325b171b6d2a766afc21dd4d028c030da4cec6f5d2466c314
case_003,2,routes_gate_reuse,462800,8565562,602212,1.3012359550561798,图表/runs/20260924-A-q1-event-ranking-full100/case_003_2cores_seed0_routes_gate_reuse,15f070e0d0a2f894c42fb38d48c1d2c8148791a00af3577a4cc4a6883a5ef995
case_003,3,routes_gate_reuse,378576,9989392,602212,1.5907294704365833,图表/runs/20260924-A-q1-event-ranking-full100/case_003_3cores_seed0_routes_gate_reuse,c8c134b67a1666e5a698e4763028111913f0e57ad1f6c5d57b5e1685f85959d6
case_003,4,routes_gate_reuse,329107,11891502,602212,1.8298364969447627,图表/runs/20260924-A-q1-event-ranking-full100/case_003_4cores_seed0_routes_gate_reuse,be812e1ae08ca1d34861bbde1df8a0300c69994160d0052fe02bb85dde10d471
case_003,5,routes_gate_reuse,294109,11891502,602212,2.047580998881367,图表/runs/20260924-A-q1-event-ranking-full100/case_003_5cores_seed0_routes_gate_reuse,27ffb33bee3f0caeed32e3b918f516063e4928ca1f7fae233d16dfeb2161a917
case_004,1,fixed_single,392357,0,392357,1.0,图表/runs/20260924-A-q1-event-ranking-full100/single/case_004,9c0395bf2293452869d3cd87ca0ce457a91c2b8d2a095a03c5f1db219a3e1741
case_004,2,routes_gate_reuse,199074,110592,392357,1.9709103147573264,图表/runs/20260924-A-q1-event-ranking-full100/case_004_2cores_seed0_routes_gate_reuse,e7f94db45a9cdf09e82ffad102c008226df71a6ec058559b34c362477d02d349
case_004,3,routes_gate_reuse,134043,221184,392357,2.927098020784375,图表/runs/20260924-A-q1-event-ranking-full100/case_004_3cores_seed0_routes_gate_reuse,d0c4995e4fcc1a42a2263283733f1ff4f0f4e426140a5a486ebe70ae216f9b81
case_004,4,routes_gate_reuse,104188,331776,392357,3.765855952700887,图表/runs/20260924-A-q1-event-ranking-full100/case_004_4cores_seed0_routes_gate_reuse,87f87d95c2389419f92a96ed79d2ffddcded29f2c92288c7bb5a2085a673eab4
case_004,5,routes_gate_reuse,88341,442368,392357,4.441391879195391,图表/runs/20260924-A-q1-event-ranking-full100/case_004_5cores_seed0_routes_gate_reuse,18cf30b199a1669549e4d9a2199ebc2655442e8eab3dd12e4f3727b1361bb720
case_005,1,fixed_single,95618,0,95618,1.0,图表/runs/20260924-A-q1-event-ranking-full100/single/case_005,4021be3e83a10778d6134f88f52414de8e755bffc6fd70f6c7546cc1b02d6d97
case_005,2,routes_gate_reuse,91571,2718104,95618,1.0441952146421902,图表/runs/20260924-A-q1-event-ranking-full100/case_005_2cores_seed0_routes_gate_reuse,a938386cf89202ae615c48d0765b74f57f8b4b553b523859f905a1d0545c80ca
case_005,3,routes_gate_reuse,88392,2736536,95618,1.0817494795909133,图表/runs/20260924-A-q1-event-ranking-full100/case_005_3cores_seed0_routes_gate_reuse,3fc9e490218b7a8f18dfd97f1f601f58deed888f09b7bfc2d40ecc5b72464f59
case_005,4,routes_gate_reuse,87624,2736440,95618,1.0912307130466539,图表/runs/20260924-A-q1-event-ranking-full100/case_005_4cores_seed0_routes_gate_reuse,c945568a374275d5de81f7eaeef29417181434f4f973152681e7ba5de5d8de23
case_005,5,routes_gate_reuse,87840,2736440,95618,1.088547358834244,图表/runs/20260924-A-q1-event-ranking-full100/case_005_5cores_seed0_routes_gate_reuse,8244175e8ac6795b1bb0dd4bb5300d4d4e2441fab5e77b5b1fed63b544d80d39
case_006,1,fixed_single,82837,16400,82837,1.0,图表/runs/20260924-A-q1-event-ranking-full100/single/case_006,f3e6b857986bd8211db90e520400fe35e317e04fa692351c2c30dd210006ddea
case_006,2,routes_gate_reuse,42379,56200,82837,1.9546709455154676,图表/runs/20260924-A-q1-event-ranking-full100/case_006_2cores_seed0_routes_gate_reuse,16a91e82a6ea035410ce8d527475ad60eac273ffe1c8289e920088f4c4dde41f
case_006,3,routes_gate_reuse,32925,337092,82837,2.515930144267274,图表/runs/20260924-A-q1-event-ranking-full100/case_006_3cores_seed0_routes_gate_reuse,d83124f9476eb12728d8a37c11248ba919c39bf6a9d632221fe87c9361ef7271
case_006,4,routes_gate_reuse,31129,533902,82837,2.661087731697131,图表/runs/20260924-A-q1-event-ranking-full100/case_006_4cores_seed0_routes_gate_reuse,39aa8046487954765b053e0c65525f7a0bec0bff2e9cde94d09581b4d408179c
case_006,5,routes_gate_reuse,31729,91264,82837,2.6107661760534526,图表/runs/20260924-A-q1-event-ranking-full100/case_006_5cores_seed0_routes_gate_reuse,bf317cb023aac5992268bb109ff7bd0fa29fe92e8b860a14e98472e939f446eb
case_007,1,fixed_single,1012562,0,1012562,1.0,图表/runs/20260924-A-q1-event-ranking-full100/single/case_007,4ee99f723d9c613f9968199984b10fe12e7757187087737287fe415cd4836cae
case_007,2,routes_gate_reuse,507494,27648,1012562,1.9952196479170197,图表/runs/20260924-A-q1-event-ranking-full100/case_007_2cores_seed0_routes_gate_reuse,f4253e276accaaef65b8c904653d5ca4be74bfe87ea028d15b1b196719ab85f3
case_007,3,routes_gate_reuse,338094,55296,1012562,2.994912657426633,图表/runs/20260924-A-q1-event-ranking-full100/case_007_3cores_seed0_routes_gate_reuse,00389a3222fe8a4494f473a6cac9df673009377ba832ec9b6ead8f40474e4cf9
case_007,4,routes_gate_reuse,254398,82944,1012562,3.980227831979811,图表/runs/20260924-A-q1-event-ranking-full100/case_007_4cores_seed0_routes_gate_reuse,0da427e3b7070280d3a872250a35316d8413b2b22c27407082e1c7ac8d3cd7eb
case_007,5,routes_gate_reuse,203834,110592,1012562,4.967581463347626,图表/runs/20260924-A-q1-event-ranking-full100/case_007_5cores_seed0_routes_gate_reuse,b8f7582f7add2a4b7c473ee308ac37e098e4e0a80c89e206fb95e1717d495ef7
case_008,1,fixed_single,487605,0,487605,1.0,图表/runs/20260924-A-q1-event-ranking-full100/single/case_008,92a444b61c0efe338f1ebfcb6a1b3ae1a15f8f057a0b811ab3027e4bd3d547f4
case_008,2,routes_gate_reuse,244266,0,487605,1.9962049568912579,图表/runs/20260924-A-q1-event-ranking-full100/case_008_2cores_seed0_routes_gate_reuse,66a75398b501874547b0081f13722669c16fbc4019c5ed524e72847804268e3e
case_008,3,routes_gate_reuse,163359,0,487605,2.984867684057811,图表/runs/20260924-A-q1-event-ranking-full100/case_008_3cores_seed0_routes_gate_reuse,7fa594284eff967869d71e457eb465de8d3ad34f727f2d6ae27b1a95459892b6
case_008,4,routes_gate_reuse,123060,0,487605,3.962335446123842,图表/runs/20260924-A-q1-event-ranking-full100/case_008_4cores_seed0_routes_gate_reuse,d60a92cfa2a4e47f60087810befb0d37da9d337804ce2aa5ec65442e482b722e
case_008,5,routes_gate_reuse,100603,0,487605,4.846823653370178,图表/runs/20260924-A-q1-event-ranking-full100/case_008_5cores_seed0_routes_gate_reuse,b76f46be7aa55e782258f96b977c1cff91abee87c515f9c742ce89479105fb83
case_009,1,fixed_single,153261,0,153261,1.0,图表/runs/20260924-A-q1-event-ranking-full100/single/case_009,5f0fc81305fb5c9b0f0b4cd32f85e91a3fbfca5d6cede6b137fcdfe754e2ada3
case_009,2,routes_gate_reuse,92259,182950,153261,1.6612037849965857,图表/runs/20260924-A-q1-event-ranking-full100/case_009_2cores_seed0_routes_gate_reuse,438133a0064da30362538f595bb98c74928e49bb3121d7e68f67d08345ede09c
case_009,3,routes_gate_reuse,92004,193702,153261,1.6658080083474631,图表/runs/20260924-A-q1-event-ranking-full100/case_009_3cores_seed0_routes_gate_reuse,23dd0b55883b0c8797cbaa6d8305b0f6944d67aacf45210e9fefdcf9c6a88ec8
case_009,4,routes_gate_reuse,92192,225586,153261,1.6624110551891704,图表/runs/20260924-A-q1-event-ranking-full100/case_009_4cores_seed0_routes_gate_reuse,ff1911737ac5a24e3be091646268162dd0704a4d4c448b0a2017f45f54105bc7
case_009,5,routes_gate_reuse,91903,214604,153261,1.6676387060270068,图表/runs/20260924-A-q1-event-ranking-full100/case_009_5cores_seed0_routes_gate_reuse,f8d7a49d258d5440c9fef50db147b73985af57150cb318d8ed5f8a5fad3c2a9f
case_010,1,fixed_single,86969,0,86969,1.0,图表/runs/20260924-A-q1-event-ranking-full100/single/case_010,c524468e618746f566b77848259f44101428449c216450de417ffcf40173b783
case_010,2,routes_gate_reuse,45626,48384,86969,1.9061280848638933,图表/runs/20260924-A-q1-event-ranking-full100/case_010_2cores_seed0_routes_gate_reuse,a37333037daf0e76cf8ed6c8b178c42d981a2f341a50ad8a035611c3dd1ee98a
case_010,3,routes_gate_reuse,34518,395696,86969,2.519526044382641,图表/runs/20260924-A-q1-event-ranking-full100/case_010_3cores_seed0_routes_gate_reuse,82afb7a991b09c7b1f2b6853d65c05f97b90d1a722ad81b7e2cdfb162d263d08
case_010,4,routes_gate_reuse,30262,575880,86969,2.873868217566585,图表/runs/20260924-A-q1-event-ranking-full100/case_010_4cores_seed0_routes_gate_reuse,a23f996853afb73e068c8520abc0beafb59e328f59d8e8062d71b05494535a04
case_010,5,routes_gate_reuse,28842,958646,86969,3.0153595451078288,图表/runs/20260924-A-q1-event-ranking-full100/case_010_5cores_seed0_routes_gate_reuse,661604a012ae7c3790c939109d1f1d148c4e90c414c493129b381636b2ad0539
case_011,1,fixed_single,184697,0,184697,1.0,图表/runs/20260924-A-q1-event-ranking-full100/single/case_011,17365c9af4b838631807f843109f2f77fac7063c9939e1b16f3f38693ebda923
case_011,2,routes_gate_reuse,92646,180224,184697,1.9935777043801135,图表/runs/20260924-A-q1-event-ranking-full100/case_011_2cores_seed0_routes_gate_reuse,bc4593e00faa5c0d4fd030c9e13a2d1d8e74733402ddbb8b3142070d2c0b8829
case_011,3,routes_gate_reuse,69625,1081344,184697,2.6527396768402154,图表/runs/20260924-A-q1-event-ranking-full100/case_011_3cores_seed0_routes_gate_reuse,0587505d79e80aeee328fcfdf6cdb87d655ad945ec9b08a7dc8c8f66db19911f
case_011,4,routes_gate_reuse,46880,540672,184697,3.9397824232081913,图表/runs/20260924-A-q1-event-ranking-full100/case_011_4cores_seed0_routes_gate_reuse,6073862766d207d8c221b427f02b7fccf683ddaaefa70a2ab06da1aa9859df35
case_011,5,routes_gate_reuse,47047,1630208,184697,3.9257976066486706,图表/runs/20260924-A-q1-event-ranking-full100/case_011_5cores_seed0_routes_gate_reuse,d35b3e4076cd0b15e8deea25ba52e87d2610baaa1d339c95833073e5212f5f00
case_012,1,fixed_single,59088,0,59088,1.0,图表/runs/20260924-A-q1-event-ranking-full100/single/case_012,674bd2222cf9f5366d482a77d7b3c06dce0d75516fb5bdc1c34334d25ac78475
case_012,2,routes_gate_reuse,29489,71816,59088,2.0037302044830274,图表/runs/20260924-A-q1-event-ranking-full100/case_012_2cores_seed0_routes_gate_reuse,c7fd2d2f187c110e17dbeb0508fc365708f470bccf5097eafbe50b05d715d1a8
case_012,3,routes_gate_reuse,20230,43320,59088,2.9208106772120614,图表/runs/20260924-A-q1-event-ranking-full100/case_012_3cores_seed0_routes_gate_reuse,d2ee52beae9c528f3087f48d3417fc3bf8c42c7c2e6ddd2c23b7b282c722071c
case_012,4,routes_gate_reuse,15724,86400,59088,3.7578224370389215,图表/runs/20260924-A-q1-event-ranking-full100/case_012_4cores_seed0_routes_gate_reuse,a22a1f71b2a080eeb1be65152099cd857687a8d6e04735278b1e9f412e084520
case_012,5,routes_gate_reuse,13406,53568,59088,4.407578696106221,图表/runs/20260924-A-q1-event-ranking-full100/case_012_5cores_seed0_routes_gate_reuse,b05260e3f5da314e8e9ea93865f196e29b30902cfb70fde7347ecd4ec6be0db0
case_013,1,fixed_single,263949,0,263949,1.0,图表/runs/20260924-A-q1-event-ranking-full100/single/case_013,889a8959f60db6bc417625710c2fc992fef48a73eb017350138a1b970fd47d4a
case_013,2,routes_gate_reuse,132198,8192,263949,1.9966187083011846,图表/runs/20260924-A-q1-event-ranking-full100/case_013_2cores_seed0_routes_gate_reuse,8ae6292e3cc9b9f6cb816c5312f658247da248b67ea17d1af98f5cbdae6a8caf
case_013,3,routes_gate_reuse,88351,16384,263949,2.98750438591527,图表/runs/20260924-A-q1-event-ranking-full100/case_013_3cores_seed0_routes_gate_reuse,a382ded73e3fa88fc5ce69fb4edbc58a325f506d35da3ba54b1a4ddacee461ad
case_013,4,routes_gate_reuse,66982,24576,263949,3.9405959810098237,图表/runs/20260924-A-q1-event-ranking-full100/case_013_4cores_seed0_routes_gate_reuse,db4e8e7e608d11bb248e617471a51ab6b8f97878d010ce4cb78ccc8129a76ca0
case_013,5,routes_gate_reuse,54363,32768,263949,4.855305998565201,图表/runs/20260924-A-q1-event-ranking-full100/case_013_5cores_seed0_routes_gate_reuse,d74adaa0ad1443d8680dfaaf09d0277a1cedfb1c45cfa81eb40d4250f56c5554
case_014,1,fixed_single,17698626,71010720,17698626,1.0,图表/runs/20260924-A-q1-event-ranking-full100/single/case_014,061c5d5042b50c9f3e70dacffec5d29fca3c82032e705887a5299f20ff611199
case_014,2,routes_gate_reuse,8909568,69998520,17698626,1.9864740916731316,图表/runs/20260924-A-q1-event-ranking-full100/case_014_2cores_seed0_routes_gate_reuse,905d1b9d2b8e0231e4bf496567522ce423c30bf580dc1c87a72b5f99ba79b2d1
case_014,3,routes_gate_reuse,6002519,84088488,17698626,2.9485331075170276,图表/runs/20260924-A-q1-event-ranking-full100/case_014_3cores_seed0_routes_gate_reuse,e1c0ae2e456cef7d4253331a78523703137008f63ec734e1e5823f21605c9766
case_014,4,routes_gate_reuse,4543360,76510104,17698626,3.8954927630652203,图表/runs/20260924-A-q1-event-ranking-full100/case_014_4cores_seed0_routes_gate_reuse,9ac3f5930fffa5ed3d14b601974a376c496e2a08c05bf79325bc4249d0119b95
case_014,5,routes_gate_reuse,3694137,88763688,17698626,4.791004231840887,图表/runs/20260924-A-q1-event-ranking-full100/case_014_5cores_seed0_routes_gate_reuse,d248dec123b4f3fc04f55d39b285057041aec617bc2691f3c3035d44fc5c7a56
case_015,1,fixed_single,177362,180256,177362,1.0,图表/runs/20260924-A-q1-event-ranking-full100/single/case_015,04700574333b08440d05824bcfd80182824a45ca836c45d3d903e1501df3192e
case_015,2,routes_gate_reuse,90480,199944,177362,1.960234305923961,图表/runs/20260924-A-q1-event-ranking-full100/case_015_2cores_seed0_routes_gate_reuse,f365181bd8f46821bef9aa8c64f234092e57b6d0d59e3b62831ac4193568ac0d
case_015,3,routes_gate_reuse,61018,298252,177362,2.906716051001344,图表/runs/20260924-A-q1-event-ranking-full100/case_015_3cores_seed0_routes_gate_reuse,ffb50293f6cab220bfb66602e97ef2c377f556d73f92519d282eb559fa40e4d5
case_015,4,routes_gate_reuse,48866,365824,177362,3.6295583841525807,图表/runs/20260924-A-q1-event-ranking-full100/case_015_4cores_seed0_routes_gate_reuse,098584f832bdfedbaa2f4d0680a90dc312ea48d6f6fc117fe1ef439678495a73
case_015,5,routes_gate_reuse,44068,331776,177362,4.024734501225379,图表/runs/20260924-A-q1-event-ranking-full100/case_015_5cores_seed0_routes_gate_reuse,d736b6dd98f2479ecb5b11d15bd42c09a94332aafe0260750d35adf47517c350
case_016,1,fixed_single,7715523,0,7715523,1.0,图表/runs/20260924-A-q1-event-ranking-full100/single/case_016,96b5ecce2224bf71eefecaef4923ca39e9ba96d6e62e961172fe9ae867b15edf
case_016,2,routes_gate_reuse,5440637,134500220,7715523,1.4181286125135715,图表/runs/20260924-A-q1-event-ranking-full100/case_016_2cores_seed0_routes_gate_reuse,c3d3bf8d87173ca2fa96dc1b81ad93f3072ebeb19559d16ea4a53ada7e8ae73d
case_016,3,routes_gate_reuse,4478897,134500220,7715523,1.7226390783266505,图表/runs/20260924-A-q1-event-ranking-full100/case_016_3cores_seed0_routes_gate_reuse,a76c43df11ca03136500ed6f253dfbaaf7b1d6774310f850dd7807b6416a0b2d
case_016,4,routes_gate_reuse,4266542,134500220,7715523,1.808378541685515,图表/runs/20260924-A-q1-event-ranking-full100/case_016_4cores_seed0_routes_gate_reuse,31519ba3c50f67a56bdda5557d958314d1bb43bfdec6f03904d76627b289402c
case_016,5,routes_gate_reuse,4158373,134500220,7715523,1.8554186938016384,图表/runs/20260924-A-q1-event-ranking-full100/case_016_5cores_seed0_routes_gate_reuse,c540b81215c06f51d758e66a9ae4d652a89fac171a6e2f553dd03ceb43073fe3
case_017,1,fixed_single,162810,22528,162810,1.0,图表/runs/20260924-A-q1-event-ranking-full100/single/case_017,9aef581d35ecb91830a8d39f049c31d0cc909cc8776cab553cddfac7cc0d56e5
case_017,2,routes_gate_reuse,81117,110100,162810,2.0071008543215356,图表/runs/20260924-A-q1-event-ranking-full100/case_017_2cores_seed0_routes_gate_reuse,9647c139cc939b8a707e4598a84caf7023678cc97d902e98d03b2832393cf0a8
case_017,3,routes_gate_reuse,53799,196920,162810,3.0262644287068534,图表/runs/20260924-A-q1-event-ranking-full100/case_017_3cores_seed0_routes_gate_reuse,efe0ce4f74460dad1964dbda1a9130b4febe39c6dd8c0753b1cbeedf305ca946
case_017,4,routes_gate_reuse,41101,285984,162810,3.961217488625581,图表/runs/20260924-A-q1-event-ranking-full100/case_017_4cores_seed0_routes_gate_reuse,921adefb75ee8177b0a73298e125f1d5caf1f9650b2b53a79bfad4ebffde6600
case_017,5,routes_gate_reuse,33081,359460,162810,4.921556180284756,图表/runs/20260924-A-q1-event-ranking-full100/case_017_5cores_seed0_routes_gate_reuse,224c3a06821fc5bf4288f40c2c72fc9c27896ef494d20737f69f77062c2e1e3f
case_018,1,fixed_single,1004367,1970176,1004367,1.0,图表/runs/20260924-A-q1-event-ranking-full100/single/case_018,0f8e94dff46a387bea3a8987077777d8499e6219575a5237b1940f9452a33334
case_018,2,routes_gate_reuse,501235,2622524,1004367,2.003784651909783,图表/runs/20260924-A-q1-event-ranking-full100/case_018_2cores_seed0_routes_gate_reuse,cbfa795f067847a55974112a322801cdef79189f5ea41bf77e27d2086e85bcf6
case_018,3,routes_gate_reuse,336388,4077600,1004367,2.9857396815582007,图表/runs/20260924-A-q1-event-ranking-full100/case_018_3cores_seed0_routes_gate_reuse,77fcf616d463119a981af11d441a08977717a833d10782e4a7b5cd904b24ac77
case_018,4,routes_gate_reuse,253676,4938752,1004367,3.9592511707847806,图表/runs/20260924-A-q1-event-ranking-full100/case_018_4cores_seed0_routes_gate_reuse,0b98c502e0127a04b99696f5004fd688f8f8dd2a4b5aa41760e517839138ef1e
case_018,5,routes_gate_reuse,203806,5603348,1004367,4.928054129907854,图表/runs/20260924-A-q1-event-ranking-full100/case_018_5cores_seed0_routes_gate_reuse,900ee3a5c4df2290df7e70a9e7e8b5c06b64fa6ea3d780bf19c185c940dbe230
case_019,1,fixed_single,81144,0,81144,1.0,图表/runs/20260924-A-q1-event-ranking-full100/single/case_019,135a6fa2deb33932930b3383134478d200a61268ac0965d0a7614865557f1ab5
case_019,2,routes_gate_reuse,40136,42540,81144,2.021726131154076,图表/runs/20260924-A-q1-event-ranking-full100/case_019_2cores_seed0_routes_gate_reuse,57ac3e821e4a00ceaa373cc3a49cb59ff11e80a947bfb8cf1dfccdac3ab8a36d
case_019,3,routes_gate_reuse,27848,83520,81144,2.9138178684286125,图表/runs/20260924-A-q1-event-ranking-full100/case_019_3cores_seed0_routes_gate_reuse,3fcab98c5d30843701b0f0fde1f40daaa9315c1f31ba3956bd913f7c78875e9e
case_019,4,routes_gate_reuse,24465,285312,81144,3.316738197424893,图表/runs/20260924-A-q1-event-ranking-full100/case_019_4cores_seed0_routes_gate_reuse,3f7d2a308a6da78740f3117d54c7d9044e3cbfe12dcba96592b0200d010fd5dd
case_019,5,routes_gate_reuse,23450,568740,81144,3.4602985074626864,图表/runs/20260924-A-q1-event-ranking-full100/case_019_5cores_seed0_routes_gate_reuse,597da9eac3b11e5cdc5416ec7c18d68389fafaea3ba559ea49d65fd26a1b691b
case_020,1,fixed_single,532746,0,532746,1.0,图表/runs/20260924-A-q1-event-ranking-full100/single/case_020,2c1454a70a05883bbb6d73aca90301f5867db0525f9f55f5faeac474e590aa83
case_020,2,routes_gate_reuse,266580,0,532746,1.9984469952734638,图表/runs/20260924-A-q1-event-ranking-full100/case_020_2cores_seed0_routes_gate_reuse,e677461a6d7abf8b3b91495f4264c25468aa4aecf4c58f5373a70df51322b23a
case_020,3,routes_gate_reuse,177950,0,532746,2.993796010115201,图表/runs/20260924-A-q1-event-ranking-full100/case_020_3cores_seed0_routes_gate_reuse,60c7403e0c6826b5337e61cd0a9544fe89d28e0965f22740688103e490f66c73
case_020,4,routes_gate_reuse,133704,0,532746,3.984518039849219,图表/runs/20260924-A-q1-event-ranking-full100/case_020_4cores_seed0_routes_gate_reuse,9a36e204ac2e016cddde340acf7634dbd92fb5976d84e7bd2712b970a8f724b8
case_020,5,routes_gate_reuse,107650,0,532746,4.948871342313051,图表/runs/20260924-A-q1-event-ranking-full100/case_020_5cores_seed0_routes_gate_reuse,797cac9cb96b5f9910c4d235054ee25ea3e769b95aaa293d7232d0fa2c639332
case_021,1,fixed_single,6567937,4501504,6567937,1.0,图表/runs/20260924-A-q1-event-ranking-full100/single/case_021,b3fce17fef4c6fe29d643f8da6422b376ea137460ef1f4454f489cf39357fa82
case_021,2,routes_gate_reuse,3168548,50104320,6567937,2.0728538750241436,图表/runs/20260924-A-q1-event-ranking-full100/case_021_2cores_seed0_routes_gate_reuse,756314d368acb32a7f582ba17fc99a5d37bc0c7310ccf5274e4f128a8b40b021
case_021,3,routes_gate_reuse,2124156,50071552,6567937,3.092021960722282,图表/runs/20260924-A-q1-event-ranking-full100/case_021_3cores_seed0_routes_gate_reuse,cfa67823e61282fbe8f6e38011eecc928aed31f879ca6a7b8c5179482e0d2c64
case_021,4,routes_gate_reuse,1550324,4608000,6567937,4.236493145948847,图表/runs/20260924-A-q1-event-ranking-full100/case_021_4cores_seed0_routes_gate_reuse,dbc90e16584c570ab3b9d5f5020c08e7b678c621e6509f4b7bc577c174c23c5d
case_021,5,routes_gate_reuse,1249916,11845632,6567937,5.254702716022517,图表/runs/20260924-A-q1-event-ranking-full100/case_021_5cores_seed0_routes_gate_reuse,01d80aef29fcba77e74620d6b8519797a2a1be97553b537320fc4d339381e89d
case_022,1,fixed_single,56780,0,56780,1.0,图表/runs/20260924-A-q1-event-ranking-full100/single/case_022,fc0840037234e89fca680098b040a57ab103e9e550896f9c6897561eb9bd1cdf
case_022,2,routes_gate_reuse,28303,6912,56780,2.006147758188178,图表/runs/20260924-A-q1-event-ranking-full100/case_022_2cores_seed0_routes_gate_reuse,665d765d4e21bb015275cbe9b9a493c718b3a20a258e224564ed55f621e95573
case_022,3,routes_gate_reuse,18978,13824,56780,2.9918853409210664,图表/runs/20260924-A-q1-event-ranking-full100/case_022_3cores_seed0_routes_gate_reuse,433126dd914c9b0d574f66ff843f8cb14a0a4c2417e6645d076ca2e6d757f4a0
case_022,4,routes_gate_reuse,14336,20736,56780,3.960658482142857,图表/runs/20260924-A-q1-event-ranking-full100/case_022_4cores_seed0_routes_gate_reuse,4fbe8a9121f19f1f456ef78d3f03eae27fd79d1d95f472d8a8b75be72ce99640
case_022,5,routes_gate_reuse,11479,24612,56780,4.9464239045213,图表/runs/20260924-A-q1-event-ranking-full100/case_022_5cores_seed0_routes_gate_reuse,84c4aff2a9449db78a147d77e6fe488a825e836eaff49ddd163414f6aa208043
case_023,1,fixed_single,122614,0,122614,1.0,图表/runs/20260924-A-q1-event-ranking-full100/single/case_023,287da562ab1fcf0ff5800602d7b4e782e53d9b7ac141a2a4aa0e1201121a530a
case_023,2,routes_gate_reuse,61065,73728,122614,2.0079259805125687,图表/runs/20260924-A-q1-event-ranking-full100/case_023_2cores_seed0_routes_gate_reuse,64a31f907bb854e977c0a9516c96fdc2748859cf5c3de2212a5edd48eccb0f8f
case_023,3,routes_gate_reuse,40682,207264,122614,3.0139619487734133,图表/runs/20260924-A-q1-event-ranking-full100/case_023_3cores_seed0_routes_gate_reuse,b443f946bf35249f5004dc26e1b0692c838485c0355eb175ff8e027b6c9771dc
case_023,4,routes_gate_reuse,30516,281280,122614,4.018023332022546,图表/runs/20260924-A-q1-event-ranking-full100/case_023_4cores_seed0_routes_gate_reuse,8aa555d15cf46bdb56e88c5e7aae16aadb3e0e017929067f96c3cf5980c2a7ee
case_023,5,routes_gate_reuse,24940,280992,122614,4.91635926222935,图表/runs/20260924-A-q1-event-ranking-full100/case_023_5cores_seed0_routes_gate_reuse,7ecdae2a5516585112dbc3099fef751ebf9913f7d85e4de93e146ddf36646634
case_024,1,fixed_single,2555343,0,2555343,1.0,图表/runs/20260924-A-q1-event-ranking-full100/single/case_024,a8fdebdfb188cc7b834b8c5009da7a2e7be365910f8bfff290df58712a88eb21
case_024,2,routes_gate_reuse,1803647,44243528,2555343,1.4167644777498036,图表/runs/20260924-A-q1-event-ranking-full100/case_024_2cores_seed0_routes_gate_reuse,012d653d2aa79884c283090f9683850b61c686638c50dbe2398cf7b8bd88f3a5
case_024,3,routes_gate_reuse,1483888,44243528,2555343,1.7220592120160012,图表/runs/20260924-A-q1-event-ranking-full100/case_024_3cores_seed0_routes_gate_reuse,8b860140bbec2b58d9e96e48d59b16d96f212309b1cfa9d1cef5dc1836a47e2b
case_024,4,routes_gate_reuse,1413568,44243528,2555343,1.8077255568886677,图表/runs/20260924-A-q1-event-ranking-full100/case_024_4cores_seed0_routes_gate_reuse,43bc9a020683af03522ff47e0e28a389158a33ff25fe260d7102bc6e98229260
case_024,5,routes_gate_reuse,1378992,44243528,2555343,1.8530513592537157,图表/runs/20260924-A-q1-event-ranking-full100/case_024_5cores_seed0_routes_gate_reuse,2c3cfae4de164329f150ce536ff6583a3229d35be574727ac54b5a6a5e369ec8
case_025,1,fixed_single,4863026,0,4863026,1.0,图表/runs/20260924-A-q1-event-ranking-full100/single/case_025,0bfe56afc721003705a33aa3e50a1ea72067b687f7e98c1b22a1d246060a3d8e
case_025,2,routes_gate_reuse,2431840,27648,4863026,1.9997310678334101,图表/runs/20260924-A-q1-event-ranking-full100/case_025_2cores_seed0_routes_gate_reuse,90722421d7bff26257aee62c07c09260c1270498856e281b8e31f200ba0cb693
case_025,3,routes_gate_reuse,1622164,55296,4863026,2.9978633479722148,图表/runs/20260924-A-q1-event-ranking-full100/case_025_3cores_seed0_routes_gate_reuse,fa6d82f36ef6a574742621d4d066ad9c8b05f7edf5da243b3d78e73832ec5092
case_025,4,routes_gate_reuse,1217444,82944,4863026,3.9944555971362954,图表/runs/20260924-A-q1-event-ranking-full100/case_025_4cores_seed0_routes_gate_reuse,ba12dc086b0acb36977c940db356fc4e6004a0b810f50b0383b269228b59c79f
case_025,5,routes_gate_reuse,975282,110592,4863026,4.986276789687495,图表/runs/20260924-A-q1-event-ranking-full100/case_025_5cores_seed0_routes_gate_reuse,f5f443a598b6f89d83b396b975a51064b0e100a4f832d68d139ee336e2eaa8ca
case_026,1,fixed_single,99203,0,99203,1.0,图表/runs/20260924-A-q1-event-ranking-full100/single/case_026,b1ac0b434c48cb45ea877ef58574e4370e90571aff486e8c36e35d0ff0a91b6f
case_026,2,routes_gate_reuse,51839,218580,99203,1.91367503231158,图表/runs/20260924-A-q1-event-ranking-full100/case_026_2cores_seed0_routes_gate_reuse,6e82bcbdf799ca02343bafa594e55d660b03c096d273179122db0a37881b434b
case_026,3,routes_gate_reuse,42174,381752,99203,2.3522312325129224,图表/runs/20260924-A-q1-event-ranking-full100/case_026_3cores_seed0_routes_gate_reuse,ececd837b9cca0207bbac6c475cb2dd613b10dd882bf29880bd2637e7852a8df
case_026,4,routes_gate_reuse,42089,217872,99203,2.3569816341561927,图表/runs/20260924-A-q1-event-ranking-full100/case_026_4cores_seed0_routes_gate_reuse,3fb8df9d6b8ce118b77ddf4b31a69aaa6ba1748887cb7a4f4d8df9a22b3e3105
case_026,5,routes_gate_reuse,43946,414504,99203,2.257384062258226,图表/runs/20260924-A-q1-event-ranking-full100/case_026_5cores_seed0_routes_gate_reuse,5ffed219ec0c3a5d468d70bc402d63c0a15bcb3a7835a288aea87d8bbaa1bbce
case_027,1,fixed_single,2363952,1400832,2363952,1.0,图表/runs/20260924-A-q1-event-ranking-full100/single/case_027,141002fe158dd963301748e9dbc97aefdc8063fc96156162f1071d3831f1dfcf
case_027,2,routes_gate_reuse,1116984,1843200,2363952,2.1163705120216583,图表/runs/20260924-A-q1-event-ranking-full100/case_027_2cores_seed0_routes_gate_reuse,b826ac03af9287f38f48d4ca157f45a2b3cc7f4b341982de3b149f8ddfa04c0b
case_027,3,routes_gate_reuse,804739,19496960,2363952,2.937538754801246,图表/runs/20260924-A-q1-event-ranking-full100/case_027_3cores_seed0_routes_gate_reuse,34f0d12837a6cacaf7d3b6f2aeb16208acb67402b2244b4b9fc752f6335b6900
case_027,4,routes_gate_reuse,559196,3317760,2363952,4.227412213249022,图表/runs/20260924-A-q1-event-ranking-full100/case_027_4cores_seed0_routes_gate_reuse,37f2a40a83d137eac475a60cb319e85212c35ec5dcb7413071f62554d786bdb2
case_027,5,routes_gate_reuse,558753,5529600,2363952,4.230763861670542,图表/runs/20260924-A-q1-event-ranking-full100/case_027_5cores_seed0_routes_gate_reuse,fbadce386c5f7fca237b7c4b3f9efe5ea311c41ef63b5014a36835921d971966
case_028,1,fixed_single,43836040,277412256,43836040,1.0,图表/runs/20260924-A-q1-event-ranking-full100/single/case_028,db96903d449bb61682336cde4b76053be00b9425a1925a1fc5aea156c8b42e1b
case_028,2,routes_gate_reuse,20808183,310682880,43836040,2.106673129508713,图表/runs/20260924-A-q1-event-ranking-full100/case_028_2cores_seed0_routes_gate_reuse,f0db97badee47d2fcf0d87e35a68b179eb60e87b64e401f84759727909a07b3a
case_028,3,routes_gate_reuse,13957556,310848768,43836040,3.1406673202672444,图表/runs/20260924-A-q1-event-ranking-full100/case_028_3cores_seed0_routes_gate_reuse,825ed47faa2f0be08d3a7f0a30e1cd4b91eb6ecdb1b4540ce2cf2192356ae427
case_028,4,routes_gate_reuse,10676362,310848768,43836040,4.105896746476,图表/runs/20260924-A-q1-event-ranking-full100/case_028_4cores_seed0_routes_gate_reuse,b312f56a617b92e79f142f97729f1096b4859a8fca95c3799c31353b570e4e09
case_028,5,routes_gate_reuse,9004662,286344264,43836040,4.868149409716878,图表/runs/20260924-A-q1-event-ranking-full100/case_028_5cores_seed0_routes_gate_reuse,953fc17d6b5201ec36fea320c7ecd364ec7400f49a9dd1689a77deb34e724907
case_029,1,fixed_single,37555,0,37555,1.0,图表/runs/20260924-A-q1-event-ranking-full100/single/case_029,4a33e89b323da3f7fbdd6bd1ed8aa8bba66753632b23d3a4bfc4d59f6b053fd1
case_029,2,routes_gate_reuse,19740,0,37555,1.9024822695035462,图表/runs/20260924-A-q1-event-ranking-full100/case_029_2cores_seed0_routes_gate_reuse,3fea3eceb5d9f0365b4ecf3c303d0ba362bb5b9c7357167f65eadec09e11bf01
case_029,3,routes_gate_reuse,12743,0,37555,2.9471082162756024,图表/runs/20260924-A-q1-event-ranking-full100/case_029_3cores_seed0_routes_gate_reuse,8e08628bb39e31eca89ee2d70dd196f01202a870b40e250f34f58c5aa0bd99c0
case_029,4,routes_gate_reuse,11028,0,37555,3.405422560754443,图表/runs/20260924-A-q1-event-ranking-full100/case_029_4cores_seed0_routes_gate_reuse,2550cf187b1c31a1853d73db726bf4478d2bda673fb3821db8a3820f8a63ba07
case_029,5,routes_gate_reuse,9383,0,37555,4.002451241607162,图表/runs/20260924-A-q1-event-ranking-full100/case_029_5cores_seed0_routes_gate_reuse,11125180a8973e82b834e6faf3b38a151566d39168a759c21528d59fd4367066
case_030,1,fixed_single,2808034,5519360,2808034,1.0,图表/runs/20260924-A-q1-event-ranking-full100/single/case_030,52b8dfbb98997275d5a58255b9169832120b3ae0a611ad5a212b01169ff7f6c8
case_030,2,routes_gate_reuse,1399339,5285020,2808034,2.006686013896561,图表/runs/20260924-A-q1-event-ranking-full100/case_030_2cores_seed0_routes_gate_reuse,82ad60b74abbf107cca85e10bead0f9468804aabc268624fc3857cb2ab02736d
case_030,3,routes_gate_reuse,932367,8365156,2808034,3.0117260692409746,图表/runs/20260924-A-q1-event-ranking-full100/case_030_3cores_seed0_routes_gate_reuse,bd78f68aa8d2adf439c400756ab63fb9b77a47445b5c460bd7c33274ea18aa04
case_030,4,routes_gate_reuse,700342,10404864,2808034,4.009518206818954,图表/runs/20260924-A-q1-event-ranking-full100/case_030_4cores_seed0_routes_gate_reuse,dd67f2a19f5162db577012df826c1b610f4d71d3fc5e3cdbf2d440e1a5f968d7
case_030,5,routes_gate_reuse,560306,11168828,2808034,5.011607942802683,图表/runs/20260924-A-q1-event-ranking-full100/case_030_5cores_seed0_routes_gate_reuse,de00b1f297a0cf6aea5beff2d2bea75c3e12e9bc314f1be3f6b60710e4a069dc
case_031,1,fixed_single,1414369,3491328,1414369,1.0,图表/runs/20260924-A-q1-event-ranking-full100/single/case_031,ff698eb12015826219f648d9e788cc797c820aad51a73009f300201122fa3ece
case_031,2,routes_gate_reuse,712262,5250048,1414369,1.985742605951181,图表/runs/20260924-A-q1-event-ranking-full100/case_031_2cores_seed0_routes_gate_reuse,a342382340cbca8c4e1367b2f4ea5cf6896220be396512f54d3c625644546a21
case_031,3,routes_gate_reuse,473822,7544832,1414369,2.985021801435982,图表/runs/20260924-A-q1-event-ranking-full100/case_031_3cores_seed0_routes_gate_reuse,25ddc217f330f865c71f936d1f67c871c1bb55af6b7252061666747ab2507cca
case_031,4,routes_gate_reuse,356417,7926272,1414369,3.968298369606388,图表/runs/20260924-A-q1-event-ranking-full100/case_031_4cores_seed0_routes_gate_reuse,2725cef8089f5f7455f820dc2823ec84aa5f0a6149183c6f7e2d85c465bebd8a
case_031,5,routes_gate_reuse,284848,7931904,1414369,4.965346430376902,图表/runs/20260924-A-q1-event-ranking-full100/case_031_5cores_seed0_routes_gate_reuse,40059d1baa0c337d000396acd92141c6e2a3e3daf6cfefb16cfd73d462d9c328
case_032,1,fixed_single,41443,0,41443,1.0,图表/runs/20260924-A-q1-event-ranking-full100/single/case_032,14ce03f3d61e7537e98399e665978f50e2600988f91917216ebdc4fe7397f173
case_032,2,routes_gate_reuse,20900,96344,41443,1.9829186602870814,图表/runs/20260924-A-q1-event-ranking-full100/case_032_2cores_seed0_routes_gate_reuse,a636409d38c1b64458ec6d0f7d8e4bc3592e117d203e4814abd9c5a2c5929898
case_032,3,routes_gate_reuse,14009,96406,41443,2.958312513384253,图表/runs/20260924-A-q1-event-ranking-full100/case_032_3cores_seed0_routes_gate_reuse,2684a830bc1b47bf029ec9c9b6212ea084633269cde7495e2c004e8b7172998b
case_032,4,routes_gate_reuse,10933,63656,41443,3.790633860788439,图表/runs/20260924-A-q1-event-ranking-full100/case_032_4cores_seed0_routes_gate_reuse,039b74daad71563a6ee3b6fe550f79d603ef5a901a23ca7237c276ae1c274bbf
case_032,5,routes_gate_reuse,10280,80036,41443,4.031420233463035,图表/runs/20260924-A-q1-event-ranking-full100/case_032_5cores_seed0_routes_gate_reuse,07e392ef1ef9c7cc044f7a1655d7f8526ded2ef389747413958ee7ebe8ac74dd
case_033,1,fixed_single,1774196,4592640,1774196,1.0,图表/runs/20260924-A-q1-event-ranking-full100/single/case_033,16f54a09c9ee5ecab4e1e03575f4a081b40feb3f8d01e8daf74a353169291d07
case_033,2,routes_gate_reuse,888544,6312520,1774196,1.996745237152015,图表/runs/20260924-A-q1-event-ranking-full100/case_033_2cores_seed0_routes_gate_reuse,05fa482527565c75eac69cbea809c63ac32ec9fda14ae7999deb6aafbd811d6c
case_033,3,routes_gate_reuse,590697,7602264,1774196,3.0035635867458272,图表/runs/20260924-A-q1-event-ranking-full100/case_033_3cores_seed0_routes_gate_reuse,07ae4acb0a749c4a0e2d2902e8e159ec721f282150cf72f81a804f07129aa2ce
case_033,4,routes_gate_reuse,443447,7214688,1774196,4.000920064855552,图表/runs/20260924-A-q1-event-ranking-full100/case_033_4cores_seed0_routes_gate_reuse,d1a7a0204878eb70360759914f999ad1c5af05cced9f9dd0e0e22eabe2ec0b53
case_033,5,routes_gate_reuse,353592,8227976,1774196,5.017636145614154,图表/runs/20260924-A-q1-event-ranking-full100/case_033_5cores_seed0_routes_gate_reuse,2256213893f2f1bfd1cb0b3d3b63c25978c50ad4e9390f68b5938c6d78baad69
case_034,1,fixed_single,842996,1079832,842996,1.0,图表/runs/20260924-A-q1-event-ranking-full100/single/case_034,a0db71861bf7dca6e411f6ff06e8e1df50d0fa93865c3a106bcb842397157b90
case_034,2,routes_gate_reuse,419167,1915392,842996,2.0111220587498537,图表/runs/20260924-A-q1-event-ranking-full100/case_034_2cores_seed0_routes_gate_reuse,c0e3ca9ef4cb430a3d90ab32fc2575d1e439ecfd2314aba2c5515469816ef03c
case_034,3,routes_gate_reuse,278067,2762240,842996,3.0316290678145914,图表/runs/20260924-A-q1-event-ranking-full100/case_034_3cores_seed0_routes_gate_reuse,2ebe3673507445a1aab809e17b21d0ff337d008c4f20c1a3be9bfe2df5304e96
case_034,4,routes_gate_reuse,205314,3207748,842996,4.105886593218193,图表/runs/20260924-A-q1-event-ranking-full100/case_034_4cores_seed0_routes_gate_reuse,11b3c7c5759d17c1aa74f952314cd9111a444dd2edd6a4d0eaa3c4431126667a
case_034,5,routes_gate_reuse,167930,3885104,842996,5.019924968736974,图表/runs/20260924-A-q1-event-ranking-full100/case_034_5cores_seed0_routes_gate_reuse,ca36209ad44939a12316e622d4108126211d90f124b4f13e81d7d33bc9b03829
case_035,1,fixed_single,169571,0,169571,1.0,图表/runs/20260924-A-q1-event-ranking-full100/single/case_035,faf43fcb78fb112a28b399e45234ee524052d4799ed291211319a051b7bfa8e5
case_035,2,routes_gate_reuse,95406,0,169571,1.7773620107750037,图表/runs/20260924-A-q1-event-ranking-full100/case_035_2cores_seed0_routes_gate_reuse,ff5012d92ee0db7384f4ee53cf9c000725a54149c6a3bacc833df72bd2dcb68a
case_035,3,routes_gate_reuse,95782,42278,169571,1.7703848322231734,图表/runs/20260924-A-q1-event-ranking-full100/case_035_3cores_seed0_routes_gate_reuse,9881dec588921da74ed0d2f17089f8ab99d16235f75c963f8ec8c4b36d145812
case_035,4,routes_gate_reuse,94869,47410,169571,1.7874226565052862,图表/runs/20260924-A-q1-event-ranking-full100/case_035_4cores_seed0_routes_gate_reuse,1773d1d0a02c8646bf05107889936960f758fd79001b082dda7833a9e5225860
case_035,5,routes_gate_reuse,95983,83532,169571,1.7666774324619985,图表/runs/20260924-A-q1-event-ranking-full100/case_035_5cores_seed0_routes_gate_reuse,261b6d5f339447bc29be0d210a21dc1b4e2348575db2b4d62c951042b5e4bd44
case_036,1,fixed_single,931510,0,931510,1.0,图表/runs/20260924-A-q1-event-ranking-full100/single/case_036,d49c728fd4f0382193375a1adbd2de47907bea5271b7ceaa9d91f827de84c545
case_036,2,routes_gate_reuse,466068,1152,931510,1.998656848356892,图表/runs/20260924-A-q1-event-ranking-full100/case_036_2cores_seed0_routes_gate_reuse,fd3b3c082b611479f042ce566435899b58d2f09defd185930569cf8e310bbfa7
case_036,3,routes_gate_reuse,311345,2304,931510,2.991890025534375,图表/runs/20260924-A-q1-event-ranking-full100/case_036_3cores_seed0_routes_gate_reuse,671197430a18a184b0cf35573bd13408b587cd119a99bcd31845fff359a9f1c9
case_036,4,routes_gate_reuse,233584,3456,931510,3.987901568600589,图表/runs/20260924-A-q1-event-ranking-full100/case_036_4cores_seed0_routes_gate_reuse,f5f0ce0a4573b0453f2fc3b7586c6da15677383dfed9fe7afa53e8a7028e1a63
case_036,5,routes_gate_reuse,187182,4608,931510,4.976493466252097,图表/runs/20260924-A-q1-event-ranking-full100/case_036_5cores_seed0_routes_gate_reuse,4a474e4848a12dcbbccd03f6961911b84bb6f4828895e72add80cb574af889cf
case_037,1,fixed_single,210001,0,210001,1.0,图表/runs/20260924-A-q1-event-ranking-full100/single/case_037,a01f4b866558f299dce12f35002cf1908d1575d5deed568e5ec84a6ceae379b3
case_037,2,routes_gate_reuse,105374,204800,210001,1.992910964754114,图表/runs/20260924-A-q1-event-ranking-full100/case_037_2cores_seed0_routes_gate_reuse,9357c7445706530da44c9c07292a214ddeccc1bc35d4e6d0993357a5c11f934f
case_037,3,routes_gate_reuse,74038,1064960,210001,2.836394824279424,图表/runs/20260924-A-q1-event-ranking-full100/case_037_3cores_seed0_routes_gate_reuse,2f663d8ec910e1a9fa288b15dec73c3e7586189793dfeeb1e1dc52ff2d247ebc
case_037,4,routes_gate_reuse,53320,614400,210001,3.938503375843961,图表/runs/20260924-A-q1-event-ranking-full100/case_037_4cores_seed0_routes_gate_reuse,71d57c2d9e54f841e3a6f7cbd0f754c98434bd89272d0de37b126dabd1c44220
case_037,5,routes_gate_reuse,43800,1925120,210001,4.794543378995434,图表/runs/20260924-A-q1-event-ranking-full100/case_037_5cores_seed0_routes_gate_reuse,96899df9711b7be8f545e4abd4b9ae9e1c74a7608e83627aba019daeafddd568
case_038,1,fixed_single,1364555,5627904,1364555,1.0,图表/runs/20260924-A-q1-event-ranking-full100/single/case_038,06f3b480ad7c485b7f7a1f7483fd0212d5fbff5efa6bca646f3b4a047188f1d4
case_038,2,routes_gate_reuse,674500,6790656,1364555,2.0230615270570795,图表/runs/20260924-A-q1-event-ranking-full100/case_038_2cores_seed0_routes_gate_reuse,5009443c57e47e2df67cd67f4ce242f75d32d322abf4e0e16f77f30c8ae28a26
case_038,3,routes_gate_reuse,450730,7879736,1364555,3.027433274909591,图表/runs/20260924-A-q1-event-ranking-full100/case_038_3cores_seed0_routes_gate_reuse,b05492cfad4eacae3f5e3aa8301c06a10ea9a9894e3ea583b2addba1fafa9fd9
case_038,4,routes_gate_reuse,338163,8930344,1364555,4.0351990016648775,图表/runs/20260924-A-q1-event-ranking-full100/case_038_4cores_seed0_routes_gate_reuse,f8ef4e10bc7a2b9d7d54845f052086464da08d5cb643d217827183409ac515c3
case_038,5,routes_gate_reuse,274658,9635364,1364555,4.968196812035331,图表/runs/20260924-A-q1-event-ranking-full100/case_038_5cores_seed0_routes_gate_reuse,9aedb3da0d30871d21c388af98c15808f582f0925497f3127bf315ed04a4787d
case_039,1,fixed_single,1435262,7929856,1435262,1.0,图表/runs/20260924-A-q1-event-ranking-full100/single/case_039,aaaf5f034bb4a77aa2db46a58bd35321ace3b41070d99243ccfdc8dcc19d7456
case_039,2,routes_gate_reuse,708557,11550720,1435262,2.0256126183214618,图表/runs/20260924-A-q1-event-ranking-full100/case_039_2cores_seed0_routes_gate_reuse,f0908d103c93b5c3f0e8ab9171abf76b477cff242b0f2bc6e1ef5366fdc46aea
case_039,3,routes_gate_reuse,482318,15020032,1435262,2.975758731791059,图表/runs/20260924-A-q1-event-ranking-full100/case_039_3cores_seed0_routes_gate_reuse,9e04317fc71a5a1cb2f8a82376e4d31017ee488af4e7b03fdab579390b096e19
case_039,4,routes_gate_reuse,395323,17604608,1435262,3.6306058590064327,图表/runs/20260924-A-q1-event-ranking-full100/case_039_4cores_seed0_routes_gate_reuse,6a6b8a0d28216c5b4bd0793a8d7b788deeb5c966ae5b3bce0c46c01951a0eaa4
case_039,5,routes_gate_reuse,431161,20480000,1435262,3.3288307615948565,图表/runs/20260924-A-q1-event-ranking-full100/case_039_5cores_seed0_routes_gate_reuse,01cecdb5529f4e71f10f3b503fc7de0a3ea59d1d4c12c77ec00c1def6656e0c7
case_040,1,fixed_single,253454,0,253454,1.0,图表/runs/20260924-A-q1-event-ranking-full100/single/case_040,266155d1ef435b95a7a8f7300496ea21ac252dd29f5189f3a751b3d1abaee7c6
case_040,2,routes_gate_reuse,120926,283200,253454,2.095942973388684,图表/runs/20260924-A-q1-event-ranking-full100/case_040_2cores_seed0_routes_gate_reuse,b6328c479f29f5b2e7f6ce9cfb5db5cb6eff0fbb619b259d00f4364748094946
case_040,3,routes_gate_reuse,109777,642836,253454,2.308807855926105,图表/runs/20260924-A-q1-event-ranking-full100/case_040_3cores_seed0_routes_gate_reuse,ebff54390f78aa3036edc09de4a15cfc8e0c72dbc16495286bcb0e8ef281a49a
case_040,4,routes_gate_reuse,109607,1022796,253454,2.3123888072842065,图表/runs/20260924-A-q1-event-ranking-full100/case_040_4cores_seed0_routes_gate_reuse,e48e033c0414ac1423a9462f963f1efc5917c239f9786d1c79e87ae6224a841d
case_040,5,routes_gate_reuse,108131,727212,253454,2.343953167916694,图表/runs/20260924-A-q1-event-ranking-full100/case_040_5cores_seed0_routes_gate_reuse,489625e4bbf17f67b2ea009b5a9ef315f2ba1305f27ca5717e47f991e166803d
case_041,1,fixed_single,6003957,30898176,6003957,1.0,图表/runs/20260924-A-q1-event-ranking-full100/single/case_041,3d046e2fc7fb6d3f615218d0b44aa9afabc592e987c00c88dbbf6c59e4e034a6
case_041,2,routes_gate_reuse,2990398,33669120,6003957,2.0077451228899967,图表/runs/20260924-A-q1-event-ranking-full100/case_041_2cores_seed0_routes_gate_reuse,d0f47ed6a2db34438a8612e80a17a28c936d817aff58ea8c0825898373d20476
case_041,3,routes_gate_reuse,1991911,34851840,6003957,3.0141693077652567,图表/runs/20260924-A-q1-event-ranking-full100/case_041_3cores_seed0_routes_gate_reuse,907dd2874b5b881239daa50e4cd395f5f88243cffb9bb598d49f4d417f5f5163
case_041,4,routes_gate_reuse,1490603,39164928,6003957,4.027871270888358,图表/runs/20260924-A-q1-event-ranking-full100/case_041_4cores_seed0_routes_gate_reuse,aa325bfabd0a7fa2d24637221da74320528a126843a97754ab470cb922751323
case_041,5,routes_gate_reuse,1201884,40673280,6003957,4.995454636221133,图表/runs/20260924-A-q1-event-ranking-full100/case_041_5cores_seed0_routes_gate_reuse,0ed1048554ce0e1153b2bba86e8a32db05f5902bed044754da3effc6e0eafb87
case_042,1,fixed_single,1686740,6629376,1686740,1.0,图表/runs/20260924-A-q1-event-ranking-full100/single/case_042,f17540e52caccec39a0e9da9e3b14bad96ed5196e723902976da61ade67d240c
case_042,2,routes_gate_reuse,845091,6614304,1686740,1.9959270658426134,图表/runs/20260924-A-q1-event-ranking-full100/case_042_2cores_seed0_routes_gate_reuse,d60a785611efb5c9d859b338ec9ac910e12f2ec4a9cce8ee43e941c4c6e1642a
case_042,3,routes_gate_reuse,559018,8452672,1686740,3.0173268123745567,图表/runs/20260924-A-q1-event-ranking-full100/case_042_3cores_seed0_routes_gate_reuse,6550bc87c0ffd02be3ac57243e937148e40aa1d727501d662d4b2f8376c529ac
case_042,4,routes_gate_reuse,419432,8676192,1686740,4.021486200385283,图表/runs/20260924-A-q1-event-ranking-full100/case_042_4cores_seed0_routes_gate_reuse,e128b2ef6315d68a92329a4d2fac9b0cf8663e467e455b823009b83e4b9ae2a0
case_042,5,routes_gate_reuse,336330,10425184,1686740,5.015133945827015,图表/runs/20260924-A-q1-event-ranking-full100/case_042_5cores_seed0_routes_gate_reuse,8935f305cf5672b56e2007222bc35f3953313804b9ef5b40b2da24b61e431dcc
case_043,1,fixed_single,677656,49160,677656,1.0,图表/runs/20260924-A-q1-event-ranking-full100/single/case_043,dd81c4bae4410420cc3b4888432a61fc1488a0ad7e365c79056074ed25d4eada
case_043,2,routes_gate_reuse,353710,589446,677656,1.915851969127251,图表/runs/20260924-A-q1-event-ranking-full100/case_043_2cores_seed0_routes_gate_reuse,6643ecf06cb750972cdf2d9b89e4632f9f47575b956bdae695582ffe35aeff96
case_043,3,routes_gate_reuse,267112,2381570,677656,2.53697325466471,图表/runs/20260924-A-q1-event-ranking-full100/case_043_3cores_seed0_routes_gate_reuse,16ce50f7588abda5c2e22ec4802ead835be5ec213beeb93afd9db6583c1e25a9
case_043,4,routes_gate_reuse,266590,2584974,677656,2.5419408079822947,图表/runs/20260924-A-q1-event-ranking-full100/case_043_4cores_seed0_routes_gate_reuse,d3721dc344128f466a1afba133602ee3d13dd1040150e8865697b673ef6a6cb7
case_043,5,routes_gate_reuse,264401,2875646,677656,2.562985767829925,图表/runs/20260924-A-q1-event-ranking-full100/case_043_5cores_seed0_routes_gate_reuse,68d600871efe5c45e5ab5462b9c595ec6f4561b15e48392318fadab95fd078c1
case_044,1,fixed_single,154407,4438112,154407,1.0,图表/runs/20260924-A-q1-event-ranking-full100/single/case_044,48706a349696ac062ec90d0dbc40863959c2c8ee15ea3844e186e497c1b8b15d
case_044,2,routes_gate_reuse,119062,5274528,154407,1.2968621390536024,图表/runs/20260924-A-q1-event-ranking-full100/case_044_2cores_seed0_routes_gate_reuse,b18a271f9760817a3a8bafa56ac31d4c0c4fe43198a5352e8bcdf54511a4638c
case_044,3,routes_gate_reuse,123085,5678624,154407,1.254474550107649,图表/runs/20260924-A-q1-event-ranking-full100/case_044_3cores_seed0_routes_gate_reuse,85b1bc1f583b7daece7172d2366be0204a5963eccaf5df226eb802b7becf4dc8
case_044,4,routes_gate_reuse,120120,5792192,154407,1.2854395604395605,图表/runs/20260924-A-q1-event-ranking-full100/case_044_4cores_seed0_routes_gate_reuse,490787c37ed111c97a6661dcdb68f28ee3a95ceb964010f8414a1f9a95e9e306
case_044,5,routes_gate_reuse,131771,6309600,154407,1.1717828657291818,图表/runs/20260924-A-q1-event-ranking-full100/case_044_5cores_seed0_routes_gate_reuse,9406ad189545af24f59cf3317449f041bb1271c1a8a8c5fae9cb9f6ff4829c16
case_045,1,fixed_single,125614,0,125614,1.0,图表/runs/20260924-A-q1-event-ranking-full100/single/case_045,a5cec6c3ec0e1c3ab54e536d3ed3046e3c85583ce0c83f3101e7727f7d8e8946
case_045,2,routes_gate_reuse,63059,0,125614,1.99200748505368,图表/runs/20260924-A-q1-event-ranking-full100/case_045_2cores_seed0_routes_gate_reuse,4bbdd16516e6b498574e18add66c64cd2f153428ec66c648d743f1db300dc569
case_045,3,routes_gate_reuse,42601,0,125614,2.94861622966597,图表/runs/20260924-A-q1-event-ranking-full100/case_045_3cores_seed0_routes_gate_reuse,94435816e99da649e133d8c38ac6445d5d67446260bc2a7a70b430963d7e3edd
case_045,4,routes_gate_reuse,31878,0,125614,3.940460505677897,图表/runs/20260924-A-q1-event-ranking-full100/case_045_4cores_seed0_routes_gate_reuse,60f92f6a46b3f0f1c0957f365d0c48762de756f5ab2d87dbedb06489bd7939b4
case_045,5,routes_gate_reuse,26164,0,125614,4.801024308209754,图表/runs/20260924-A-q1-event-ranking-full100/case_045_5cores_seed0_routes_gate_reuse,28434735890d2a2a8750e15ad6d53df0251569a05b5eb201f26c20bb8e0a236f
case_046,1,fixed_single,276455,3176288,276455,1.0,图表/runs/20260924-A-q1-event-ranking-full100/single/case_046,69b7bd022565a51b683e28e681bd3b570961c47aab05b36b1563b7eb1c64edcd
case_046,2,routes_gate_reuse,152419,5255872,276455,1.81378305854257,图表/runs/20260924-A-q1-event-ranking-full100/case_046_2cores_seed0_routes_gate_reuse,346de9efc8bc97f1f7e77c54ad4839d9ef70eb93f00c690e8476dc634cb36605
case_046,3,routes_gate_reuse,128115,4762304,276455,2.157865979783788,图表/runs/20260924-A-q1-event-ranking-full100/case_046_3cores_seed0_routes_gate_reuse,99154f2ed6c33cb3dfd4b46d22cf93a0abc91bed031817df73db5ebc20367521
case_046,4,routes_gate_reuse,116069,5013664,276455,2.3818159887653034,图表/runs/20260924-A-q1-event-ranking-full100/case_046_4cores_seed0_routes_gate_reuse,e143db668d822dec29d612f5bb7b4e9b95a80c21dfc8ab6a21bd4264f1c25e94
case_046,5,routes_gate_reuse,111389,4672800,276455,2.4818877986156624,图表/runs/20260924-A-q1-event-ranking-full100/case_046_5cores_seed0_routes_gate_reuse,80a830f8e1bb1e20f77c03e00f2af8ee7ac1e10266f3266a710fb70d16313888
case_047,1,fixed_single,326508,0,326508,1.0,图表/runs/20260924-A-q1-event-ranking-full100/single/case_047,f0a869b652c0d973c7de6aa5d7173f408c90fbf112197a72d47591786b30cfea
case_047,2,routes_gate_reuse,276535,4380996,326508,1.180711302366789,图表/runs/20260924-A-q1-event-ranking-full100/case_047_2cores_seed0_routes_gate_reuse,395b3730fb7eb5607636a63101b5af0c4bd650c8596a67e670387a7e0058757a
case_047,3,routes_gate_reuse,241969,5051902,326508,1.3493794659646483,图表/runs/20260924-A-q1-event-ranking-full100/case_047_3cores_seed0_routes_gate_reuse,a853400dd955dcdf665d618d3bca14e3eb4322fdaca9af9d9042f355821ecc1c
case_047,4,routes_gate_reuse,225654,5078720,326508,1.446940891807812,图表/runs/20260924-A-q1-event-ranking-full100/case_047_4cores_seed0_routes_gate_reuse,8895c7c9d353109fd4e36a7b182541e72dcc59e8718411a6cb4903b2d95e9b31
case_047,5,routes_gate_reuse,222583,5064318,326508,1.4669044805757852,图表/runs/20260924-A-q1-event-ranking-full100/case_047_5cores_seed0_routes_gate_reuse,6f6d8b0e86ecb45776e4892c03893ca9102713b3c36d096b6264385515b94005
case_048,1,fixed_single,222220,0,222220,1.0,图表/runs/20260924-A-q1-event-ranking-full100/single/case_048,d90327a4bbec65775a0c036e9d21d034f7ea4366c703849882791fa6a904339e
case_048,2,routes_gate_reuse,197496,1716280,222220,1.1251873455664925,图表/runs/20260924-A-q1-event-ranking-full100/case_048_2cores_seed0_routes_gate_reuse,1e03378916149bf5aeaf0888b8d3d81d7160f983f88710ab1e791c4f2377a62e
case_048,3,routes_gate_reuse,197613,1716280,222220,1.1245211600451388,图表/runs/20260924-A-q1-event-ranking-full100/case_048_3cores_seed0_routes_gate_reuse,3d4743206cb3069e241c2d6089fcced51f3578a9640adb0cc4e408456b7e6500
case_048,4,routes_gate_reuse,197613,1716280,222220,1.1245211600451388,图表/runs/20260924-A-q1-event-ranking-full100/case_048_4cores_seed0_routes_gate_reuse,51804ab785597dfcb50a3ef9f7f1265801e8d5a2f3cd20da159fb4a6884de5bd
case_048,5,routes_gate_reuse,197613,1716280,222220,1.1245211600451388,图表/runs/20260924-A-q1-event-ranking-full100/case_048_5cores_seed0_routes_gate_reuse,e8f18df5873b17e82ac0db3d24be5cf39b602a0b4b6561b0aa19333f2a5c8d7b
case_049,1,fixed_single,196276,0,196276,1.0,图表/runs/20260924-A-q1-event-ranking-full100/single/case_049,8f0d40a73f9ab5d549c32a7dd109f59538ff90832ca00ef842bf556033b258ed
case_049,2,routes_gate_reuse,156968,2635492,196276,1.250420467866062,图表/runs/20260924-A-q1-event-ranking-full100/case_049_2cores_seed0_routes_gate_reuse,b2777768326a97c55ecf2f487d325de518b69f3f743517049ee8d4070be7a831
case_049,3,routes_gate_reuse,132866,4012736,196276,1.4772477533755815,图表/runs/20260924-A-q1-event-ranking-full100/case_049_3cores_seed0_routes_gate_reuse,709f09dfe47e12650eeeb3a00d4a5e0040876297d49895f4441f6a42dc1e1f14
case_049,4,routes_gate_reuse,123251,4012736,196276,1.5924901217840017,图表/runs/20260924-A-q1-event-ranking-full100/case_049_4cores_seed0_routes_gate_reuse,097662c665563e27b1e59d7ef1a27a3065f362da55ce970abb43278b72471fe8
case_049,5,routes_gate_reuse,117489,4013760,196276,1.670590438253794,图表/runs/20260924-A-q1-event-ranking-full100/case_049_5cores_seed0_routes_gate_reuse,c21a84e786486c45e33578842712b291a8e353ec57080cafd2a660c71c5fc915
case_050,1,fixed_single,149690,0,149690,1.0,图表/runs/20260924-A-q1-event-ranking-full100/single/case_050,758bf11254c903fcd204a4bfcc8f197c7a450575567fc816f13b605b8af677be
case_050,2,routes_gate_reuse,108323,51814,149690,1.3818856567857243,图表/runs/20260924-A-q1-event-ranking-full100/case_050_2cores_seed0_routes_gate_reuse,f07dcf98b96fb275ae5e337c0c2ee76e14d4d244ca717813f1fba2b93345e378
case_050,3,routes_gate_reuse,104366,3416202,149690,1.4342793630109423,图表/runs/20260924-A-q1-event-ranking-full100/case_050_3cores_seed0_routes_gate_reuse,f33eb8a754606faa135299a3fc8e6374758c3ff41b47da84325c057af62ff4de
case_050,4,routes_gate_reuse,98003,3448972,149690,1.5274022223809476,图表/runs/20260924-A-q1-event-ranking-full100/case_050_4cores_seed0_routes_gate_reuse,3334b00b20c960c38fcf4b5c326f0ba887d8d764585478e70050974ecaf35cf8
case_050,5,routes_gate_reuse,99382,3424394,149690,1.506208367712463,图表/runs/20260924-A-q1-event-ranking-full100/case_050_5cores_seed0_routes_gate_reuse,7a9f10e33946602bb13336d965737a28e3b65b1a8a43795388dc3dbaf8c15afc
case_051,1,fixed_single,607628,0,607628,1.0,图表/runs/20260924-A-q1-event-ranking-full100/single/case_051,9b019c810eecd6894016c2e3607fc409724c7501a9ff8544b50d8c816343c94e
case_051,2,routes_gate_reuse,429872,10225204,607628,1.4135091376037519,图表/runs/20260924-A-q1-event-ranking-full100/case_051_2cores_seed0_routes_gate_reuse,c5a24e4937b8ca558640de085f962c6bb71a89f73e547f8799f6349e25f3424a
case_051,3,routes_gate_reuse,352843,10225204,607628,1.7220916951732073,图表/runs/20260924-A-q1-event-ranking-full100/case_051_3cores_seed0_routes_gate_reuse,31ba8e211952e5d1d94d5cbf030382c73624f7fea12f4cf2e7095a2a2c6349e9
case_051,4,routes_gate_reuse,336378,10225204,607628,1.8063844841220293,图表/runs/20260924-A-q1-event-ranking-full100/case_051_4cores_seed0_routes_gate_reuse,5c0e987798a60d6ed021fe773ffd3ec07d13028a27785913ef2f3fa25fc70e18
case_051,5,routes_gate_reuse,328989,10225204,607628,1.8469553693284577,图表/runs/20260924-A-q1-event-ranking-full100/case_051_5cores_seed0_routes_gate_reuse,051f7367b0a8f0d41ab59901283e56871eb585463f5b9ab98c303890ada01b7e
case_052,1,fixed_single,180301,0,180301,1.0,图表/runs/20260924-A-q1-event-ranking-full100/single/case_052,7fda4960cc3fd5abbe687c162d6e512e0bd632badc8f181051a4af757cdad8d6
case_052,2,routes_gate_reuse,90903,102912,180301,1.9834438907406797,图表/runs/20260924-A-q1-event-ranking-full100/case_052_2cores_seed0_routes_gate_reuse,76c9bb0fd1e6a8251cf6839dc0fac6e479d1830bb5cec47069c6b1ebd4c5274f
case_052,3,routes_gate_reuse,60160,181248,180301,2.99702460106383,图表/runs/20260924-A-q1-event-ranking-full100/case_052_3cores_seed0_routes_gate_reuse,7977c583a62fe9258976250569c9cdfd35fbb61f6e5a8f5bc38e27b6fe1725c7
case_052,4,routes_gate_reuse,45777,254976,180301,3.9386809970072307,图表/runs/20260924-A-q1-event-ranking-full100/case_052_4cores_seed0_routes_gate_reuse,197db35521cb6ceefecc72bd8335d0c87637ab815d58cb989a4f3ce3216c518f
case_052,5,routes_gate_reuse,37846,333312,180301,4.76407017914707,图表/runs/20260924-A-q1-event-ranking-full100/case_052_5cores_seed0_routes_gate_reuse,89c6053a1991c28854677e35bb5bb9fc4c8b18737688bf4ef54d558b71bad812
case_053,1,fixed_single,1472686,5405536,1472686,1.0,图表/runs/20260924-A-q1-event-ranking-full100/single/case_053,885a4a49b33cb71be4039e39fb5bc564879add97a721e8f89ace6a9308cc3db1
case_053,2,routes_gate_reuse,774757,5959552,1472686,1.9008360040632095,图表/runs/20260924-A-q1-event-ranking-full100/case_053_2cores_seed0_routes_gate_reuse,e2cd63be2416c2f17cdf1a27af7b5979b8b7a09afa2d503335246a3c2b58e343
case_053,3,routes_gate_reuse,509253,6480220,1472686,2.89185532534909,图表/runs/20260924-A-q1-event-ranking-full100/case_053_3cores_seed0_routes_gate_reuse,7a3ac5c81e4a8e78ab860322654fc028f28561c951b2cc85e0ed0a77937b1296
case_053,4,routes_gate_reuse,491606,10892964,1472686,2.9956631936957643,图表/runs/20260924-A-q1-event-ranking-full100/case_053_4cores_seed0_routes_gate_reuse,5cc77e5e50e5cddb3b03fc558ddfd3a20341495a5f799211aceff3365ad316d0
case_053,5,routes_gate_reuse,474708,20272004,1472686,3.102298676238867,图表/runs/20260924-A-q1-event-ranking-full100/case_053_5cores_seed0_routes_gate_reuse,040ad28ae3759c598166da3c64c80077a617aac98c9c0ef181a4716f60a63053
case_054,1,fixed_single,815051,0,815051,1.0,图表/runs/20260924-A-q1-event-ranking-full100/single/case_054,c993cacdb1e9eac31c28436055e0ae6f4a56edbdbcb3d470730a40b42f964777
case_054,2,routes_gate_reuse,510200,6569360,815051,1.597512740101921,图表/runs/20260924-A-q1-event-ranking-full100/case_054_2cores_seed0_routes_gate_reuse,35f8f7a3518be33d54a5dd036babe8afcd7c347c9d6f22acae30c135335d1f2a
case_054,3,routes_gate_reuse,402111,6732340,815051,2.0269303749462213,图表/runs/20260924-A-q1-event-ranking-full100/case_054_3cores_seed0_routes_gate_reuse,78d7258d386b73cfb44017b933cd2e0df313bba4ff79635ef82c5db969b5b224
case_054,4,routes_gate_reuse,362394,11175330,815051,2.2490742120454534,图表/runs/20260924-A-q1-event-ranking-full100/case_054_4cores_seed0_routes_gate_reuse,9bbf3943c83fc433af411d3978bad5ecd91d19e56aa79607e10590a211a2c076
case_054,5,routes_gate_reuse,333071,11208098,815051,2.447078851055781,图表/runs/20260924-A-q1-event-ranking-full100/case_054_5cores_seed0_routes_gate_reuse,ee9b873d1b34af445d981d891e73ae3888605c0ae9207a17854b167c8c8cf38e
case_055,1,fixed_single,118835,69632,118835,1.0,图表/runs/20260924-A-q1-event-ranking-full100/single/case_055,78be126a7727cd377beb2ae587603a156da5d246a3fba41069b98a044e30e1e2
case_055,2,routes_gate_reuse,56902,176664,118835,2.0884151699413027,图表/runs/20260924-A-q1-event-ranking-full100/case_055_2cores_seed0_routes_gate_reuse,37aee8768a01e62c24232f232d5bfb4d7e102f51e26af46d79b2112b56c5fd87
case_055,3,routes_gate_reuse,38966,168968,118835,3.049710003592876,图表/runs/20260924-A-q1-event-ranking-full100/case_055_3cores_seed0_routes_gate_reuse,59427083b75bd042ce8c40fb8e62e7a39105a763ffdd3168f9e062665f1fd0a5
case_055,4,routes_gate_reuse,32118,173568,118835,3.699950183697615,图表/runs/20260924-A-q1-event-ranking-full100/case_055_4cores_seed0_routes_gate_reuse,7afac75ade53ee5d9cf568602575ac7acec0bb9b977faab4eda9455f1b2fe4e8
case_055,5,routes_gate_reuse,24831,280068,118835,4.785751681366034,图表/runs/20260924-A-q1-event-ranking-full100/case_055_5cores_seed0_routes_gate_reuse,aac2ac2aec69d04fd41aeb5a65214e4d159d2c828c1f5ef4021ec15659eb447a
case_056,1,fixed_single,277285,0,277285,1.0,图表/runs/20260924-A-q1-event-ranking-full100/single/case_056,efbb3fd5e0f676287c215cf8e7b743491e1e406da7790cb319c4bbbcaa17ad41
case_056,2,routes_gate_reuse,231882,4095676,277285,1.1958021752443053,图表/runs/20260924-A-q1-event-ranking-full100/case_056_2cores_seed0_routes_gate_reuse,7272e22a9f7aa009621d8ec59619944afd64390d6133765afd7cc2fe01248c10
case_056,3,routes_gate_reuse,199699,6006214,277285,1.3885147146455414,图表/runs/20260924-A-q1-event-ranking-full100/case_056_3cores_seed0_routes_gate_reuse,04f951ea94632bed0d230aa5ade6e39ee7aee9bf7d46b5a5194f89d4901c2e02
case_056,4,routes_gate_reuse,189615,6006214,277285,1.462357935817314,图表/runs/20260924-A-q1-event-ranking-full100/case_056_4cores_seed0_routes_gate_reuse,de27331f214afd296764be6da1f704cf1d8061f1d50b0d9351b83b8a67a180fb
case_056,5,routes_gate_reuse,186638,6006214,277285,1.4856835156827655,图表/runs/20260924-A-q1-event-ranking-full100/case_056_5cores_seed0_routes_gate_reuse,7de23593faee2a78811ab0172565096c958644d867ae24296c9cfdb6e0ebe140
case_057,1,fixed_single,59726,94216,59726,1.0,图表/runs/20260924-A-q1-event-ranking-full100/single/case_057,8cd55a7586e75fe48eee9a7a85f360ba65f56281b1c127e2bce51b124349434f
case_057,2,routes_gate_reuse,30047,182060,59726,1.9877525210503544,图表/runs/20260924-A-q1-event-ranking-full100/case_057_2cores_seed0_routes_gate_reuse,442692de534dbc7fc93595e4e0747c06123280bdc1ad3ef9a2a22c08f47e59fc
case_057,3,routes_gate_reuse,20691,18228,59726,2.8865690396790877,图表/runs/20260924-A-q1-event-ranking-full100/case_057_3cores_seed0_routes_gate_reuse,85d5a5ffd15b9b0b4aed246cd744ab98dfed453141c47a2400bc80f3ed823ca5
case_057,4,routes_gate_reuse,16471,32328,59726,3.626130775302046,图表/runs/20260924-A-q1-event-ranking-full100/case_057_4cores_seed0_routes_gate_reuse,a2a25882cc5685d80df3ab014725fcb3eeaba1798ad8f18494f05a734fb03d55
case_057,5,routes_gate_reuse,14319,189060,59726,4.1711013338920315,图表/runs/20260924-A-q1-event-ranking-full100/case_057_5cores_seed0_routes_gate_reuse,1b2fd83d1fc630269e3c23250a2c9e7ec8e423fc85f18a389765514a0ce236e2
case_058,1,fixed_single,4539717,28696576,4539717,1.0,图表/runs/20260924-A-q1-event-ranking-full100/single/case_058,791c39ecd8715cb780a872a113ea35cd2ceada9f4338a27505680fb177c7693e
case_058,2,routes_gate_reuse,2268326,33972224,4539717,2.0013512167122363,图表/runs/20260924-A-q1-event-ranking-full100/case_058_2cores_seed0_routes_gate_reuse,0b11d614b0176dc416788f4aaf99ad1c075276db4b76c4b4b912c29f029024df
case_058,3,routes_gate_reuse,1532367,31514624,4539717,2.962552051825705,图表/runs/20260924-A-q1-event-ranking-full100/case_058_3cores_seed0_routes_gate_reuse,839fa5534f5628e608cb151a3732313eef176f9513e5c0d52aeacaaab9787300
case_058,4,routes_gate_reuse,1152464,42893312,4539717,3.9391399644587595,图表/runs/20260924-A-q1-event-ranking-full100/case_058_4cores_seed0_routes_gate_reuse,74fe37230c9e6d5d0c18b6b563b8f284a1203215391a9111f653db30945b7c09
case_058,5,routes_gate_reuse,1002440,33316864,4539717,4.528667052392163,图表/runs/20260924-A-q1-event-ranking-full100/case_058_5cores_seed0_routes_gate_reuse,e5bac3198ecfe95a8a78235534bb438f59d780bf74dd584cc785a9dc31b5296d
case_059,1,fixed_single,829473,1691648,829473,1.0,图表/runs/20260924-A-q1-event-ranking-full100/single/case_059,4728d2fdb5998cd51bfb585cdc7991af70d877fae0d403928ccc19c7cb208644
case_059,2,routes_gate_reuse,369318,360448,829473,2.2459587672412393,图表/runs/20260924-A-q1-event-ranking-full100/case_059_2cores_seed0_routes_gate_reuse,59bff18c17d539a0c5836ca5433359c434786968cecaa1292b9ceef6512aa5bb
case_059,3,routes_gate_reuse,254823,4196352,829473,3.2550947128006498,图表/runs/20260924-A-q1-event-ranking-full100/case_059_3cores_seed0_routes_gate_reuse,c906fad29c97640b35643d3b420dec42f056151af25c713bd76efe61e25922a5
case_059,4,routes_gate_reuse,185216,1081344,829473,4.478408992743607,图表/runs/20260924-A-q1-event-ranking-full100/case_059_4cores_seed0_routes_gate_reuse,55c9357422f86a1c1452f768dad0af0af7405eeee015b02fb7e2300c44e52429
case_059,5,routes_gate_reuse,150782,4325376,829473,5.501140719714555,图表/runs/20260924-A-q1-event-ranking-full100/case_059_5cores_seed0_routes_gate_reuse,403b8d2211c968ba4d555b03693c8b50adbc9c4f53745e8119146162b7bcd8a2
case_060,1,fixed_single,888789,2068520,888789,1.0,图表/runs/20260924-A-q1-event-ranking-full100/single/case_060,2b8659939bbc42f68451b6b2d4d008edc2f3a3d92342140c4af688302171f13f
case_060,2,routes_gate_reuse,441525,2746508,888789,2.012998131476134,图表/runs/20260924-A-q1-event-ranking-full100/case_060_2cores_seed0_routes_gate_reuse,8125086c27b8120b1b74a49fdc765fc4e5b1e3101e99800957e81e3e1fb437fe
case_060,3,routes_gate_reuse,295983,3159296,888789,3.0028380008311286,图表/runs/20260924-A-q1-event-ranking-full100/case_060_3cores_seed0_routes_gate_reuse,c85d77786f4b1710202c7b5dc80dc5dc2ab14432b7dd70c5856aeb79e13af388
case_060,4,routes_gate_reuse,223107,3960200,888789,3.9836894404926784,图表/runs/20260924-A-q1-event-ranking-full100/case_060_4cores_seed0_routes_gate_reuse,5f99cbf37811bc8f6529d8322c31b1223df2cdfa1750247eb2d63a90bbbaaf3a
case_060,5,routes_gate_reuse,180081,3733888,888789,4.935495693604545,图表/runs/20260924-A-q1-event-ranking-full100/case_060_5cores_seed0_routes_gate_reuse,8ad097ad1b199d6f09206e5ae51d435283bda22ab54c003153b9209d3ff1fb64
case_061,1,fixed_single,77191,0,77191,1.0,图表/runs/20260924-A-q1-event-ranking-full100/single/case_061,8e8a774e3fe4bae3395979bc1025100f2543cb917ef51c2867ec2b1cce23a842
case_061,2,routes_gate_reuse,39298,34560,77191,1.9642475444042953,图表/runs/20260924-A-q1-event-ranking-full100/case_061_2cores_seed0_routes_gate_reuse,bf50f9cd852331279304aa33b71518408e12a82831dec4c09180660177a4efbf
case_061,3,routes_gate_reuse,28342,43008,77191,2.723555147837132,图表/runs/20260924-A-q1-event-ranking-full100/case_061_3cores_seed0_routes_gate_reuse,5b1e8c696b712422c0ff59fe511534902ff416640d81af9dfdb8b69e088011e6
case_061,4,routes_gate_reuse,24024,70656,77191,3.213078588078588,图表/runs/20260924-A-q1-event-ranking-full100/case_061_4cores_seed0_routes_gate_reuse,cacc150b2804ce51861a1464067ff202367629e4b6702ac944324d15c932a8b7
case_061,5,routes_gate_reuse,21941,323072,77191,3.5181167676951826,图表/runs/20260924-A-q1-event-ranking-full100/case_061_5cores_seed0_routes_gate_reuse,01284dab8c87df0f28182c39413444e45ca1049a6098f8605500693560352f11
case_062,1,fixed_single,2854809,0,2854809,1.0,图表/runs/20260924-A-q1-event-ranking-full100/single/case_062,634ab979d607c0b0520c28bf1950beef9205692fddcc923fa2f83eec694538ad
case_062,2,routes_gate_reuse,1463796,3431424,2854809,1.9502779075772854,图表/runs/20260924-A-q1-event-ranking-full100/case_062_2cores_seed0_routes_gate_reuse,c64ae8b23adf4841d88610d76e970a961b72f7a22a1aeb41df127fd12374d67d
case_062,3,routes_gate_reuse,982412,3469824,2854809,2.9059182909003556,图表/runs/20260924-A-q1-event-ranking-full100/case_062_3cores_seed0_routes_gate_reuse,b4d7d65cc216ce0e42fab1e8392fc02ea1e7d0df607798d7eee9c666b76077a4
case_062,4,routes_gate_reuse,744188,3511296,2854809,3.83613952388375,图表/runs/20260924-A-q1-event-ranking-full100/case_062_4cores_seed0_routes_gate_reuse,7e68d15b71fb63081cb41a2217856e7c5483c18df100c004074b783d2460a4d9
case_062,5,routes_gate_reuse,605685,3469824,2854809,4.71335595235147,图表/runs/20260924-A-q1-event-ranking-full100/case_062_5cores_seed0_routes_gate_reuse,42bd23e011a9dd4881a14f83a7d4d43e10f8bf74abd74c00f28d70f8e9d3bf52
case_063,1,fixed_single,1070397,0,1070397,1.0,图表/runs/20260924-A-q1-event-ranking-full100/single/case_063,fc840a005d6df954da75d5bdfb1c07659db3b99f00d31c604338153e70abd5a4
case_063,2,routes_gate_reuse,552512,1903104,1070397,1.9373280580331287,图表/runs/20260924-A-q1-event-ranking-full100/case_063_2cores_seed0_routes_gate_reuse,da6291aef42aed5e44b5fdfb4cc927d96f7411f1acf19b169c0701fe82d2b3d3
case_063,3,routes_gate_reuse,371366,1903104,1070397,2.882323637597411,图表/runs/20260924-A-q1-event-ranking-full100/case_063_3cores_seed0_routes_gate_reuse,98a1d2ee16df4f6195c2370c6158f26c2e6aeb6274f91b8e32c2a701ab6823a5
case_063,4,routes_gate_reuse,283231,1915392,1070397,3.7792367360917414,图表/runs/20260924-A-q1-event-ranking-full100/case_063_4cores_seed0_routes_gate_reuse,8c7e396f62bdbf386a31f37044bf6429d27f61013a2b4a16fc3f637805fbc1f6
case_063,5,routes_gate_reuse,229053,1920000,1070397,4.673141150738039,图表/runs/20260924-A-q1-event-ranking-full100/case_063_5cores_seed0_routes_gate_reuse,fcdf4ba748b93e3c6be8329d6dc0bb20e5b693b3ee051a7cf31afa213b1a44c4
case_064,1,fixed_single,19116,0,19116,1.0,图表/runs/20260924-A-q1-event-ranking-full100/single/case_064,c7ad9e1e8e24696251458365ef2e856ace1b2edf748ad28de0bfdd6b45365b56
case_064,2,routes_gate_reuse,19089,17994,19116,1.0014144271570014,图表/runs/20260924-A-q1-event-ranking-full100/case_064_2cores_seed0_routes_gate_reuse,561b3bd0a0ebb07a649fc9c30a5f8ed2ec64275c233948a9c9bfe6c0bf9c316c
case_064,3,routes_gate_reuse,19089,17994,19116,1.0014144271570014,图表/runs/20260924-A-q1-event-ranking-full100/case_064_3cores_seed0_routes_gate_reuse,d3ae0062da3c8048dff2fb57097e8a8afd7bbba7330d6ad1a0ff62a2a71ce228
case_064,4,routes_gate_reuse,19076,15692,19116,1.0020968756552737,图表/runs/20260924-A-q1-event-ranking-full100/case_064_4cores_seed0_routes_gate_reuse,b48a3d85cfb6b60129a6910320a36cbf0dd75488383ceff6da02e5d52589dd86
case_064,5,routes_gate_reuse,19083,7366,19116,1.0017292878478228,图表/runs/20260924-A-q1-event-ranking-full100/case_064_5cores_seed0_routes_gate_reuse,dc90d749e619f8d78b6b20df4c19af0bba2852abfa2f02443e8d4f9948e4b490
case_065,1,fixed_single,53068,0,53068,1.0,图表/runs/20260924-A-q1-event-ranking-full100/single/case_065,49154d0b71bf7e1455259f2f173d176f0835a0489f1c81db55556027590a0747
case_065,2,routes_gate_reuse,26410,13984,53068,2.0093903824308974,图表/runs/20260924-A-q1-event-ranking-full100/case_065_2cores_seed0_routes_gate_reuse,ee04268564dab201881fee2a18147f07f7398dcaf87a844e65382e759cfc80b6
case_065,3,routes_gate_reuse,17964,27936,53068,2.9541304831885995,图表/runs/20260924-A-q1-event-ranking-full100/case_065_3cores_seed0_routes_gate_reuse,80e4cb5b5031b1b03f02affd2222f65e362bad76b2e6b951ea1439c8cf4fe806
case_065,4,routes_gate_reuse,13800,41904,53068,3.8455072463768114,图表/runs/20260924-A-q1-event-ranking-full100/case_065_4cores_seed0_routes_gate_reuse,39a384f47a36843a0843b2c0fc3be2bdb767dc02a6460a8d5aefea4e89324132
case_065,5,routes_gate_reuse,10949,66132,53068,4.846835327427162,图表/runs/20260924-A-q1-event-ranking-full100/case_065_5cores_seed0_routes_gate_reuse,65ee06485e7c4f9ba65a943220f18feda78c2bbee67b49af6e8588abaae6d361
case_066,1,fixed_single,359070,0,359070,1.0,图表/runs/20260924-A-q1-event-ranking-full100/single/case_066,4cbccd25bd814551dc5e00d3996da6c79734b93349a628238694e8e21b401a2a
case_066,2,routes_gate_reuse,242005,4846614,359070,1.4837296750067148,图表/runs/20260924-A-q1-event-ranking-full100/case_066_2cores_seed0_routes_gate_reuse,e49e05158d857d1e92f2866b8eb7cfd9b984e8b101429ec137d454b01ad79fc8
case_066,3,routes_gate_reuse,176353,4877334,359070,2.03608671244606,图表/runs/20260924-A-q1-event-ranking-full100/case_066_3cores_seed0_routes_gate_reuse,2848c58fe6f2b8e6da1fb307f685589499e2416832a9a7ce1f8b0023e5f3bce2
case_066,4,routes_gate_reuse,162001,5725374,359070,2.216467799581484,图表/runs/20260924-A-q1-event-ranking-full100/case_066_4cores_seed0_routes_gate_reuse,ef4e59a501e57575021e18ddc69592cd3269d2af61eae9ff765e7235d089a0e5
case_066,5,routes_gate_reuse,140194,5725374,359070,2.5612365721785526,图表/runs/20260924-A-q1-event-ranking-full100/case_066_5cores_seed0_routes_gate_reuse,3831fff657cb154caeb88b73daa8f4478b525e35f02be45584332c030eca29d4
case_067,1,fixed_single,63834834,264449408,63834834,1.0,图表/runs/20260924-A-q1-event-ranking-full100/single/case_067,fa1b4e79cdc59071ba9014f2ee5d86e5c5ad4ae16dd1299efde83feb97381b9e
case_067,2,routes_gate_reuse,32203165,262601984,63834834,1.9822534213640182,图表/runs/20260924-A-q1-event-ranking-full100/case_067_2cores_seed0_routes_gate_reuse,249ac5cab13c54691dd40a0a29be63f8442204af504c6d1339105959ccf24219
case_067,3,routes_gate_reuse,21585693,247821184,63834834,2.957275172958311,图表/runs/20260924-A-q1-event-ranking-full100/case_067_3cores_seed0_routes_gate_reuse,d578734817815b488f793c1ba4f9ded9e0630281ce42d575d5321cb0338c923a
case_067,4,routes_gate_reuse,16358776,262601984,63834834,3.902176666518326,图表/runs/20260924-A-q1-event-ranking-full100/case_067_4cores_seed0_routes_gate_reuse,0183d388b27d55ec69e61433496c316edfdba242042efc09a6482377fdd12f49
case_067,5,routes_gate_reuse,13455316,262606080,63834834,4.744209203262116,图表/runs/20260924-A-q1-event-ranking-full100/case_067_5cores_seed0_routes_gate_reuse,f99e95af6fd313c1ddcf95f9b22fd1c03b86b8a6e877d3de49af54f9ea212b5b
case_068,1,fixed_single,362095,0,362095,1.0,图表/runs/20260924-A-q1-event-ranking-full100/single/case_068,501761a665f4687ec85cf91ab94d740e0ca03ff28fe0e41910d919aa4a95e540
case_068,2,routes_gate_reuse,243395,4401532,362095,1.48768462786828,图表/runs/20260924-A-q1-event-ranking-full100/case_068_2cores_seed0_routes_gate_reuse,56b8b41cdb5d9fe8c463f43421a6806140c02a1d5d646d3588e8d94decafd344
case_068,3,routes_gate_reuse,224168,4401532,362095,1.6152840726597908,图表/runs/20260924-A-q1-event-ranking-full100/case_068_3cores_seed0_routes_gate_reuse,c95b127487e5e4c87db0423df4754fa67137bc3b381e4e41c011947a287230ab
case_068,4,routes_gate_reuse,225518,4426108,362095,1.6056146294309102,图表/runs/20260924-A-q1-event-ranking-full100/case_068_4cores_seed0_routes_gate_reuse,81891ed0f22dcc15520b7ad7ea178864cc72c57925f926adacc1972f4e9a5c1d
case_068,5,routes_gate_reuse,226325,4426684,362095,1.5998895393792114,图表/runs/20260924-A-q1-event-ranking-full100/case_068_5cores_seed0_routes_gate_reuse,d8f88aaf5eb65e777c4d76b5e5f4c7ad862a6c1e03f8be1108651b347df26bb0
case_069,1,fixed_single,25144,0,25144,1.0,图表/runs/20260924-A-q1-event-ranking-full100/single/case_069,1b8ecf837a07f69703d44cfc8c7a48479c7da232f995be4f56e6f7d98cfbb7a4
case_069,2,routes_gate_reuse,21862,514378,25144,1.1501235019668832,图表/runs/20260924-A-q1-event-ranking-full100/case_069_2cores_seed0_routes_gate_reuse,a32bb7a8b05b179ece46affa4cc97c7a40fd0d5ae7aa7cbf1a091cd9dab8c7f8
case_069,3,routes_gate_reuse,21862,514378,25144,1.1501235019668832,图表/runs/20260924-A-q1-event-ranking-full100/case_069_3cores_seed0_routes_gate_reuse,f9a72a35f86b86bda7a99936d05290dbe9c0584618b62d355349dbfc8e7261bf
case_069,4,routes_gate_reuse,21862,514378,25144,1.1501235019668832,图表/runs/20260924-A-q1-event-ranking-full100/case_069_4cores_seed0_routes_gate_reuse,fb0e16b1e4dbf42fd151a81ee6b026bcc591c9f2435582bb9f7312b88bb28a1e
case_069,5,routes_gate_reuse,24830,71044,25144,1.0126459927507048,图表/runs/20260924-A-q1-event-ranking-full100/case_069_5cores_seed0_routes_gate_reuse,bcace1b208c31797eec36e6e99ba206c5ab9209822ce0d442251ffdddeab87c6
case_070,1,fixed_single,117300,0,117300,1.0,图表/runs/20260924-A-q1-event-ranking-full100/single/case_070,9761943485e41868e05f8701466f9d0b0c9e3bb664b335306e00d3e4cd7d1ced
case_070,2,routes_gate_reuse,58498,129536,117300,2.005196758863551,图表/runs/20260924-A-q1-event-ranking-full100/case_070_2cores_seed0_routes_gate_reuse,94fbc9e857efe16185f813ff60e3c06ec80f494ca72a31212ef51b4bd7e6279a
case_070,3,routes_gate_reuse,39333,259072,117300,2.9822286629547707,图表/runs/20260924-A-q1-event-ranking-full100/case_070_3cores_seed0_routes_gate_reuse,fdf9297b06429996f6e6a221badefab3aca03cd8d9f6edcd105aead498a9275e
case_070,4,routes_gate_reuse,30080,333312,117300,3.8996010638297873,图表/runs/20260924-A-q1-event-ranking-full100/case_070_4cores_seed0_routes_gate_reuse,6b8e74c5c7bba5fcdd4ad78f00480a322ac91ab908007666168a6773be4c2e44
case_070,5,routes_gate_reuse,25374,449024,117300,4.622842279498699,图表/runs/20260924-A-q1-event-ranking-full100/case_070_5cores_seed0_routes_gate_reuse,4e18e42467b694aced36a5950c58325a4e1b1ced9490a7bac18230fb89acdcf3
case_071,1,fixed_single,18919,0,18919,1.0,图表/runs/20260924-A-q1-event-ranking-full100/single/case_071,4bfd5b98eaa48fe1d4b3c03c51b9cd3726126c6bff442374a55de32d006fcd00
case_071,2,routes_gate_reuse,18901,93316,18919,1.0009523305645205,图表/runs/20260924-A-q1-event-ranking-full100/case_071_2cores_seed0_routes_gate_reuse,6200297a11101ddf145ddc103b26545751c2d11a3c0a520883460a0d92b89cc6
case_071,3,routes_gate_reuse,18757,57220,18919,1.0086367756037746,图表/runs/20260924-A-q1-event-ranking-full100/case_071_3cores_seed0_routes_gate_reuse,c3b45eabf4689ce2dcd51a4bcbe4a65290dce5df39d3ee5714e89dc729c210bb
case_071,4,routes_gate_reuse,18449,155940,18919,1.0254756355358015,图表/runs/20260924-A-q1-event-ranking-full100/case_071_4cores_seed0_routes_gate_reuse,09c087200e0b6a9822c03d36c5ec1db19b2e2bee7312a9beb568902ac14711a6
case_071,5,routes_gate_reuse,18757,57220,18919,1.0086367756037746,图表/runs/20260924-A-q1-event-ranking-full100/case_071_5cores_seed0_routes_gate_reuse,d87a5a93ab1a5d104ab669a1298297e6bef05ee1b9242f6f570bc3abf48e4e26
case_072,1,fixed_single,23897828,108613680,23897828,1.0,图表/runs/20260924-A-q1-event-ranking-full100/single/case_072,bcacfdde52076d1ba059eb145a5d3d7de0f6e03cb5db06ac3ffb66416de8d3d0
case_072,2,routes_gate_reuse,11841342,110234400,23897828,2.01816888660086,图表/runs/20260924-A-q1-event-ranking-full100/case_072_2cores_seed0_routes_gate_reuse,18616705107f73517da0c7e607a797670f65a8dd31c6ce39209e8497705efa54
case_072,3,routes_gate_reuse,7929522,115280672,23897828,3.013779140785535,图表/runs/20260924-A-q1-event-ranking-full100/case_072_3cores_seed0_routes_gate_reuse,7d44954022f27b46831a41ea3b6fc3de254322bd210bacadcee553828daed93e
case_072,4,routes_gate_reuse,5990048,120472240,23897828,3.989588731175443,图表/runs/20260924-A-q1-event-ranking-full100/case_072_4cores_seed0_routes_gate_reuse,16ca61552f8b4d4f31930fed12df111bd08f673068ce08ab5d4dce8d2b935d8e
case_072,5,routes_gate_reuse,4830220,127451824,23897828,4.9475651212574165,图表/runs/20260924-A-q1-event-ranking-full100/case_072_5cores_seed0_routes_gate_reuse,3c4639e77de4b2c8cece9c1b0778dd218f210add7af51e23e23fa44bc4254bab
case_073,1,fixed_single,10081626,141570432,10081626,1.0,图表/runs/20260924-A-q1-event-ranking-full100/single/case_073,17e2af10e916d7aaa66ce344a2d69c5f5e975401f1109f4137c6de20a665be18
case_073,2,routes_gate_reuse,5168597,124388224,10081626,1.9505536995823045,图表/runs/20260924-A-q1-event-ranking-full100/case_073_2cores_seed0_routes_gate_reuse,d2de25b4967e34e19c8d6f18b89dacb4f00cdc29617d3c102b1e836f6b53e38e
case_073,3,routes_gate_reuse,3836078,131784832,10081626,2.6281076662153375,图表/runs/20260924-A-q1-event-ranking-full100/case_073_3cores_seed0_routes_gate_reuse,6120d15b1bb36d4bd53bd6cf1efa340e6f032ccab36e6140a941a4892a813210
case_073,4,routes_gate_reuse,3249411,131636352,10081626,3.1026010560067654,图表/runs/20260924-A-q1-event-ranking-full100/case_073_4cores_seed0_routes_gate_reuse,a0f3ecaaa24d11310324933292ef609f2884422a4e4ed625d29b217fe66d008a
case_073,5,routes_gate_reuse,3017992,124387200,10081626,3.340507860855827,图表/runs/20260924-A-q1-event-ranking-full100/case_073_5cores_seed0_routes_gate_reuse,aee348cd3c616c0f1f740298cf43ebdce245a8f46bc8596d7c51b43756a03165
case_074,1,fixed_single,1682239,6070280,1682239,1.0,图表/runs/20260924-A-q1-event-ranking-full100/single/case_074,f4c6f70d93d8684840dbccef7041f6c7661484821d0c62ce487aaf110a99ed81
case_074,2,routes_gate_reuse,831774,6869040,1682239,2.022471248199631,图表/runs/20260924-A-q1-event-ranking-full100/case_074_2cores_seed0_routes_gate_reuse,5b97470c6d8bfc392c6201425f06b567b6459290a63e409c94aacf0ab5b1727c
case_074,3,routes_gate_reuse,551928,7438392,1682239,3.0479319766346333,图表/runs/20260924-A-q1-event-ranking-full100/case_074_3cores_seed0_routes_gate_reuse,07615a79672e123bbcbbc054f713eafad425d2e52ef225b25dcbaba0158387a6
case_074,4,routes_gate_reuse,414717,8323084,1682239,4.056354092067603,图表/runs/20260924-A-q1-event-ranking-full100/case_074_4cores_seed0_routes_gate_reuse,87f07316dbbb760ce1204b6efe02cc7b1d317b7fe7df66e15e948daf451e7444
case_074,5,routes_gate_reuse,335011,8036364,1682239,5.021444071985696,图表/runs/20260924-A-q1-event-ranking-full100/case_074_5cores_seed0_routes_gate_reuse,dfca0422416fcc9d943e9c8fac856dfc8ccd5391afef31f551a4659d3db1b7a0
case_075,1,fixed_single,1441809,0,1441809,1.0,图表/runs/20260924-A-q1-event-ranking-full100/single/case_075,3987c2eb73dca8ff599dc62483478549100cbdc9e8d7fdb824c01044c1a3c054
case_075,2,routes_gate_reuse,1008737,12444746,1441809,1.429321022228787,图表/runs/20260924-A-q1-event-ranking-full100/case_075_2cores_seed0_routes_gate_reuse,427474c22940f12f17958df434aedeb578de1c53a9a3052ac7c62ff9173cd0f9
case_075,3,routes_gate_reuse,778382,12461130,1441809,1.8523154440878644,图表/runs/20260924-A-q1-event-ranking-full100/case_075_3cores_seed0_routes_gate_reuse,eadef0416054cf617a389e75772be4be51541a17940a67238c8321dda325a359
case_075,4,routes_gate_reuse,698816,12461130,1441809,2.0632169269163843,图表/runs/20260924-A-q1-event-ranking-full100/case_075_4cores_seed0_routes_gate_reuse,2055e56de33f93406b68ece7906511cd91007c5b5c591c5efba3f34c1de5985c
case_075,5,routes_gate_reuse,709725,12444746,1441809,2.0315037514530276,图表/runs/20260924-A-q1-event-ranking-full100/case_075_5cores_seed0_routes_gate_reuse,c0ceb3df52aabcec03567e0c35b6c594a4eea7e8285a554d778772b92628c25b
case_076,1,fixed_single,6185113,28280832,6185113,1.0,图表/runs/20260924-A-q1-event-ranking-full100/single/case_076,d311401892c5a5615c493137cd47bebffcf5a9f8b423ebc25f36c2cb4c3a9f63
case_076,2,routes_gate_reuse,3065214,31095808,6185113,2.017840516192344,图表/runs/20260924-A-q1-event-ranking-full100/case_076_2cores_seed0_routes_gate_reuse,b63c82de90bed397b0506cc64c26f01d38ece04c80aa8f237e881d69efe1e738
case_076,3,routes_gate_reuse,2050028,34332672,6185113,3.017087083688613,图表/runs/20260924-A-q1-event-ranking-full100/case_076_3cores_seed0_routes_gate_reuse,08a9f6d08d7d40fc2377bc0be30d8c6e7f57b5f110d8bf49a685c57c045bfa26
case_076,4,routes_gate_reuse,1540201,37442560,6185113,4.015783004945458,图表/runs/20260924-A-q1-event-ranking-full100/case_076_4cores_seed0_routes_gate_reuse,45f25ce96f3baceba4efa18e25fee7d6c62678729e12c0e53ecaeb982481b9ce
case_076,5,routes_gate_reuse,1236760,38841548,6185113,5.001061644943238,图表/runs/20260924-A-q1-event-ranking-full100/case_076_5cores_seed0_routes_gate_reuse,dac2d5365b3de4c55076bd72feeeb0f270baf65f32f0024818fb46197bc862e2
case_077,1,fixed_single,495320,0,495320,1.0,图表/runs/20260924-A-q1-event-ranking-full100/single/case_077,837cb0e2cf06f9873a35453f2b84b583475486f28dc82025e08f7d0be68ffe06
case_077,2,routes_gate_reuse,248734,57344,495320,1.9913642686564763,图表/runs/20260924-A-q1-event-ranking-full100/case_077_2cores_seed0_routes_gate_reuse,25a6fdafe17b5729d1acf0a86ba39b4195ccda9a920e17f4ddedcfb280d6f723
case_077,3,routes_gate_reuse,168976,114688,495320,2.9313038538017233,图表/runs/20260924-A-q1-event-ranking-full100/case_077_3cores_seed0_routes_gate_reuse,2d2ed7feaaaf9df450c8dc99f6a51166854c46ae323742b1540affe070ebbbbc
case_077,4,routes_gate_reuse,127832,114688,495320,3.8747731397459164,图表/runs/20260924-A-q1-event-ranking-full100/case_077_4cores_seed0_routes_gate_reuse,b8f881fcf6ce5191a60f504aa788cb1418a9363510be93d1e6c221e39977c6f4
case_077,5,routes_gate_reuse,115141,225046,495320,4.301855985270234,图表/runs/20260924-A-q1-event-ranking-full100/case_077_5cores_seed0_routes_gate_reuse,1ce1fbe7231420933d69ab929ed48aced1a2d34b75e22acb5d35752201a7dd30
case_078,1,fixed_single,2296143,12644568,2296143,1.0,图表/runs/20260924-A-q1-event-ranking-full100/single/case_078,e0fb182d2999267bdc3a46eefd4d74c9d9f3fbbc6aab4df5f84d3f8e16d73c77
case_078,2,routes_gate_reuse,1179848,11466240,2296143,1.946134586828134,图表/runs/20260924-A-q1-event-ranking-full100/case_078_2cores_seed0_routes_gate_reuse,71e16104b43a3c112df8d57897f08fa3bae2a97d6eed76b35ddbce684d9fbdcd
case_078,3,routes_gate_reuse,840459,12294144,2296143,2.732010722712232,图表/runs/20260924-A-q1-event-ranking-full100/case_078_3cores_seed0_routes_gate_reuse,41de8da00a6e78d36781c7d1af95d5082aa4c82d46650e568ecb1292cac0148e
case_078,4,routes_gate_reuse,621588,14093136,2296143,3.693995057819649,图表/runs/20260924-A-q1-event-ranking-full100/case_078_4cores_seed0_routes_gate_reuse,b4a10c48ef9077ae1dde7b33aeec8876e0c6320ae334f3e2bb9580607636d63c
case_078,5,routes_gate_reuse,635493,14093136,2296143,3.613168044337231,图表/runs/20260924-A-q1-event-ranking-full100/case_078_5cores_seed0_routes_gate_reuse,b9d766a605ed5f971c5f3eb2e362fe8a6c75c94dd9ba68ddcc85dbad1139ca01
case_079,1,fixed_single,31052251,32448512,31052251,1.0,图表/runs/20260924-A-q1-event-ranking-full100/single/case_079,af7fbcbf85b3a73292a91204bf7169b6989990851bd538ecb0b9a9534e4e7c97
case_079,2,routes_gate_reuse,14956594,242368512,31052251,2.0761579140277524,图表/runs/20260924-A-q1-event-ranking-full100/case_079_2cores_seed0_routes_gate_reuse,6556713c6e3483543d5adb6a2848984fd0f27c18c20c7bbba4490a015429f6f2
case_079,3,routes_gate_reuse,10106197,40280064,31052251,3.072595062217766,图表/runs/20260924-A-q1-event-ranking-full100/case_079_3cores_seed0_routes_gate_reuse,1c8b74103b0aec55e2f611084c6512300d57f9130916e1affa4e1ae0135a909b
case_079,4,routes_gate_reuse,7609995,31555584,31052251,4.080456163243208,图表/runs/20260924-A-q1-event-ranking-full100/case_079_4cores_seed0_routes_gate_reuse,61f49901fa39ba1390e9dfc8493b7fd53d7fcf0ddaf1c9aee1b2964198b1d16a
case_079,5,routes_gate_reuse,6022007,50976768,31052251,5.15646212300982,图表/runs/20260924-A-q1-event-ranking-full100/case_079_5cores_seed0_routes_gate_reuse,981ddf04aca8c878e928e363da7b864dde2302353c51069733b083c955eaaa90
case_080,1,fixed_single,292138,548864,292138,1.0,图表/runs/20260924-A-q1-event-ranking-full100/single/case_080,8cb352a2d50f2c82b2bffad9b6cf5055ffe238e26e574cce083722f318495964
case_080,2,routes_gate_reuse,145757,2707456,292138,2.0042810979918633,图表/runs/20260924-A-q1-event-ranking-full100/case_080_2cores_seed0_routes_gate_reuse,c0d61a3fb749225214555b281a2586c0190e98ecb3a99c83882b943adb0ba97b
case_080,3,routes_gate_reuse,100325,3047424,292138,2.9119162721156244,图表/runs/20260924-A-q1-event-ranking-full100/case_080_3cores_seed0_routes_gate_reuse,28ca3b1fd52c00578712b60fed1ed35903299937ca91087586fdd7afa6b2a96f
case_080,4,routes_gate_reuse,111314,4190208,292138,2.6244497547478303,图表/runs/20260924-A-q1-event-ranking-full100/case_080_4cores_seed0_routes_gate_reuse,28cd1ecb0e48500e650608d50cf42e9e9ce3de3c3ca386ec42c3cdebf0ff92ed
case_080,5,routes_gate_reuse,113455,4571136,292138,2.574923978669957,图表/runs/20260924-A-q1-event-ranking-full100/case_080_5cores_seed0_routes_gate_reuse,63b6ed2581a677054ec5daa40d4fef7ab3d01fc70314c39cf838297db1188c4a
case_081,1,fixed_single,151795,0,151795,1.0,图表/runs/20260924-A-q1-event-ranking-full100/single/case_081,8793b9cf39e59f2acdabd4ea54231bccb664e7959ab834cc39618b51e5b40d45
case_081,2,routes_gate_reuse,76860,0,151795,1.9749544626593807,图表/runs/20260924-A-q1-event-ranking-full100/case_081_2cores_seed0_routes_gate_reuse,96fe0af2d457ba57afdf66c0445d0df60635c59feca7ab2ee8277d170cf37e60
case_081,3,routes_gate_reuse,51943,0,151795,2.9223379473653814,图表/runs/20260924-A-q1-event-ranking-full100/case_081_3cores_seed0_routes_gate_reuse,29d5e33692bfedcadacd040ff8edec2b0642ea465cb8a3010a800f94f79c756f
case_081,4,routes_gate_reuse,39588,0,151795,3.834369000707285,图表/runs/20260924-A-q1-event-ranking-full100/case_081_4cores_seed0_routes_gate_reuse,7bf8af6ccf672132b31bbb4fae215a619461dc6b3acc8670d2b17af7ca8da0ea
case_081,5,routes_gate_reuse,30943,0,151795,4.905632937982743,图表/runs/20260924-A-q1-event-ranking-full100/case_081_5cores_seed0_routes_gate_reuse,8bb543614ec2d48c0cf99171143fcb4b00e24e8effd4e6db08309cd56f986977
case_082,1,fixed_single,721041,0,721041,1.0,图表/runs/20260924-A-q1-event-ranking-full100/single/case_082,ceb8ab2b8fd9c48371b159fcf7e0923abbad901c14495955b5c27f16c5deda97
case_082,2,routes_gate_reuse,497483,5740350,721041,1.4493781697063015,图表/runs/20260924-A-q1-event-ranking-full100/case_082_2cores_seed0_routes_gate_reuse,02477cab02af0aac779ccb572e498d3fbc7f34fa85a9c71af959da3599bd8f7b
case_082,3,routes_gate_reuse,378014,7216752,721041,1.9074452268963584,图表/runs/20260924-A-q1-event-ranking-full100/case_082_3cores_seed0_routes_gate_reuse,2af52827f42850dfec9dc897c69a2ea81400aa99c802dc52f8ac7ff3f07315a4
case_082,4,routes_gate_reuse,328283,5723710,721041,2.196400666498113,图表/runs/20260924-A-q1-event-ranking-full100/case_082_4cores_seed0_routes_gate_reuse,91c475d9433ea9ae8312fd49d0c8fac377c5000ba974df19b8d356f2031fbc7b
case_082,5,routes_gate_reuse,312290,5703230,721041,2.3088827692209164,图表/runs/20260924-A-q1-event-ranking-full100/case_082_5cores_seed0_routes_gate_reuse,bae1d646bbf3738df92d8307a9c7ffa0744a480ce22600fb22270580291a8178
case_083,1,fixed_single,1057993,13934688,1057993,1.0,图表/runs/20260924-A-q1-event-ranking-full100/single/case_083,5aaa6d0bd17d8a62f81a1d3936d07965097806a70933ef55a0f4ae8aac13eb5c
case_083,2,routes_gate_reuse,543456,25772480,1057993,1.9467868603898015,图表/runs/20260924-A-q1-event-ranking-full100/case_083_2cores_seed0_routes_gate_reuse,c7c976994daf1bdd484a6b7f96653e3e1d373509a4a6f26eb1d12ec4703d9924
case_083,3,routes_gate_reuse,436908,19450976,1057993,2.421546412517052,图表/runs/20260924-A-q1-event-ranking-full100/case_083_3cores_seed0_routes_gate_reuse,73868c92ee2096d951fa928cca82b29e9d565c67ca56901e5f8f6b767c8633c1
case_083,4,routes_gate_reuse,417384,19407232,1057993,2.534819255170299,图表/runs/20260924-A-q1-event-ranking-full100/case_083_4cores_seed0_routes_gate_reuse,af989c990c8d58173379808b5419cdf912615ccef42f348cd26a874e6f3a4931
case_083,5,routes_gate_reuse,391729,19753696,1057993,2.700828889359736,图表/runs/20260924-A-q1-event-ranking-full100/case_083_5cores_seed0_routes_gate_reuse,90da7dca9ef80359445ae5e38729df63483a49b9fcdfd8a87dc66a50dfcef0c0
case_084,1,fixed_single,2507412,0,2507412,1.0,图表/runs/20260924-A-q1-event-ranking-full100/single/case_084,fc78a1e272ae5424792f87444054ab95731418e5190af6cceb87fe4b1afa70f8
case_084,2,routes_gate_reuse,1254320,27648,2507412,1.9990209834810893,图表/runs/20260924-A-q1-event-ranking-full100/case_084_2cores_seed0_routes_gate_reuse,a12833ed843c9fc207212e51956f1a9bb5edf46ee32390992ede13d975a34d2b
case_084,3,routes_gate_reuse,836116,18432,2507412,2.9988805381071524,图表/runs/20260924-A-q1-event-ranking-full100/case_084_3cores_seed0_routes_gate_reuse,3b678aa43e056783ab3bc8251bb6a44a492879ddfe1e49a3bd41be0146221abd
case_084,4,routes_gate_reuse,629028,0,2507412,3.986169137144928,图表/runs/20260924-A-q1-event-ranking-full100/case_084_4cores_seed0_routes_gate_reuse,5e25d474893ed2363c27edde506c227aab24f67f6c07a4d5ed7df6cfb5678d13
case_084,5,routes_gate_reuse,503472,0,2507412,4.98024120507198,图表/runs/20260924-A-q1-event-ranking-full100/case_084_5cores_seed0_routes_gate_reuse,19b576fb55bb5ce7fc979e7cdab401e70cc872b864fd9bc2ddb91bd83f3b58f5
case_085,1,fixed_single,3187899,0,3187899,1.0,图表/runs/20260924-A-q1-event-ranking-full100/single/case_085,728d06e661d90e0b804f43caeee141dd7e06c33d01fc21f4acd3d1231c8deec7
case_085,2,routes_gate_reuse,2334501,34301210,3187899,1.3655590637999298,图表/runs/20260924-A-q1-event-ranking-full100/case_085_2cores_seed0_routes_gate_reuse,e54ebc245b529b46cdb6338fa68d72154d2aa0a5f8538cf642f48084ebe469a5
case_085,3,routes_gate_reuse,1626396,34301210,3187899,1.960100123217224,图表/runs/20260924-A-q1-event-ranking-full100/case_085_3cores_seed0_routes_gate_reuse,a464352c0ef7457f5a0e7ff93360f4fcfec5e1279bed92353dd5575a685d3785
case_085,4,routes_gate_reuse,1324330,34301210,3187899,2.407178724336079,图表/runs/20260924-A-q1-event-ranking-full100/case_085_4cores_seed0_routes_gate_reuse,bb122eeff4569021aa2fe00a1ff5b9edc4b9fe1bb404eb0e359c90bc020b888e
case_085,5,routes_gate_reuse,1169044,34301210,3187899,2.72692815668187,图表/runs/20260924-A-q1-event-ranking-full100/case_085_5cores_seed0_routes_gate_reuse,5af37f143b7a85999c923f0fb5c4a584aeb274ab5d290b8231ca429713547c1f
case_086,1,fixed_single,118403,0,118403,1.0,图表/runs/20260924-A-q1-event-ranking-full100/single/case_086,5e0ddb2cddde515bd131cd09fa689b92a9c3c7467fe2ec664ff5d21fcbde926c
case_086,2,routes_gate_reuse,102016,2674522,118403,1.1606316656210791,图表/runs/20260924-A-q1-event-ranking-full100/case_086_2cores_seed0_routes_gate_reuse,1d93b0080c4dd4362dd18fd65f6b2460f7cb4b0b9602454937d0b316e48452e8
case_086,3,routes_gate_reuse,97297,3334272,118403,1.2169234405994018,图表/runs/20260924-A-q1-event-ranking-full100/case_086_3cores_seed0_routes_gate_reuse,4ba9b36523b96ff9e2ccc0ed26f7f405e1eaa6a006c2c54c0bfbfe9cc0dbe4bf
case_086,4,routes_gate_reuse,98592,3359618,118403,1.2009392242778318,图表/runs/20260924-A-q1-event-ranking-full100/case_086_4cores_seed0_routes_gate_reuse,1464e5c62c19395816d1ee3f63c7e3158eea17182e21a7d75132b98d9e6dbbce
case_086,5,routes_gate_reuse,99507,3359618,118403,1.1898961882078647,图表/runs/20260924-A-q1-event-ranking-full100/case_086_5cores_seed0_routes_gate_reuse,59df2daa76e73f8615ec633143f983355924ebc5da9fa579d577e2ca58ad2db3
case_087,1,fixed_single,3974071,7902720,3974071,1.0,图表/runs/20260924-A-q1-event-ranking-full100/single/case_087,da6a370449df2fcb046ed9854b46447919621dc2594abdf0ad49bf1808910842
case_087,2,routes_gate_reuse,1987606,10142208,3974071,1.999425942566082,图表/runs/20260924-A-q1-event-ranking-full100/case_087_2cores_seed0_routes_gate_reuse,23882e91bed77af92e0c5d39885a049f2db5b097ec26e0240cacb196b7e9e689
case_087,3,routes_gate_reuse,1374901,11036160,3974071,2.890441566338231,图表/runs/20260924-A-q1-event-ranking-full100/case_087_3cores_seed0_routes_gate_reuse,38e29b408a2053b2f067b1c43d4960915879d0e4f4add69fe78034ed34a5a811
case_087,4,routes_gate_reuse,1046846,12607488,3974071,3.796232683699417,图表/runs/20260924-A-q1-event-ranking-full100/case_087_4cores_seed0_routes_gate_reuse,41df5110b9b33dbee472b5d5c9a093d84cfe8330bad7c5b4085d134eba5e183c
case_087,5,routes_gate_reuse,833349,12487680,3974071,4.768795546643723,图表/runs/20260924-A-q1-event-ranking-full100/case_087_5cores_seed0_routes_gate_reuse,aaf83a0147d437daa05876e7b790cbc3eccc86142ce168e8bdd3167e1683f9b5
case_088,1,fixed_single,243623,0,243623,1.0,图表/runs/20260924-A-q1-event-ranking-full100/single/case_088,20bd998574e99791d827bd69c1b89cb2a904be65cec41e3022f40617914b5b3e
case_088,2,routes_gate_reuse,163881,2935364,243623,1.4865847779791435,图表/runs/20260924-A-q1-event-ranking-full100/case_088_2cores_seed0_routes_gate_reuse,4d5be86c6e9707042e95607ab010ffc99f73e78541df9b3d0875d895405016a3
case_088,3,routes_gate_reuse,153688,2932484,243623,1.585179064077872,图表/runs/20260924-A-q1-event-ranking-full100/case_088_3cores_seed0_routes_gate_reuse,802914de42c765394cb73becfb8a8e2413455dbfbf0c79bfef6a06dc6b504682
case_088,4,routes_gate_reuse,153194,2957060,243623,1.5902907424572763,图表/runs/20260924-A-q1-event-ranking-full100/case_088_4cores_seed0_routes_gate_reuse,86725e20e63202867941fac032984e4f20afb5c3a658184695c56ffee3364db3
case_088,5,routes_gate_reuse,151301,2932484,243623,1.6101876392092584,图表/runs/20260924-A-q1-event-ranking-full100/case_088_5cores_seed0_routes_gate_reuse,b6183c19172f1573642bf91627a614b2d00eab8fb253fa8a00268dec64a749b6
case_089,1,fixed_single,693092,0,693092,1.0,图表/runs/20260924-A-q1-event-ranking-full100/single/case_089,32c7b38806f78728e652796c57732d9196b4fe7839e2e34ddd2ff5d96e3d6255
case_089,2,routes_gate_reuse,346832,238720,693092,1.998350786547954,图表/runs/20260924-A-q1-event-ranking-full100/case_089_2cores_seed0_routes_gate_reuse,7076a46237e7f53ee67cb9b9f4bb63a723dcd85edfbc3a140e38936e29bb1ed3
case_089,3,routes_gate_reuse,243614,477440,693092,2.8450417463692563,图表/runs/20260924-A-q1-event-ranking-full100/case_089_3cores_seed0_routes_gate_reuse,1956c897a904d00aee22c019588c8e2f9a690779292204a46b5b3dd86ef4052f
case_089,4,routes_gate_reuse,178160,716160,693092,3.8902784014369107,图表/runs/20260924-A-q1-event-ranking-full100/case_089_4cores_seed0_routes_gate_reuse,97da8322f752295bfeb4e9583400ed2a31b58fa805362196a1c3c969d3961e3c
case_089,5,routes_gate_reuse,147432,954880,693092,4.701096098540344,图表/runs/20260924-A-q1-event-ranking-full100/case_089_5cores_seed0_routes_gate_reuse,3796e964ff5e437d482d66c505cf09a7aed314f50daebeff84c18d6748a07ad3
case_090,1,fixed_single,1178363,21233592,1178363,1.0,图表/runs/20260924-A-q1-event-ranking-full100/single/case_090,be768433f69fc63ba61a18ac706f97003ba2f7c315de7704a601fd11a3bc391c
case_090,2,routes_gate_reuse,625263,18405960,1178363,1.884587765468291,图表/runs/20260924-A-q1-event-ranking-full100/case_090_2cores_seed0_routes_gate_reuse,3cb13a3a93e36a3136a185775ab2e1bf3c5b5b924c2870841b9ede855f0f15e5
case_090,3,routes_gate_reuse,550183,25354368,1178363,2.1417655580052455,图表/runs/20260924-A-q1-event-ranking-full100/case_090_3cores_seed0_routes_gate_reuse,a763901c40c8bcbe8241618f285c967487892976951707ac3be2f1ec9d6f440b
case_090,4,routes_gate_reuse,527825,19402440,1178363,2.232488040543741,图表/runs/20260924-A-q1-event-ranking-full100/case_090_4cores_seed0_routes_gate_reuse,6722bddb87a2203e7be485568ca1c71f274ffe8b3bd807c43f7889c3a13e2149
case_090,5,routes_gate_reuse,509204,19405512,1178363,2.3141275402392756,图表/runs/20260924-A-q1-event-ranking-full100/case_090_5cores_seed0_routes_gate_reuse,71333289ae92779fed08ac271ff692bfb0f33ac9833aff43384df72b5b47c7cf
case_091,1,fixed_single,9186769,53947008,9186769,1.0,图表/runs/20260924-A-q1-event-ranking-full100/single/case_091,f0a8fa2124ac0ff68ad2c3c6b81e817ee4ea5f9decba31f1ff7d99f93dfba973
case_091,2,routes_gate_reuse,4571759,57904096,9186769,2.0094604724352267,图表/runs/20260924-A-q1-event-ranking-full100/case_091_2cores_seed0_routes_gate_reuse,9086006478c90aa2b63ffe253f3e72e4b96e2132136026694947e3e406e9f7c1
case_091,3,routes_gate_reuse,3070918,60928832,9186769,2.991538360841937,图表/runs/20260924-A-q1-event-ranking-full100/case_091_3cores_seed0_routes_gate_reuse,db007a127c97c7790ecbcd45695b55a7e39058425a737a6bca13a3760e7be18a
case_091,4,routes_gate_reuse,2315897,69360288,9186769,3.9668296992482825,图表/runs/20260924-A-q1-event-ranking-full100/case_091_4cores_seed0_routes_gate_reuse,29c88574cbf411060618993a74065fc4170adb152179f65e450a9afe0e68b9a7
case_091,5,routes_gate_reuse,1880163,73234432,9186769,4.886155615231233,图表/runs/20260924-A-q1-event-ranking-full100/case_091_5cores_seed0_routes_gate_reuse,90baa43d4343f7fa65951f09814b7d92284a7199fc9c7dc0f8275192ac93cbae
case_092,1,fixed_single,4815554,66000096,4815554,1.0,图表/runs/20260924-A-q1-event-ranking-full100/single/case_092,d3e4b2f932e61e9fe8738bad522705abc4d8f847ff096a2c7b62fe576d7d45ef
case_092,2,routes_gate_reuse,2412929,113053056,4815554,1.9957296712833241,图表/runs/20260924-A-q1-event-ranking-full100/case_092_2cores_seed0_routes_gate_reuse,d3eaec5f437b0c73a1727311ad1812573e38401b3e7457c2dd7ebb1d3dedb653
case_092,3,routes_gate_reuse,2109464,112651936,4815554,2.2828329850616083,图表/runs/20260924-A-q1-event-ranking-full100/case_092_3cores_seed0_routes_gate_reuse,0aa7cbf2c64639bce04007b6ea22510f7bd9a3b339b4e7fea75ab46b3e74391c
case_092,4,routes_gate_reuse,2037129,113053056,4815554,2.3638925173614433,图表/runs/20260924-A-q1-event-ranking-full100/case_092_4cores_seed0_routes_gate_reuse,f08c76deb646f95c687f9ce2d2118ca58c845ebacc3d9417a7b42e5c9338e455
case_092,5,routes_gate_reuse,1661234,66980256,4815554,2.89878126741928,图表/runs/20260924-A-q1-event-ranking-full100/case_092_5cores_seed0_routes_gate_reuse,d1a298abd63d0b3823ad11bdbdeab8eaf4cacc4ff9e97cdad6ffc43f800205f0
case_093,1,fixed_single,74205,0,74205,1.0,图表/runs/20260924-A-q1-event-ranking-full100/single/case_093,ad2a34e38affc9e99fd18697ac450fa718decc9e92804e3ec01fda649c08417b
case_093,2,routes_gate_reuse,37827,8192,74205,1.9616940280751844,图表/runs/20260924-A-q1-event-ranking-full100/case_093_2cores_seed0_routes_gate_reuse,5990b984bb7ce65db2236af3f8fbe8f7b23a32e745990fe0edaa11ab9f971c5f
case_093,3,routes_gate_reuse,25103,16384,74205,2.956021192686133,图表/runs/20260924-A-q1-event-ranking-full100/case_093_3cores_seed0_routes_gate_reuse,1abf5c7b5f865e0541bae8ea7cd03f1a48c3545fc327d07b44e600d001262063
case_093,4,routes_gate_reuse,19779,24576,74205,3.751706355225239,图表/runs/20260924-A-q1-event-ranking-full100/case_093_4cores_seed0_routes_gate_reuse,33bc944c36e1286bc19204313418974287254abc271e0aea2961893b4b0a47d2
case_093,5,routes_gate_reuse,15876,32768,74205,4.674036281179139,图表/runs/20260924-A-q1-event-ranking-full100/case_093_5cores_seed0_routes_gate_reuse,ec584521f6e8be44d4e7a2a423fd3ba314584a475d1fb3ff9a359acec4d97dd2
case_094,1,fixed_single,94892,0,94892,1.0,图表/runs/20260924-A-q1-event-ranking-full100/single/case_094,280082f003820be0026cafe254a608578117a8e4c8ff65e503af5caa61b8b99c
case_094,2,routes_gate_reuse,47498,106272,94892,1.997810434123542,图表/runs/20260924-A-q1-event-ranking-full100/case_094_2cores_seed0_routes_gate_reuse,9a4947e931d4043d94a85d1fe63f4c0ff0ea6cbd2e20547ffd651432d89fddf2
case_094,3,routes_gate_reuse,32728,212544,94892,2.8994133463700806,图表/runs/20260924-A-q1-event-ranking-full100/case_094_3cores_seed0_routes_gate_reuse,3e514128fa551335952fffa8fb2f4eceb663dceb1eeb2242cd1d89ed059929d0
case_094,4,routes_gate_reuse,24495,318552,94892,3.8739334558073075,图表/runs/20260924-A-q1-event-ranking-full100/case_094_4cores_seed0_routes_gate_reuse,0c56017b778513a6ab7e8d088e0811e3baaa54a3755dd2ae9d6c3db2ee59d3e6
case_094,5,routes_gate_reuse,21804,424800,94892,4.3520454962392225,图表/runs/20260924-A-q1-event-ranking-full100/case_094_5cores_seed0_routes_gate_reuse,cb0ea0be63c588ef2295c8137d7beaf583a8a23c84553d4a33efaf4c12d544f3
case_095,1,fixed_single,2084853,0,2084853,1.0,图表/runs/20260924-A-q1-event-ranking-full100/single/case_095,5536b07321a4360ede294800041f0af65233ebb45680181039fd9d0f62ed252f
case_095,2,routes_gate_reuse,1042787,36864,2084853,1.999308583632132,图表/runs/20260924-A-q1-event-ranking-full100/case_095_2cores_seed0_routes_gate_reuse,08b61025469f744daf4821ebdf6541ed1d8c5dd8db55d30e25128f4b6ccce1ca
case_095,3,routes_gate_reuse,695775,0,2084853,2.9964471273040854,图表/runs/20260924-A-q1-event-ranking-full100/case_095_3cores_seed0_routes_gate_reuse,53e07af1f6b8ed4e48770e8ae061cf1e2947a84c742e6b39a3e523e2e6f5673a
case_095,4,routes_gate_reuse,524422,0,2084853,3.9755254356224565,图表/runs/20260924-A-q1-event-ranking-full100/case_095_4cores_seed0_routes_gate_reuse,0307374e1d5bcc1c6f09e3a46ed4141d232327384b83cc6216f03f5b060f3210
case_095,5,routes_gate_reuse,420852,0,2084853,4.953886401870491,图表/runs/20260924-A-q1-event-ranking-full100/case_095_5cores_seed0_routes_gate_reuse,c07260982eca6ef3fed01ee8b1bc7b834810aeff29d688aeaf8b551278d91578
case_096,1,fixed_single,84194,0,84194,1.0,图表/runs/20260924-A-q1-event-ranking-full100/single/case_096,7fc6463acd68589547f57fe748dfa120236065cd32e145552a9325ef194fee3f
case_096,2,routes_gate_reuse,43782,116620,84194,1.9230277282901649,图表/runs/20260924-A-q1-event-ranking-full100/case_096_2cores_seed0_routes_gate_reuse,0768d338bbf6c145802de56e9225be1022946c14ae0199379d725488e7ebd7e1
case_096,3,routes_gate_reuse,34182,661880,84194,2.463109238780645,图表/runs/20260924-A-q1-event-ranking-full100/case_096_3cores_seed0_routes_gate_reuse,2b12b8efb0b515dd3ad4cb9d750e5f0fe9431490f46a1df1e0d333920560bde6
case_096,4,routes_gate_reuse,27087,719200,84194,3.1082807250710673,图表/runs/20260924-A-q1-event-ranking-full100/case_096_4cores_seed0_routes_gate_reuse,b3dd75f0400a9f16f5ca28d390da51f5f2af9e005e4f81650682609fcd2858c3
case_096,5,routes_gate_reuse,27053,661824,84194,3.112187188112224,图表/runs/20260924-A-q1-event-ranking-full100/case_096_5cores_seed0_routes_gate_reuse,115806e99ae0083237eff988da44c86910fe88c0e190e0120ae423e1a887db67
case_097,1,fixed_single,11491509,10584064,11491509,1.0,图表/runs/20260924-A-q1-event-ranking-full100/single/case_097,2d7a3e25e2ae9a4b7ad1f18be6ee9949166814deca818966115bd8329d9dd4af
case_097,2,routes_gate_reuse,5247114,85295104,11491509,2.1900627659319007,图表/runs/20260924-A-q1-event-ranking-full100/case_097_2cores_seed0_routes_gate_reuse,7403c43177ccda82a61ea7b790541774187794be35dca241d10059a4fa29e097
case_097,3,routes_gate_reuse,3509566,85327872,11491509,3.2743390493297464,图表/runs/20260924-A-q1-event-ranking-full100/case_097_3cores_seed0_routes_gate_reuse,e56f3b493430d5114a4ac85e11ae7ed9e2df1889b55b1d67270571d4feb3d8da
case_097,4,routes_gate_reuse,2622226,14221312,11491509,4.382348813565269,图表/runs/20260924-A-q1-event-ranking-full100/case_097_4cores_seed0_routes_gate_reuse,bc78434fcd89b685a47675a61eee231a722afda08a88e7797c3c568cbd08d068
case_097,5,routes_gate_reuse,2101905,22016000,11491509,5.46718762265659,图表/runs/20260924-A-q1-event-ranking-full100/case_097_5cores_seed0_routes_gate_reuse,6241d9bd4ae567b9300f9385a9131c138e2b6aeccb70a4c6ab6ab539a4c8f3ba
case_098,1,fixed_single,177430,0,177430,1.0,图表/runs/20260924-A-q1-event-ranking-full100/single/case_098,9875bd2ba05c56648aac0666823dd9773bf8f4582aad77ffccecb384dee30797
case_098,2,routes_gate_reuse,93465,98340,177430,1.8983576739956134,图表/runs/20260924-A-q1-event-ranking-full100/case_098_2cores_seed0_routes_gate_reuse,adc48822c7a5fdb5a75146e25cb5a805e6dcda0014371cb99badef0a4a444444
case_098,3,routes_gate_reuse,79351,1479456,177430,2.236014669002281,图表/runs/20260924-A-q1-event-ranking-full100/case_098_3cores_seed0_routes_gate_reuse,538e3e821d4dd3fb5c1b2c8e1d5cd809ebd732f7a6aa3b56e4df89d7865b224f
case_098,4,routes_gate_reuse,79805,1479456,177430,2.2232942798070296,图表/runs/20260924-A-q1-event-ranking-full100/case_098_4cores_seed0_routes_gate_reuse,2c7b1a44916aea8cf58f38b72d004ed2ec3c5fae18e026171cca88d146916927
case_098,5,routes_gate_reuse,73104,3282976,177430,2.4270901729043555,图表/runs/20260924-A-q1-event-ranking-full100/case_098_5cores_seed0_routes_gate_reuse,a3a95fb46902034302c52c6d7db22c2cbf53571b9ae0c334671869921d292b63
case_099,1,fixed_single,1622999,5484544,1622999,1.0,图表/runs/20260924-A-q1-event-ranking-full100/single/case_099,fef6ccb2b9a052175c0b03bc9615da7e20e5c1f5e6af9bd1a75ff6c9ee468338
case_099,2,routes_gate_reuse,808380,6221840,1622999,2.007717904945694,图表/runs/20260924-A-q1-event-ranking-full100/case_099_2cores_seed0_routes_gate_reuse,ce0182724d9f2000d725f387dfcca48eff85732af2180649a128b187e1bc0163
case_099,3,routes_gate_reuse,540127,8245256,1622999,3.004847008203626,图表/runs/20260924-A-q1-event-ranking-full100/case_099_3cores_seed0_routes_gate_reuse,eb73ff596294ea0643c21472fa461282be8c04cfecc8d3165f8fd6ed8282b268
case_099,4,routes_gate_reuse,405336,9838592,1622999,4.004083032348471,图表/runs/20260924-A-q1-event-ranking-full100/case_099_4cores_seed0_routes_gate_reuse,f0ca0751db29bdc2022b6065ac00f011589e291221b7ae207004c91e2a7d59df
case_099,5,routes_gate_reuse,334609,10674180,1622999,4.85043438759866,图表/runs/20260924-A-q1-event-ranking-full100/case_099_5cores_seed0_routes_gate_reuse,da67e221a9e857ad0a4ccbd895f2c6a72334f0e3e77262503723807851ce03d1
case_100,1,fixed_single,151223,0,151223,1.0,图表/runs/20260924-A-q1-event-ranking-full100/single/case_100,94b388d2205c1795680508a473e22344ade6bb4fac9a7cab44688c7d0bc4790b
case_100,2,routes_gate_reuse,80622,16896,151223,1.8757039021607005,图表/runs/20260924-A-q1-event-ranking-full100/case_100_2cores_seed0_routes_gate_reuse,bfe139581fd151a84456e7fdde1c1c45445722bd9598dd9a4399d6d894016e26
case_100,3,routes_gate_reuse,58758,698388,151223,2.5736580550733517,图表/runs/20260924-A-q1-event-ranking-full100/case_100_3cores_seed0_routes_gate_reuse,1afd32c5cab285734ee5bfbf1fcdf09ed424d8028ce071febd8f3645c8ef3abd
case_100,4,routes_gate_reuse,58793,534528,151223,2.5721259333594135,图表/runs/20260924-A-q1-event-ranking-full100/case_100_4cores_seed0_routes_gate_reuse,eb7fff1a8b6dd8159beba3f058b04ddb9564869a97376e6b47ed2ead2117d40b
case_100,5,routes_gate_reuse,59649,534528,151223,2.5352143372059883,图表/runs/20260924-A-q1-event-ranking-full100/case_100_5cores_seed0_routes_gate_reuse,11f2b24458f0f591844f01e6cdd5ca3c0e68eddf59ce8c1de57875fa577eaa8e
